{
"type": "FeatureCollection",
"name": "limite_dts_extremosul",
"crs": { "type": "name", "properties": { "name": "urn:ogc:def:crs:OGC:1.3:CRS84" } },
"features": [
{ "type": "Feature", "properties": { "OBJECTID": 6, "COD": 0, "NOME": "Mananciais", "Shape_Leng": 149819.129667, "Shape_Area": 551933049.01699996, "NOMES": "Extremo Sul" }, "geometry": { "type": "MultiLineString", "coordinates": [ [ [ -46.711874745157644, -23.677423666456747 ], [ -46.706871735518483, -23.68241647491126 ], [ -46.703764724175301, -23.684233724639913 ], [ -46.702444665115216, -23.685894108691187 ], [ -46.701720853185407, -23.687547930192295 ], [ -46.700956141462854, -23.697568527122172 ], [ -46.701153018843243, -23.701269592862033 ], [ -46.70058511257718, -23.703470212388755 ], [ -46.698971982386539, -23.705545299512423 ], [ -46.697351703946758, -23.707071776583717 ], [ -46.695886001312971, -23.70900789165076 ], [ -46.69457269767512, -23.711216819515961 ], [ -46.693097655614828, -23.712467328566323 ], [ -46.691019515081138, -23.713175901767343 ], [ -46.688630383488835, -23.712927662261045 ], [ -46.686234608531343, -23.712130782504723 ], [ -46.683823018151202, -23.710099830585644 ], [ -46.679143682979884, -23.705624575867478 ], [ -46.668892816620797, -23.696820383142096 ], [ -46.665587286648467, -23.694798596176522 ], [ -46.660477700535807, -23.691561719690824 ], [ -46.657772194009823, -23.689807814283078 ], [ -46.656258945079401, -23.688040950397571 ], [ -46.654742280895775, -23.685999764494852 ], [ -46.652648775790013, -23.685473598465475 ], [ -46.650113039407593, -23.6853634723056 ], [ -46.64846484658765, -23.684695173393482 ], [ -46.646666083487005, -23.683891443744997 ], [ -46.64473524289599, -23.684460492671818 ], [ -46.635609676999877, -23.690956090999741 ], [ -46.635395525999911, -23.691141688999835 ], [ -46.635031467999909, -23.691284455999835 ], [ -46.634874423999975, -23.691291594999711 ], [ -46.63468168699967, -23.691291594999708 ], [ -46.634360459999989, -23.691291594999711 ], [ -46.634060647999895, -23.691277317999948 ], [ -46.63393215699989, -23.691248763999905 ], [ -46.633718005999754, -23.691255902999945 ], [ -46.633439608999822, -23.691277317999937 ], [ -46.633175488999825, -23.691284455999835 ], [ -46.632982751999862, -23.691284455999835 ], [ -46.632797153999952, -23.691355839999972 ], [ -46.632711493999977, -23.691498607999964 ], [ -46.632575863999932, -23.691734173999929 ], [ -46.632497341999681, -23.69196974099987 ], [ -46.632454511999867, -23.692148200999895 ], [ -46.632425957999885, -23.692312382999891 ], [ -46.632440234999819, -23.692590779999758 ], [ -46.632433096999932, -23.692890591999852 ], [ -46.632311743999935, -23.693097605999924 ], [ -46.632176114999822, -23.693226095999812 ], [ -46.631997654999964, -23.693397417999964 ], [ -46.631911994999655, -23.693597291999879 ], [ -46.631840610999859, -23.693790028999846 ], [ -46.631826333999925, -23.693989902999874 ], [ -46.631819195999867, -23.694261161999915 ], [ -46.631797780999875, -23.694525281999741 ], [ -46.631804918999933, -23.694846508999941 ], [ -46.631869164999841, -23.69523911999978 ], [ -46.631940547999875, -23.695510378999813 ], [ -46.631933409999817, -23.695838744999879 ], [ -46.63189057999972, -23.696217078999837 ], [ -46.631826333999925, -23.69650975299982 ], [ -46.631690704999983, -23.696595412999731 ], [ -46.63140516999988, -23.696695350999903 ], [ -46.631091080999738, -23.696802425999863 ], [ -46.630698469999857, -23.696945193999966 ], [ -46.630412933999885, -23.697066545999963 ], [ -46.630198782999912, -23.697145068999706 ], [ -46.629948939999679, -23.697202175999905 ], [ -46.629806171999917, -23.697302112999918 ], [ -46.62968481899992, -23.697380634999838 ], [ -46.629549189999977, -23.697509125999723 ], [ -46.629320761999907, -23.697723277999774 ], [ -46.629092333999836, -23.697866044999955 ], [ -46.629020949999813, -23.697937428999804 ], [ -46.628956703999904, -23.698151580999763 ], [ -46.62899239599983, -23.698330039999966 ], [ -46.629020949999813, -23.698444253999927 ], [ -46.62905664199991, -23.698651266999704 ], [ -46.629049502999749, -23.698794034999651 ], [ -46.62905664199991, -23.69896535599986 ], [ -46.629142301999877, -23.699122400999883 ], [ -46.629270792999762, -23.699329413999966 ], [ -46.629277931999923, -23.6994507659997 ], [ -46.629227962999948, -23.699607810999908 ], [ -46.629078056999901, -23.699800546999704 ], [ -46.628892458999928, -23.70001469899967 ], [ -46.628735413999891, -23.700171742999945 ], [ -46.628571231999729, -23.700343063999817 ], [ -46.628285695999978, -23.700485831999913 ], [ -46.627900223999973, -23.700657152999945 ], [ -46.627643241999863, -23.700792781999887 ], [ -46.627314875999843, -23.701006933999846 ], [ -46.62710072499965, -23.701242500999793 ], [ -46.62690084999997, -23.701356714999747 ], [ -46.626850880999825, -23.701485205999745 ], [ -46.626872295999817, -23.701649387999737 ], [ -46.626858019999986, -23.701813570999892 ], [ -46.626822327999946, -23.702006307999866 ], [ -46.626786635999849, -23.702134797999918 ], [ -46.626651006999907, -23.702291842999784 ], [ -46.62649396199987, -23.702334672999939 ], [ -46.626294086999849, -23.702327534999881 ], [ -46.626015689999917, -23.702306119999886 ], [ -46.625730154999758, -23.702227596999695 ], [ -46.625473172999875, -23.702156213999729 ], [ -46.625101976999986, -23.701913508999894 ], [ -46.624994901999912, -23.701799293999951 ], [ -46.624809303999939, -23.701635111999966 ], [ -46.624637982999957, -23.701642249999846 ], [ -46.624438107999879, -23.701777878999959 ], [ -46.624231094999971, -23.701906369999843 ], [ -46.624138295999842, -23.702084829999873 ], [ -46.624138295999842, -23.702241873999977 ], [ -46.624088326999868, -23.702584516999817 ], [ -46.624088326999868, -23.702877189999803 ], [ -46.624074049999933, -23.70309847999971 ], [ -46.624066911999883, -23.703312631999786 ], [ -46.624052634999941, -23.703533920999863 ], [ -46.624066911999883, -23.703619581999934 ], [ -46.624138295999842, -23.703762349999753 ], [ -46.624209679999808, -23.703933670999902 ], [ -46.624238232999744, -23.704047884999678 ], [ -46.624181125999826, -23.704183513999965 ], [ -46.624138295999842, -23.704326281999954 ], [ -46.62410974199986, -23.70451187999987 ], [ -46.624131156999795, -23.704711754999707 ], [ -46.624231094999971, -23.704847383999663 ], [ -46.624395277999952, -23.70491162899998 ], [ -46.624559459999944, -23.705075811999908 ], [ -46.62460229099986, -23.705239994999886 ], [ -46.624588013999926, -23.705511253999703 ], [ -46.624388138999905, -23.705732542999787 ], [ -46.624124018999737, -23.705903864999929 ], [ -46.623845621999862, -23.705968109999731 ], [ -46.623667161999833, -23.705996663999887 ], [ -46.623388765999891, -23.706141215999935 ], [ -46.623198606999892, -23.70619947299997 ], [ -46.623043941999811, -23.706211369999885 ], [ -46.622785175999866, -23.706250036999776 ], [ -46.622410409999873, -23.706386855999778 ], [ -46.622133797999822, -23.70653259799991 ], [ -46.622017798999877, -23.706657518999691 ], [ -46.621863133999966, -23.706797312999868 ], [ -46.621782827999709, -23.706883567999736 ], [ -46.6216787259998, -23.706949002999981 ], [ -46.621518706999893, -23.70703644799994 ], [ -46.621440184999869, -23.707107831999732 ], [ -46.621354524999902, -23.707147092999939 ], [ -46.621247448999839, -23.707136385999945 ], [ -46.621111819999896, -23.707097124999905 ], [ -46.620954774999859, -23.707097124999905 ], [ -46.62069779299992, -23.7071185399999 ], [ -46.620562163999978, -23.707147092999939 ], [ -46.620383704999881, -23.707172077999871 ], [ -46.620248074999836, -23.707264876999822 ], [ -46.620019646999936, -23.707382659999897 ], [ -46.619898294999928, -23.707471889999912 ], [ -46.619726972999899, -23.707500442999958 ], [ -46.619566359999908, -23.707518288999836 ], [ -46.61937005399983, -23.707561119999927 ], [ -46.619041688999687, -23.707628933999843 ], [ -46.618913197999802, -23.707653918999711 ], [ -46.618752583999822, -23.707696748999862 ], [ -46.618549139999857, -23.707778839999719 ], [ -46.618434925999907, -23.707893053999836 ], [ -46.618373399999882, -23.707939284999949 ], [ -46.618222777999847, -23.70799767799997 ], [ -46.61811587699998, -23.708028387999939 ], [ -46.618030489999853, -23.708023952999838 ], [ -46.617832165999857, -23.708009257999773 ], [ -46.617787652999823, -23.708017272999818 ], [ -46.617763596999964, -23.708022914999844 ], [ -46.617660146999924, -23.708078213999897 ], [ -46.617392379999899, -23.708267215999733 ], [ -46.61731216499976, -23.708298034999871 ], [ -46.617177675999983, -23.708331912999828 ], [ -46.617141974999868, -23.70835635099991 ], [ -46.617106255999943, -23.708384880999855 ], [ -46.617065929999967, -23.708448621999651 ], [ -46.617044232999945, -23.708523898999836 ], [ -46.617041227999891, -23.708595972999827 ], [ -46.617037394999841, -23.708655756999974 ], [ -46.617027324999981, -23.708717158999669 ], [ -46.617006483999944, -23.708799812999814 ], [ -46.616981235999901, -23.708872624999799 ], [ -46.616851852999851, -23.709149000999837 ], [ -46.616686076999834, -23.709598900999755 ], [ -46.616631427999835, -23.70968059899997 ], [ -46.61657588699984, -23.709764762999896 ], [ -46.616545447999897, -23.709805598999822 ], [ -46.616523959999824, -23.709834186999959 ], [ -46.616502462999733, -23.709866875999925 ], [ -46.616493384999842, -23.709905339999803 ], [ -46.616493302999686, -23.70992254299972 ], [ -46.61650548599988, -23.709982384999865 ], [ -46.616533710999818, -23.710034925999878 ], [ -46.61679214999981, -23.710520071999948 ], [ -46.616806835999853, -23.710615149999736 ], [ -46.616802692999954, -23.710741290999973 ], [ -46.616790709999691, -23.710831347999768 ], [ -46.616798504999963, -23.710878890999705 ], [ -46.616857833999916, -23.710938126999903 ], [ -46.617143307999982, -23.71115630699984 ], [ -46.617339716999879, -23.71139544899966 ], [ -46.617593524999847, -23.711726568999953 ], [ -46.61761394999985, -23.711928983999822 ], [ -46.617686347999722, -23.712243830999846 ], [ -46.617711122999879, -23.712271781999785 ], [ -46.617743910999934, -23.712300579999749 ], [ -46.618136605999837, -23.712614216999953 ], [ -46.618176368999862, -23.712673354999712 ], [ -46.61872309499995, -23.713022972999678 ], [ -46.618796055999958, -23.713116971999796 ], [ -46.618824564999841, -23.713157380999856 ], [ -46.618921729999954, -23.713299013999862 ], [ -46.619007876999888, -23.713383853999854 ], [ -46.619052443999749, -23.71341967099988 ], [ -46.619144662999929, -23.713476796999661 ], [ -46.619484015999952, -23.713686734999957 ], [ -46.619641067999964, -23.713772051999911 ], [ -46.619712350999919, -23.713805619999839 ], [ -46.61976249099979, -23.71382814899993 ], [ -46.619796142999917, -23.713837882999943 ], [ -46.619835570999896, -23.713838788999681 ], [ -46.619975261999912, -23.713831040999814 ], [ -46.620059733999881, -23.713848477999932 ], [ -46.62012038999984, -23.713868810999816 ], [ -46.620148317999679, -23.713889188999925 ], [ -46.62016372599988, -23.713903502999869 ], [ -46.620183084999951, -23.713962943999878 ], [ -46.620199236999895, -23.713995409999825 ], [ -46.620216050999943, -23.71402747199965 ], [ -46.620236216999729, -23.71405220199966 ], [ -46.620264423999856, -23.71407684799982 ], [ -46.620311230999903, -23.714108260999922 ], [ -46.62063999299977, -23.714319589999832 ], [ -46.62074746099978, -23.714403446999757 ], [ -46.620785448999982, -23.714447332999836 ], [ -46.620810437999751, -23.714483832999917 ], [ -46.620862270999858, -23.714550437999829 ], [ -46.620908087999908, -23.71459136999994 ], [ -46.621010028999819, -23.714713662999767 ], [ -46.621151966999832, -23.715029585999957 ], [ -46.621166346999871, -23.715045643999694 ], [ -46.621204024999884, -23.71508109899986 ], [ -46.621247866999795, -23.715111440999969 ], [ -46.621561183999859, -23.715268658999832 ], [ -46.621780087999866, -23.715365993999743 ], [ -46.622180102999835, -23.715527791999868 ], [ -46.622203350999882, -23.71554474099986 ], [ -46.622222501999943, -23.715561173999784 ], [ -46.622265423999863, -23.715602686999937 ], [ -46.622487564999858, -23.715819626999849 ], [ -46.62251747799985, -23.715845762999884 ], [ -46.622749178999925, -23.715972932999932 ], [ -46.622881619999703, -23.715998967999958 ], [ -46.622989981999865, -23.716033607999979 ], [ -46.623060173999704, -23.716054029999896 ], [ -46.623169024999925, -23.716057654999929 ], [ -46.623208948999945, -23.716061353999976 ], [ -46.623371403999727, -23.716076408999808 ], [ -46.623514461999662, -23.716109158999924 ], [ -46.623677184999963, -23.716160936999696 ], [ -46.62400500599972, -23.716215531999755 ], [ -46.624351532999988, -23.716288459999927 ], [ -46.624828421999666, -23.716360477999839 ], [ -46.624999243999923, -23.716370024999829 ], [ -46.62500906799994, -23.716370571999793 ], [ -46.625143861999902, -23.716368776999733 ], [ -46.625202599999966, -23.716370290999862 ], [ -46.625243284999954, -23.716373718999876 ], [ -46.625316573999896, -23.716397068999864 ], [ -46.625472113999884, -23.716445325999757 ], [ -46.6256924569999, -23.71648434999997 ], [ -46.625917298999866, -23.716485932999827 ], [ -46.626213307999933, -23.716446618999953 ], [ -46.626521004999972, -23.716411786999917 ], [ -46.626784335999673, -23.71640739299983 ], [ -46.626933395999913, -23.71639573799985 ], [ -46.626973391999684, -23.716392617999929 ], [ -46.627144193999754, -23.716343683999973 ], [ -46.627428110999915, -23.71622701599966 ], [ -46.627486434999923, -23.716204720999936 ], [ -46.627535222999882, -23.716191664999826 ], [ -46.627596677999918, -23.716184570999872 ], [ -46.627642280999851, -23.716185164999722 ], [ -46.62768454899998, -23.716188874999943 ], [ -46.627727003999837, -23.716202893999696 ], [ -46.627805293999927, -23.716231715999694 ], [ -46.627846806999742, -23.716257520999758 ], [ -46.627882618999934, -23.716296596999705 ], [ -46.627933088999839, -23.716375548999853 ], [ -46.627988613999662, -23.716518046999735 ], [ -46.628000770999847, -23.716690628999739 ], [ -46.628001906999941, -23.716866668999891 ], [ -46.62799742199968, -23.717001508999768 ], [ -46.627998525999772, -23.717080149999735 ], [ -46.628000891999768, -23.717128516999711 ], [ -46.628023429999701, -23.717190136999932 ], [ -46.628064078106092, -23.717260498859563 ], [ -46.628072994999968, -23.717275933999929 ], [ -46.628106032999938, -23.717317494999801 ], [ -46.628141627999867, -23.717346106999798 ], [ -46.628200831999891, -23.717367823999897 ], [ -46.628330868999797, -23.71739905399971 ], [ -46.628443035999851, -23.717444504999833 ], [ -46.628580179999915, -23.71753305499988 ], [ -46.628798671999959, -23.717688925999649 ], [ -46.628921281999737, -23.717764147999905 ], [ -46.629222484999957, -23.718040872999893 ], [ -46.629422069999862, -23.718301817999645 ], [ -46.629460423999831, -23.718354267999704 ], [ -46.629487322999921, -23.718436871999874 ], [ -46.629503552999836, -23.718517221999939 ], [ -46.629503105999902, -23.718571181999895 ], [ -46.629494227999714, -23.718636517999865 ], [ -46.629625173999955, -23.71896218799974 ], [ -46.630101065999902, -23.719319106999709 ], [ -46.631588229999863, -23.720300634999713 ], [ -46.632837446999815, -23.721460621999761 ], [ -46.634205636999866, -23.722680095999863 ], [ -46.635068190999846, -23.723721109999932 ], [ -46.63536562399986, -23.724613407999865 ], [ -46.635901002999901, -23.725267759999834 ], [ -46.637001502999858, -23.72586262499993 ], [ -46.638399436999862, -23.726398003999915 ], [ -46.640184031999922, -23.727201071999843 ], [ -46.642741952999984, -23.728123112999917 ], [ -46.645299873999875, -23.728955923999816 ], [ -46.647976766999761, -23.7299077089998 ], [ -46.650534687999937, -23.73032411399987 ], [ -46.652497742999913, -23.730532316999867 ], [ -46.654189301999907, -23.730524940999711 ], [ -46.6527796499999, -23.733155217999983 ], [ -46.651066437999873, -23.735629856999935 ], [ -46.648782155999982, -23.738485210999833 ], [ -46.647640013999876, -23.741530920999757 ], [ -46.647164121999943, -23.744386273999851 ], [ -46.646878586999946, -23.749335552999923 ], [ -46.646878586999946, -23.752000548999884 ], [ -46.646212337999884, -23.755522150999752 ], [ -46.644689482999922, -23.757806433999864 ], [ -46.642595556999879, -23.760471429999832 ], [ -46.639645024999822, -23.763041247999801 ], [ -46.634505389999902, -23.76922784699974 ], [ -46.631364500999894, -23.773130162999792 ], [ -46.628509147999921, -23.776556586999959 ], [ -46.6245116529999, -23.78131550899996 ], [ -46.621545258999966, -23.784630890999836 ], [ -46.621584915999961, -23.788239739999767 ], [ -46.622346343999823, -23.791380628999821 ], [ -46.62329812799976, -23.795187765999973 ], [ -46.62329812799976, -23.797852762999874 ], [ -46.62244152199986, -23.79994668799992 ], [ -46.622060808999898, -23.802230970999908 ], [ -46.62291741499979, -23.803849003999851 ], [ -46.624059555999793, -23.806038108999878 ], [ -46.624154733999944, -23.808703104999775 ], [ -46.623488484999882, -23.811748814999874 ], [ -46.623774019999985, -23.814128275999845 ], [ -46.625677588999849, -23.818316126999779 ], [ -46.628152228999852, -23.822884691999949 ], [ -46.631102759999919, -23.827072543999972 ], [ -46.635005075999857, -23.831355573999694 ], [ -46.634723506999819, -23.83423372999982 ], [ -46.634247614999879, -23.836280065999862 ], [ -46.633866900999919, -23.838040867999776 ], [ -46.633438597999827, -23.840943809999711 ], [ -46.633200651999857, -23.843894341999768 ], [ -46.633295829999724, -23.844988893999929 ], [ -46.633248240999876, -23.846131034999935 ], [ -46.632962705999887, -23.847082818999979 ], [ -46.632772348999936, -23.848082192999982 ], [ -46.632772348999936, -23.84922433399981 ], [ -46.632629580999946, -23.850509242999973 ], [ -46.632391634999976, -23.851365848999702 ], [ -46.631915742999865, -23.852032097999761 ], [ -46.631106725999985, -23.852983882999915 ], [ -46.630297708999819, -23.853792898999806 ], [ -46.628774853999857, -23.854649504999877 ], [ -46.627823069999977, -23.855172986999946 ], [ -46.626347803999863, -23.855744057999857 ], [ -46.624872537999927, -23.856172359999793 ], [ -46.623825574999898, -23.857076555999981 ], [ -46.622445487999926, -23.858123518999836 ], [ -46.621160578999934, -23.858980123999913 ], [ -46.619494955999869, -23.85997949799992 ], [ -46.617972100999907, -23.860598157999839 ], [ -46.617067905999875, -23.86107404999979 ], [ -46.616449245999831, -23.861692709999829 ], [ -46.616211299999861, -23.862692083999832 ], [ -46.616354067999964, -23.864214938999964 ], [ -46.616496835999953, -23.865595025999941 ], [ -46.616620567999973, -23.866451631999787 ], [ -46.616806164999787, -23.867236853999884 ], [ -46.61692037999984, -23.867993522999882 ], [ -46.616906102999792, -23.868393271999825 ], [ -46.616934655999955, -23.86920704799984 ], [ -46.616963209999824, -23.869535412999824 ], [ -46.616963209999824, -23.869906608999717 ], [ -46.617006039999922, -23.870120760999953 ], [ -46.617148807999911, -23.870192144999805 ], [ -46.61717736099996, -23.870292081999825 ], [ -46.617148807999911, -23.870434849999814 ], [ -46.617061895999825, -23.87055064499998 ], [ -46.617011543999922, -23.87058872099994 ], [ -46.616995855999846, -23.870599242999845 ], [ -46.616980148999971, -23.870612256999834 ], [ -46.616972589999818, -23.870626576999712 ], [ -46.616973174999941, -23.870639682999979 ], [ -46.616978496999934, -23.8706546979999 ], [ -46.616981085999782, -23.870673443999745 ], [ -46.61697621799982, -23.870690263999901 ], [ -46.616967932999955, -23.870710198999859 ], [ -46.616958352999859, -23.870720746999769 ], [ -46.616936517999932, -23.870736850999943 ], [ -46.616916102999824, -23.870745472999936 ], [ -46.616899810999826, -23.870745372999746 ], [ -46.616878732999851, -23.870749621999835 ], [ -46.616852820999839, -23.8707663289997 ], [ -46.61682545899987, -23.870796748999741 ], [ -46.616800159999919, -23.870824068999863 ], [ -46.616793209999969, -23.870847122999923 ], [ -46.616790338999806, -23.870868960999758 ], [ -46.61679499499985, -23.870883341999736 ], [ -46.61680441499982, -23.870894638999857 ], [ -46.616817941999791, -23.870902207999848 ], [ -46.61683079099987, -23.870909775999841 ], [ -46.616840225999852, -23.870919193999839 ], [ -46.616847578999852, -23.870934837999979 ], [ -46.616847461999846, -23.87095232199983 ], [ -46.616845264999824, -23.870975397999864 ], [ -46.616847220999716, -23.870986646999825 ], [ -46.616874111999721, -23.871024263999914 ], [ -46.61689566099983, -23.871049980999832 ], [ -46.616903013999718, -23.871065633999873 ], [ -46.616904098999896, -23.871105588999793 ], [ -46.616897882999922, -23.871120535999982 ], [ -46.616888277999927, -23.871135463999956 ], [ -46.616868467999893, -23.871154074999815 ], [ -46.616822747999834, -23.871188760999924 ], [ -46.616802249999921, -23.871207370999969 ], [ -46.61678250499989, -23.871215370999831 ], [ -46.616762145999871, -23.871215873999795 ], [ -46.616741161999926, -23.871206386999969 ], [ -46.616693111999957, -23.871185507999947 ], [ -46.616642408999837, -23.871155871999978 ], [ -46.616586991999952, -23.87112058699989 ], [ -46.616545238999777, -23.871072271999704 ], [ -46.616531074999955, -23.871058460999894 ], [ -46.616519586999971, -23.871052142999812 ], [ -46.616503940999735, -23.871055801999944 ], [ -46.61649231999985, -23.871068845999954 ], [ -46.616482025999971, -23.871084385999833 ], [ -46.616473755999841, -23.871102442999817 ], [ -46.616468889999965, -23.87111863899975 ], [ -46.616468741999938, -23.871139870999968 ], [ -46.616470693999929, -23.871152365999766 ], [ -46.616471935999755, -23.871168597999766 ], [ -46.616471836999835, -23.871183578999698 ], [ -46.616471710999917, -23.871201062999891 ], [ -46.616465491999861, -23.87121663299985 ], [ -46.61644703699983, -23.871235247999785 ], [ -46.61643337299995, -23.871248276999896 ], [ -46.616423132999898, -23.871256330999923 ], [ -46.616395942999873, -23.871261790999938 ], [ -46.616366061999884, -23.871264108999867 ], [ -46.616303522999942, -23.871276856999941 ], [ -46.616237532999719, -23.871297072999941 ], [ -46.61619307099977, -23.871346120999817 ], [ -46.616148493999845, -23.871412029999927 ], [ -46.616126994999831, -23.871478074999796 ], [ -46.616119916999878, -23.871518612999868 ], [ -46.61611970999985, -23.871548567999859 ], [ -46.616130960999783, -23.871591088999828 ], [ -46.61612614899974, -23.871599798999849 ], [ -46.616114517999847, -23.871612834999947 ], [ -46.616081747999829, -23.871639491999929 ], [ -46.616063915999746, -23.871665603999869 ], [ -46.616048087999957, -23.87169734899976 ], [ -46.616033720999837, -23.871712244999909 ], [ -46.616019435999711, -23.871717153999946 ], [ -46.615999061999901, -23.87171890299993 ], [ -46.615982738999776, -23.87172255999997 ], [ -46.61596434199987, -23.87173243299997 ], [ -46.615954079999824, -23.871744234999873 ], [ -46.615951222999854, -23.871764816999818 ], [ -46.615953719999879, -23.871796666999952 ], [ -46.615951951999818, -23.871855958999898 ], [ -46.61594223599991, -23.871886491999938 ], [ -46.615934647999893, -23.871903303999829 ], [ -46.615920943999924, -23.871922572999896 ], [ -46.615881351999917, -23.871954178999943 ], [ -46.615815173999863, -23.872001233999917 ], [ -46.615783787999931, -23.872024769999829 ], [ -46.615773509999883, -23.872038440999798 ], [ -46.615769355999817, -23.872050277999907 ], [ -46.615771269999875, -23.872068389999974 ], [ -46.615783296999894, -23.872095931999866 ], [ -46.615802692999921, -23.872137247999721 ], [ -46.61582824899989, -23.872171726999905 ], [ -46.615854570999829, -23.872194350999735 ], [ -46.615877496999872, -23.872216341999767 ], [ -46.615890281999953, -23.872231395999961 ], [ -46.615897662999942, -23.872244547999799 ], [ -46.615903621999905, -23.872265804999873 ], [ -46.615902099999857, -23.87228951599996 ], [ -46.61589717399972, -23.872315085999954 ], [ -46.615882628999941, -23.872356821999851 ], [ -46.61587488999993, -23.872395479999852 ], [ -46.615875823999829, -23.872457288999723 ], [ -46.615877651999881, -23.872486635999845 ], [ -46.615879551999853, -23.872506002999785 ], [ -46.615874755999812, -23.872512834999899 ], [ -46.615869960999873, -23.872519675999737 ], [ -46.615861091999932, -23.872525863999893 ], [ -46.615806673999884, -23.872541777999977 ], [ -46.615776753999967, -23.872549712999838 ], [ -46.615754281999898, -23.872559574999848 ], [ -46.615727693999816, -23.872575647999838 ], [ -46.615692871999954, -23.872604782999705 ], [ -46.615649120999713, -23.872649470999821 ], [ -46.615621046999877, -23.872684259999851 ], [ -46.615614172999926, -23.872696080999951 ], [ -46.615607308999984, -23.872707900999952 ], [ -46.615598839999905, -23.872753428999712 ], [ -46.615607444999917, -23.872980695999949 ], [ -46.615609981999853, -23.873006304999706 ], [ -46.615613903999815, -23.873028802999951 ], [ -46.615623226999787, -23.873054449999749 ], [ -46.615633970999966, -23.873072 ], [ -46.615644013999827, -23.873090784999928 ], [ -46.615658083999847, -23.873118331999819 ], [ -46.61568566699998, -23.873154695999965 ], [ -46.615712581999901, -23.873187940999966 ], [ -46.615732795999982, -23.873210529999881 ], [ -46.61574956499976, -23.873351880999845 ], [ -46.615722765999863, -23.87344432299977 ], [ -46.615693324999825, -23.873534326999845 ], [ -46.615695867999875, -23.873565976999714 ], [ -46.615714281999772, -23.873600124999882 ], [ -46.61573273099998, -23.87362451999984 ], [ -46.615793624999867, -23.873624702999962 ], [ -46.615838665999945, -23.873615100999867 ], [ -46.615894346999937, -23.873590920999735 ], [ -46.615931505999981, -23.873564243999844 ], [ -46.615955356999734, -23.873559441999706 ], [ -46.615968567999857, -23.87356678999987 ], [ -46.615981687999977, -23.873600911999851 ], [ -46.61598421299982, -23.87363500999993 ], [ -46.615936231999854, -23.873727384999931 ], [ -46.61585390599987, -23.873800181999911 ], [ -46.615795572999851, -23.873824353999968 ], [ -46.615731964999725, -23.873841211999778 ], [ -46.615655164999851, -23.873848284999895 ], [ -46.615620646999844, -23.873874969999974 ], [ -46.615609961999951, -23.87390414999982 ], [ -46.615641665999824, -23.873921289999718 ], [ -46.615710503999821, -23.873921497999728 ], [ -46.615758186999869, -23.873914332999853 ], [ -46.615811126999972, -23.873916919999886 ], [ -46.615832227999761, -23.873941331999962 ], [ -46.615847971999926, -23.873980338999893 ], [ -46.615863355999863, -23.87412402499978 ], [ -46.615881742999875, -23.874165468999934 ], [ -46.615910814999786, -23.874182600999855 ], [ -46.615934646999904, -23.874180237999838 ], [ -46.61596118499989, -23.874163271999748 ], [ -46.615971896999952, -23.874126786999856 ], [ -46.615966703999902, -23.874099985999859 ], [ -46.615964430999952, -23.873992850999798 ], [ -46.61597508899996, -23.873973404999784 ], [ -46.616001590999929, -23.873966182999876 ], [ -46.616030680999927, -23.873976008999815 ], [ -46.616080797999928, -23.874027287999862 ], [ -46.61610158399975, -23.874141777999853 ], [ -46.616106624999816, -23.874214831999783 ], [ -46.61616969299979, -23.87434893399984 ], [ -46.616217295999832, -23.874366113999937 ], [ -46.616264960999956, -23.87436381699974 ], [ -46.616304717999867, -23.87435175999974 ], [ -46.61635239199984, -23.874347032999754 ], [ -46.616416008999863, -23.874325306999935 ], [ -46.616450373999839, -23.874340016999891 ], [ -46.616463565999879, -23.874352230999932 ], [ -46.616468750999843, -23.874383898999895 ], [ -46.616452754999955, -23.874415500999934 ], [ -46.616423574999942, -23.874432458999827 ], [ -46.616397036999956, -23.874449424999742 ], [ -46.61638100499988, -23.874490769999852 ], [ -46.616380959999958, -23.874505380999718 ], [ -46.616407317999915, -23.874539544999895 ], [ -46.616449554999861, -23.874573748999975 ], [ -46.616467959999966, -23.874610325999981 ], [ -46.616470466999829, -23.874651719999861 ], [ -46.616457148999871, -23.874673594999873 ], [ -46.616433288999872, -23.874683263999888 ], [ -46.61638566899984, -23.874673388999955 ], [ -46.616351329999816, -23.874648934999978 ], [ -46.616330291999759, -23.874607482999917 ], [ -46.616272220999747, -23.874558616999874 ], [ -46.616243139999938, -23.874546361999936 ], [ -46.616206033999958, -23.874555988999759 ], [ -46.616195356999981, -23.874580301999963 ], [ -46.616195230999892, -23.874616819999964 ], [ -46.61620829799989, -23.874665552999826 ], [ -46.616258470999874, -23.874704658999807 ], [ -46.616298029999939, -23.874748598999872 ], [ -46.616361367999843, -23.87480722499993 ], [ -46.616411557999925, -23.874839024999968 ], [ -46.61642463499993, -23.874887757999829 ], [ -46.616416545999982, -23.874929118999891 ], [ -46.616379286999916, -23.874982579999713 ], [ -46.616356775999918, -23.8749861669998 ], [ -46.616334253999923, -23.874989743999826 ], [ -46.616270744999895, -23.874979818999741 ], [ -46.616220545999738, -23.874950456999954 ], [ -46.616143780999778, -23.874945356999891 ], [ -46.616104059999891, -23.874947679999817 ], [ -46.616088107999985, -23.874964669999713 ], [ -46.61607237599992, -23.87500336699981 ], [ -46.616034233999869, -23.875026892999983 ], [ -46.615965791999827, -23.875034871999848 ], [ -46.615915678999848, -23.875028290999921 ], [ -46.615894414999843, -23.875003428999712 ], [ -46.615889428999878, -23.874995733999974 ], [ -46.61587900599983, -23.874949446999725 ], [ -46.615860645999817, -23.874898258999902 ], [ -46.61583438699995, -23.874837319999923 ], [ -46.615808083999923, -23.874788545999703 ], [ -46.615784286999883, -23.874778735999882 ], [ -46.615765773999954, -23.874771371999877 ], [ -46.615747206999743, -23.874781057999879 ], [ -46.615736485999832, -23.874819980999913 ], [ -46.615733600999874, -23.874888142999957 ], [ -46.615754547999813, -23.874953949999732 ], [ -46.615783547999918, -23.874990551999815 ], [ -46.615799390999825, -23.875003460999725 ], [ -46.615821879999885, -23.875017843999782 ], [ -46.615842745999828, -23.875040741999726 ], [ -46.615864689999967, -23.875124309999876 ], [ -46.615875603999825, -23.875183991999844 ], [ -46.615875469999878, -23.875221476999915 ], [ -46.615849485999945, -23.875231628999877 ], [ -46.615812432999917, -23.875229813999738 ], [ -46.615775348999762, -23.875236515999916 ], [ -46.615736187999914, -23.875304569999848 ], [ -46.615713861999836, -23.875331767999796 ], [ -46.615704482999945, -23.875364121999716 ], [ -46.615719207999916, -23.87539142799994 ], [ -46.615748769999868, -23.875417078999931 ], [ -46.615828363999981, -23.875442871999777 ], [ -46.615839418999826, -23.8754616559998 ], [ -46.615831919999835, -23.875487190999873 ], [ -46.615798458999905, -23.875516058999949 ], [ -46.615731632999882, -23.875548238999958 ], [ -46.615501679999852, -23.875595278999754 ], [ -46.615879458412934, -23.875976225156517 ], [ -46.615864458465211, -23.876128228480663 ], [ -46.616033467984686, -23.876260230523844 ], [ -46.61603946863675, -23.876322231823551 ], [ -46.615984466157762, -23.876392233577327 ], [ -46.61583645990158, -23.876656239916112 ], [ -46.615747456940895, -23.876961246859345 ], [ -46.615778459157248, -23.877071249071026 ], [ -46.615861463690969, -23.877110249521433 ], [ -46.615931467690579, -23.877175250588802 ], [ -46.615971470106828, -23.877236251709594 ], [ -46.616069475377437, -23.877267251919154 ], [ -46.616159480357723, -23.877321252658277 ], [ -46.616189482083584, -23.877351253161596 ], [ -46.616232484568286, -23.877396253925863 ], [ -46.616285487639232, -23.877453254900743 ], [ -46.616355491463487, -23.877486255282889 ], [ -46.616297488954402, -23.87757925754309 ], [ -46.616217485163276, -23.877647259369912 ], [ -46.616239486878364, -23.87775126149484 ], [ -46.616272488815191, -23.877791262198375 ], [ -46.616325491847803, -23.877841263023363 ], [ -46.616469499545524, -23.877878263148169 ], [ -46.61644849863341, -23.87791126395215 ], [ -46.616432498036303, -23.877954264947025 ], [ -46.616429498126834, -23.877999265924508 ], [ -46.616518503203089, -23.878080267246386 ], [ -46.616580506709631, -23.87813126805105 ], [ -46.61663550978605, -23.878170268631202 ], [ -46.616598508167215, -23.878226270001825 ], [ -46.616555506016837, -23.87824227054374 ], [ -46.616497503491374, -23.878332272739716 ], [ -46.616488503390201, -23.878399274216072 ], [ -46.616515505168216, -23.878467275546985 ], [ -46.616555507633848, -23.878537276860445 ], [ -46.616703515907076, -23.878641278401357 ], [ -46.616832522511679, -23.878621277375139 ], [ -46.616949528184733, -23.878545275205429 ], [ -46.617136539271719, -23.878792279627543 ], [ -46.61702853377659, -23.878815280620667 ], [ -46.61696153056343, -23.878865282001886 ], [ -46.616967531275897, -23.878938283537163 ], [ -46.617028534560461, -23.878958283682667 ], [ -46.617127539850294, -23.878983283759066 ], [ -46.617240545764673, -23.878989283363719 ], [ -46.61734155136692, -23.879052284244537 ], [ -46.617250546822376, -23.879087285415832 ], [ -46.617182543754524, -23.879173287572542 ], [ -46.617213546228683, -23.879330290790641 ], [ -46.617170544423644, -23.879409292681572 ], [ -46.617071539484648, -23.879448293975589 ], [ -46.616954534655783, -23.879678299442919 ], [ -46.617010539357636, -23.880004306163961 ], [ -46.616875534178504, -23.880341314005985 ], [ -46.616899537308036, -23.88068432123945 ], [ -46.616862537262612, -23.881027328755703 ], [ -46.616911541907285, -23.881409336708476 ], [ -46.61701654935716, -23.881771343973348 ], [ -46.617090554256016, -23.881962347720268 ], [ -46.617053553317064, -23.88214235174625 ], [ -46.617084556010674, -23.882339355821006 ], [ -46.617176561692958, -23.882502358884928 ], [ -46.617311570874492, -23.882895366674621 ], [ -46.617324572565501, -23.88308037057589 ], [ -46.617287571626598, -23.883260374601921 ], [ -46.617342575525662, -23.883449378394118 ], [ -46.617434581421918, -23.883651382293198 ], [ -46.61752658704399, -23.883803385121553 ], [ -46.617643594301846, -23.88401638914026 ], [ -46.617729599671982, -23.884179392231978 ], [ -46.617766602705551, -23.884381396386086 ], [ -46.61777260394458, -23.884550399977218 ], [ -46.617815606906625, -23.884682402604504 ], [ -46.617920613112254, -23.884817405008569 ], [ -46.618006618142459, -23.884918406772623 ], [ -46.618067621931736, -23.885030408888145 ], [ -46.618098624192434, -23.885148411271295 ], [ -46.618086624280743, -23.885278414110779 ], [ -46.61801862212328, -23.885530419822494 ], [ -46.617963620620543, -23.885778425388306 ], [ -46.617981622445889, -23.885940428773999 ], [ -46.618024625517677, -23.886092431829582 ], [ -46.618061628463657, -23.886278435641117 ], [ -46.618061629385046, -23.886446439238778 ], [ -46.618012627607818, -23.886587442485457 ], [ -46.617907622838942, -23.886714445692032 ], [ -46.617704613654588, -23.886966452029895 ], [ -46.617655611817057, -23.887096455041053 ], [ -46.617686614565926, -23.887303459330159 ], [ -46.617747618327918, -23.887410461338675 ], [ -46.617833623484451, -23.887534463595323 ], [ -46.617907628169924, -23.887686466507208 ], [ -46.617926632455294, -23.888287479289566 ], [ -46.617901632602006, -23.888551485059104 ], [ -46.617840631132665, -23.88886249200214 ], [ -46.617692625189605, -23.889183499562826 ], [ -46.617655624157756, -23.889346503225131 ], [ -46.617668626035666, -23.889565507854854 ], [ -46.617655625913009, -23.889666510078101 ], [ -46.617471618123474, -23.889992517912937 ], [ -46.617176606832473, -23.890733535150158 ], [ -46.616900596119009, -23.891399550693244 ], [ -46.616537582122071, -23.892292571501546 ], [ -46.616752596703819, -23.89291058373982 ], [ -46.616470584696138, -23.893397595477637 ], [ -46.616248576711371, -23.894048610449683 ], [ -46.616144574133941, -23.894565622004674 ], [ -46.616064570830858, -23.894722625738233 ], [ -46.616027569431488, -23.894818627965886 ], [ -46.615720555699873, -23.895228638170892 ], [ -46.615524548009681, -23.895686648889143 ], [ -46.615432546117276, -23.896214660624405 ], [ -46.615493550280227, -23.896394664196691 ], [ -46.615634558454033, -23.896546666798208 ], [ -46.615726564537965, -23.896782671426102 ], [ -46.615886574095896, -23.897006675481585 ], [ -46.615874575002046, -23.897285681512837 ], [ -46.615616564254609, -23.897774693183003 ], [ -46.61556756410711, -23.898212702791469 ], [ -46.61554256370006, -23.898375706398618 ], [ -46.615616570125681, -23.898844716100587 ], [ -46.615582571445053, -23.899407728316984 ], [ -46.615502569233996, -23.899763736313101 ], [ -46.61542856575489, -23.899831738112852 ], [ -46.615428565782338, -23.899836738219978 ], [ -46.613729484354693, -23.901115773495906 ], [ -46.613821490866968, -23.901429779794885 ], [ -46.613982502282859, -23.901982790893104 ], [ -46.612846446541006, -23.902601809421313 ], [ -46.611326371954355, -23.903429834207341 ], [ -46.609454283068274, -23.904991876348824 ], [ -46.609287276788251, -23.905431886548708 ], [ -46.609998316393195, -23.905903893362151 ], [ -46.611462402213654, -23.907653924059236 ], [ -46.612531461418008, -23.908300932959879 ], [ -46.612599470013478, -23.909221952373848 ], [ -46.61213645048133, -23.910054972366503 ], [ -46.611592427676115, -23.911059996419898 ], [ -46.611784441234704, -23.911709009432396 ], [ -46.61177844370004, -23.912215020300156 ], [ -46.611753450292866, -23.913653051222536 ], [ -46.611543443015918, -23.91431906646493 ], [ -46.609677346951486, -23.914517079364604 ], [ -46.60837428320643, -23.915263101392036 ], [ -46.609221338455129, -23.917294140975603 ], [ -46.609752371960219, -23.918361161372076 ], [ -46.609733378433098, -23.919720190576985 ], [ -46.608998345215944, -23.920640213699144 ], [ -46.608992346655214, -23.920959220561802 ], [ -46.608974351582702, -23.922027243528227 ], [ -46.609233372092135, -23.923306269730471 ], [ -46.6103214339213, -23.924249284885988 ], [ -46.610753458710704, -23.924667291837089 ], [ -46.610636455799202, -23.925246304786192 ], [ -46.609666410252856, -23.92614932863707 ], [ -46.609493405386672, -23.926903345596209 ], [ -46.609425403614779, -23.927225352811487 ], [ -46.60919039683877, -23.928219375201333 ], [ -46.609907432392866, -23.92789536493056 ], [ -46.610778475635676, -23.927511352659174 ], [ -46.611952533907775, -23.926991336066937 ], [ -46.611835532826476, -23.927903356151603 ], [ -46.611767532516531, -23.928491369066549 ], [ -46.611631531578098, -23.929609393653958 ], [ -46.611989551488449, -23.929840396941586 ], [ -46.612224564329338, -23.929950398207506 ], [ -46.61313961408348, -23.930334402187093 ], [ -46.613639645460488, -23.931306420693009 ], [ -46.615425736610405, -23.930970405198902 ], [ -46.616581795774735, -23.930783395822871 ], [ -46.616587802997316, -23.932040422729116 ], [ -46.616717815978838, -23.93317044633848 ], [ -46.616822827670113, -23.934302470107113 ], [ -46.616470814278728, -23.935200490984904 ], [ -46.61585878761263, -23.936146514099384 ], [ -46.61543876934951, -23.936802530107819 ], [ -46.613801688033043, -23.93751655301261 ], [ -46.612590627705373, -23.938013569288113 ], [ -46.611626576434873, -23.937818569586639 ], [ -46.61131756003094, -23.937761569800212 ], [ -46.610062490798335, -23.937055560498781 ], [ -46.60878342389978, -23.937001565280578 ], [ -46.607813379087439, -23.938038592007896 ], [ -46.607368362212661, -23.93918461863397 ], [ -46.607677382711699, -23.939986634387026 ], [ -46.608919455661663, -23.941491660873741 ], [ -46.60860444318854, -23.942206677660245 ], [ -46.607467395885564, -23.944372729362691 ], [ -46.607751416761502, -23.945479751769721 ], [ -46.607819424662829, -23.946272768450186 ], [ -46.60786242876609, -23.946611775516281 ], [ -46.607906437980319, -23.947870802296393 ], [ -46.607726432504947, -23.948579818328902 ], [ -46.60870348369334, -23.94863581499088 ], [ -46.608839491320396, -23.948734816480986 ], [ -46.609957553547638, -23.949462826890731 ], [ -46.61092860616715, -23.949835830374059 ], [ -46.611459635811954, -23.950197835665715 ], [ -46.611280629763058, -23.950792849250401 ], [ -46.610340586618122, -23.951848876252324 ], [ -46.609160529251646, -23.952591897660728 ], [ -46.607949472008052, -23.95365092598664 ], [ -46.607288442984384, -23.954632950107044 ], [ -46.607350452352328, -23.955748973741109 ], [ -46.607207448507857, -23.956403988445981 ], [ -46.60649141490304, -23.957074006134846 ], [ -46.608116506110719, -23.958269024200611 ], [ -46.60898255459778, -23.958884033359556 ], [ -46.609730598078706, -23.959706047503907 ], [ -46.610150623403868, -23.960333058992479 ], [ -46.610441640860408, -23.960751066600356 ], [ -46.609421588159805, -23.960828072991927 ], [ -46.608512543672482, -23.961347088342446 ], [ -46.608314166999889, -23.962060357999803 ], [ -46.608349858999816, -23.962298303999777 ], [ -46.608361755999852, -23.962512455999729 ], [ -46.608314166999889, -23.962714709999947 ], [ -46.608183295999709, -23.962940758999814 ], [ -46.608135706999867, -23.963107320999931 ], [ -46.608123809999888, -23.963119217999857 ], [ -46.608088117999841, -23.963250088999931 ], [ -46.608242782999874, -23.963392855999924 ], [ -46.608433139999875, -23.963535623999736 ], [ -46.608587804999786, -23.963749774999886 ], [ -46.608694879999859, -23.963916337999827 ], [ -46.608813852999845, -23.964047207999894 ], [ -46.609016107999878, -23.964130488999782 ], [ -46.609242155999937, -23.964201872999979 ], [ -46.609396820999848, -23.964225667999749 ], [ -46.609551485999759, -23.964261359999849 ], [ -46.609741842999881, -23.964273256999945 ], [ -46.610015480999891, -23.964308948999872 ], [ -46.610241529999939, -23.964380332999841 ], [ -46.610431886999777, -23.964582586999711 ], [ -46.610455681999895, -23.964784840999805 ], [ -46.610417292999841, -23.964963538999939 ], [ -46.610360502999924, -23.965153656999856 ], [ -46.610255631999848, -23.965368201999876 ], [ -46.610177109999938, -23.965560937999896 ], [ -46.610148556999889, -23.96574653599998 ], [ -46.610205663999977, -23.965846472999832 ], [ -46.610319877999927, -23.965896441999863 ], [ -46.61041981499995, -23.96589644199986 ], [ -46.61056972099982, -23.965875026999868 ], [ -46.610798148999891, -23.96589644199986 ], [ -46.611026577999894, -23.965953548999881 ], [ -46.611205036999706, -23.966060624999962 ], [ -46.611353753999936, -23.966252170999891 ], [ -46.611437034999824, -23.96631760599973 ], [ -46.611532212999975, -23.966400887999953 ], [ -46.611597647999872, -23.966531757999856 ], [ -46.611663082999769, -23.966698319999846 ], [ -46.611698774999979, -23.96682919099975 ], [ -46.611710672999898, -23.96697790699983 ], [ -46.611669031999838, -23.967180160999764 ], [ -46.61165118599996, -23.967305082999701 ], [ -46.611633339999806, -23.96744784999969 ], [ -46.61165118599996, -23.967554925999707 ], [ -46.611674980999965, -23.96766200199977 ], [ -46.611698774999979, -23.967816666999852 ], [ -46.611758261999739, -23.968012971999769 ], [ -46.611776107999901, -23.968173585999978 ], [ -46.611805850999872, -23.968316353999796 ], [ -46.611811799999828, -23.968435326999778 ], [ -46.611805850999872, -23.96856024799991 ], [ -46.611805850999872, -23.968691118999914 ], [ -46.61182369699992, -23.968839834999869 ], [ -46.611805850999872, -23.969042088999736 ], [ -46.611728518999776, -23.969155113999932 ], [ -46.611597647999872, -23.969351418999906 ], [ -46.611621442999819, -23.969418043999838 ], [ -46.611686877999887, -23.969453735999931 ], [ -46.611799901999916, -23.969477530999704 ], [ -46.611939695999922, -23.96948645399965 ], [ -46.61206164299989, -23.969483478999738 ], [ -46.612174667999852, -23.969483478999738 ], [ -46.612290665999922, -23.96948645399965 ], [ -46.612412613999822, -23.969483478999731 ], [ -46.612552406999839, -23.969486453999647 ], [ -46.612677328999951, -23.969444812999825 ], [ -46.612766558999972, -23.969394249999823 ], [ -46.61284983999991, -23.969337736999922 ], [ -46.612903377999835, -23.969230661999802 ], [ -46.612903377999835, -23.9691116889997 ], [ -46.612873633999925, -23.968986766999937 ], [ -46.612829018999889, -23.968870767999935 ], [ -46.6127516869999, -23.968784512999711 ], [ -46.612683276999746, -23.968692308999831 ], [ -46.612668405999848, -23.968585232999938 ], [ -46.612701122999965, -23.968487079999814 ], [ -46.612784403999854, -23.96836513299985 ], [ -46.612864710999986, -23.968264005999917 ], [ -46.612945017999891, -23.968159903999837 ], [ -46.61302829899995, -23.968061750999873 ], [ -46.613126451999733, -23.967972521999798 ], [ -46.613239475999819, -23.967936829999928 ], [ -46.613373320999983, -23.96791600899974 ], [ -46.613575574999857, -23.967895188999702 ], [ -46.613831366999705, -23.967805958999861 ], [ -46.613956288999816, -23.967764318999787 ], [ -46.614063364999879, -23.967722677999973 ], [ -46.614146645999767, -23.967642370999886 ], [ -46.614185311999847, -23.967573961999836 ], [ -46.614200183999912, -23.967475808999893 ], [ -46.614212080999835, -23.967356835999908 ], [ -46.614259669999853, -23.967222990999687 ], [ -46.614342950999912, -23.967148632999915 ], [ -46.614447052999822, -23.967109966999828 ], [ -46.614569, -23.967071300999745 ], [ -46.614690947999861, -23.967038582999866 ], [ -46.614851560999746, -23.966990993999836 ], [ -46.615003251999838, -23.966949352999844 ], [ -46.615211454999837, -23.966901763999822 ], [ -46.615378016999841, -23.966877969999818 ], [ -46.615550527999915, -23.966863097999742 ], [ -46.615696269999887, -23.966863097999745 ], [ -46.615779550999946, -23.966883917999951 ], [ -46.615862831999834, -23.966940429999919 ], [ -46.615949087999866, -23.967008839999892 ], [ -46.615999650999868, -23.967104017999699 ], [ -46.616047239999887, -23.96719622199975 ], [ -46.616133495999918, -23.967374681999953 ], [ -46.616204879999714, -23.96749960399989 ], [ -46.616326826999853, -23.967678062999759 ], [ -46.616407133999928, -23.967719703999819 ], [ -46.616517183999861, -23.967719703999819 ], [ -46.616639130999829, -23.967689960999838 ], [ -46.616710514999966, -23.967663191999684 ], [ -46.616802718999963, -23.967624524999849 ], [ -46.616906820999873, -23.967582884999956 ], [ -46.617004972999894, -23.967532320999847 ], [ -46.617120971999839, -23.967484731999821 ], [ -46.617242919999967, -23.967419296999761 ], [ -46.617406506999828, -23.967353861999928 ], [ -46.617489788999876, -23.967309246999715 ], [ -46.617602812999905, -23.967279503999798 ], [ -46.617720074999909, -23.967291503 ], [ -46.617769560999932, -23.967328409999773 ], [ -46.617872222999893, -23.967438846999755 ], [ -46.618145471999867, -23.967784997999903 ], [ -46.618296070999975, -23.967975764999949 ], [ -46.618773773999976, -23.968500238999923 ], [ -46.618996760999948, -23.968754136999962 ], [ -46.619045789999916, -23.968849579999873 ], [ -46.619071049999718, -23.968930239999963 ], [ -46.61906877499996, -23.968966807999891 ], [ -46.619048455999803, -23.969019720999821 ], [ -46.619013954999957, -23.969105479999833 ], [ -46.618968984999867, -23.969257015999911 ], [ -46.618958218999865, -23.969361216999744 ], [ -46.618959644999904, -23.969434397999859 ], [ -46.618977280999843, -23.969471098999861 ], [ -46.619018741999987, -23.969515268999885 ], [ -46.619086176999815, -23.969548636999885 ], [ -46.619207501999881, -23.96956223799987 ], [ -46.619543607999901, -23.969604670999892 ], [ -46.619746215999953, -23.969662706999816 ], [ -46.619904774999839, -23.969753372999946 ], [ -46.620049303999906, -23.969856755999896 ], [ -46.620148212999823, -23.969937892999951 ], [ -46.620270789999836, -23.970048442999932 ], [ -46.620355668999935, -23.970142296999708 ], [ -46.620418753999843, -23.970221364999702 ], [ -46.620461891999867, -23.970307622999705 ], [ -46.620504868999944, -23.97041400199981 ], [ -46.620533396999804, -23.970586144999857 ], [ -46.62053861999982, -23.970683133999778 ], [ -46.620581763999837, -23.970767558999853 ], [ -46.620607360999884, -23.970804310999711 ], [ -46.620664753999847, -23.970848591999985 ], [ -46.620718340999929, -23.970869056999899 ], [ -46.620754116999876, -23.970876606999976 ], [ -46.621434635999947, -23.970974443999921 ], [ -46.621559376999812, -23.970992376999789 ], [ -46.622233605999895, -23.971089292999753 ], [ -46.622517675999859, -23.971167972999748 ], [ -46.623154143504792, -23.971404535598595 ], [ -46.623158860999979, -23.971406288999841 ], [ -46.623429602999806, -23.971406223999846 ], [ -46.623613013999886, -23.971372660999908 ], [ -46.624042413999973, -23.971192520999917 ], [ -46.624122014999898, -23.971196689999829 ], [ -46.624133899999833, -23.971204085999659 ], [ -46.62416942099992, -23.971249265999919 ], [ -46.624177269999791, -23.971259250999935 ], [ -46.62438796399988, -23.971561345999696 ], [ -46.624474603999943, -23.971685572999945 ], [ -46.624697656999842, -23.972053174999811 ], [ -46.624850140999854, -23.972319466999927 ], [ -46.624944222999829, -23.972475219999914 ], [ -46.624999339999931, -23.972513554999981 ], [ -46.625022481999736, -23.972522763999844 ], [ -46.625103400999933, -23.972537085999701 ], [ -46.625154708999901, -23.972544226999787 ], [ -46.625241507999817, -23.972549465999741 ], [ -46.625351992999981, -23.972556476999898 ], [ -46.625444691999917, -23.972552641999922 ], [ -46.625499908999871, -23.972547080999714 ], [ -46.625553172999844, -23.972548773999968 ], [ -46.625600536999855, -23.97255411499987 ], [ -46.625647900999866, -23.972564881999972 ], [ -46.625722941999868, -23.972595528999921 ], [ -46.625801969999827, -23.972642477999894 ], [ -46.625902724999889, -23.972700257999978 ], [ -46.626003459999879, -23.972752601999961 ], [ -46.626064699999972, -23.972786897999864 ], [ -46.626112102999741, -23.972808545999779 ], [ -46.626173317999985, -23.972833785999732 ], [ -46.626228613999956, -23.972857227999718 ], [ -46.626273995999725, -23.972864376999791 ], [ -46.626343057999918, -23.972869658999787 ], [ -46.626408131999888, -23.972864074999841 ], [ -46.626512592999916, -23.972831218999879 ], [ -46.626571658999751, -23.972789397999961 ], [ -46.626610977999974, -23.972738558999772 ], [ -46.626666039999805, -23.972671370999642 ], [ -46.626707373999871, -23.972638650999787 ], [ -46.62676057199991, -23.972613163999881 ], [ -46.626825610999958, -23.9725930789998 ], [ -46.626886762999966, -23.972592944999974 ], [ -46.626945976999878, -23.972609120999884 ], [ -46.626979575999826, -23.97263261299997 ], [ -46.627030971999829, -23.972674182999864 ], [ -46.627060664999874, -23.972712181999889 ], [ -46.62709042799986, -23.972779183999933 ], [ -46.627138054999875, -23.972886016999901 ], [ -46.627177714999959, -23.972965681999828 ], [ -46.62720557599971, -23.973058059999918 ], [ -46.627237338999919, -23.973134115999976 ], [ -46.627292850999822, -23.973242751999919 ], [ -46.627352299999927, -23.973344122999787 ], [ -46.627393884999833, -23.973405653999805 ], [ -46.627429541999845, -23.973459951999867 ], [ -46.627463203999866, -23.973508815999828 ], [ -46.627486936999958, -23.973532321999983 ], [ -46.627516588999924, -23.973557633999846 ], [ -46.627554122999932, -23.973577489999915 ], [ -46.627605430999836, -23.973584629999774 ], [ -46.627690242999904, -23.973582628999797 ], [ -46.627812499999834, -23.973566034999749 ], [ -46.627948585999889, -23.973556671999798 ], [ -46.628021559999979, -23.973551066999846 ], [ -46.628135963999853, -23.973550818999918 ], [ -46.628220823999868, -23.973565124999766 ], [ -46.628244515999938, -23.973570507999845 ], [ -46.628295813999841, -23.973577647999829 ], [ -46.628358976999841, -23.973592002999787 ], [ -46.628439892999957, -23.973604507999823 ], [ -46.628471439999885, -23.97360081399972 ], [ -46.628593668999883, -23.973573357999825 ], [ -46.628680429999868, -23.973562286999705 ], [ -46.62874157899995, -23.973560337999913 ], [ -46.628810577999786, -23.973545680999845 ], [ -46.628850000999762, -23.973532900999945 ], [ -46.628930791999892, -23.973501909999861 ], [ -46.6289563859998, -23.973481916999894 ], [ -46.628976053999907, -23.97346193299984 ], [ -46.629009509999833, -23.973431047999963 ], [ -46.629050840999867, -23.973396511999848 ], [ -46.629096147999974, -23.973371035999715 ], [ -46.629147382999861, -23.973352793999872 ], [ -46.629194711999958, -23.973349058999929 ], [ -46.629271648999861, -23.973350706999728 ], [ -46.62934665899985, -23.973368655999774 ], [ -46.629394048999927, -23.973388487999895 ], [ -46.62942765199989, -23.973413793999946 ], [ -46.629449428999976, -23.973442746999861 ], [ -46.629475168999818, -23.973478935999761 ], [ -46.629483149999942, -23.973513363999924 ], [ -46.629477300999895, -23.973540560999709 ], [ -46.629453755999926, -23.973585923999735 ], [ -46.629408508999973, -23.973634966999946 ], [ -46.629373138999888, -23.973683985999742 ], [ -46.629349548999983, -23.97371485699972 ], [ -46.629333875999919, -23.97375476399991 ], [ -46.629326105999837, -23.973801909999899 ], [ -46.629326220999758, -23.973845414999797 ], [ -46.629336150999848, -23.973870764999671 ], [ -46.629369775999976, -23.973903311999944 ], [ -46.629407306999894, -23.973921361999938 ], [ -46.629462583999839, -23.973939357999818 ], [ -46.629545465999854, -23.973951859999893 ], [ -46.629616516999882, -23.973964387999775 ], [ -46.62968757699997, -23.973982351999833 ], [ -46.629774449999957, -23.974012970999809 ], [ -46.629853454999932, -23.974050859999803 ], [ -46.629950233999864, -23.974097771999876 ], [ -46.630064841999854, -23.974170011999718 ], [ -46.630126093999934, -23.974209751999801 ], [ -46.630189332999919, -23.97425130299996 ], [ -46.630280253999899, -23.974319974999961 ], [ -46.630318670999884, -23.974349103999884 ], [ -46.630330581999885, -23.974358485999854 ], [ -46.630342084999938, -23.974368295999962 ], [ -46.630353160999789, -23.974378499999819 ], [ -46.630363808999959, -23.974389095999758 ], [ -46.630373999999847, -23.974400057999841 ], [ -46.630383723999842, -23.9744113779999 ], [ -46.630392970999829, -23.974423035999958 ], [ -46.630422654999961, -23.974461033999837 ], [ -46.630448389999856, -23.97449360299975 ], [ -46.630451987999898, -23.974500733999655 ], [ -46.630455086999973, -23.97450802399965 ], [ -46.630457655999919, -23.974515419999875 ], [ -46.630459675999816, -23.974522874999877 ], [ -46.630461135999781, -23.974530335999869 ], [ -46.630462025999918, -23.974537748999872 ], [ -46.630462333999958, -23.974545068999937 ], [ -46.630462148999925, -23.974553793999871 ], [ -46.630461542999967, -23.974562676999884 ], [ -46.630460535999816, -23.974571680999922 ], [ -46.630459107999862, -23.974580752999717 ], [ -46.630450716999974, -23.974627724999777 ], [ -46.630433151999853, -23.974698452999743 ], [ -46.630417564999789, -23.974770992999709 ], [ -46.630413742999849, -23.974816317999913 ], [ -46.630423752999945, -23.974870670999969 ], [ -46.630443609999929, -23.97491956399983 ], [ -46.630467400999919, -23.974964821999947 ], [ -46.630505002999769, -23.975011864999832 ], [ -46.630550491999713, -23.975057081999751 ], [ -46.630586066999967, -23.975080560999746 ], [ -46.630647293999971, -23.975111233999883 ], [ -46.630746018999787, -23.975147270999855 ], [ -46.630828914999825, -23.975161577999874 ], [ -46.63092363599992, -23.975177681999806 ], [ -46.631010493999838, -23.975199233999884 ], [ -46.631130923999933, -23.97523884099996 ], [ -46.631330334999916, -23.975301834999758 ], [ -46.631444874999893, -23.975350515999875 ], [ -46.63156730999998, -23.975400990999788 ], [ -46.631707089999907, -23.975464807999913 ], [ -46.631715701999838, -23.975468968999902 ], [ -46.631723953999881, -23.975473405999761 ], [ -46.631731805999834, -23.975478098999872 ], [ -46.631739218999826, -23.975483031999829 ], [ -46.631746152999938, -23.975488176999811 ], [ -46.631798448999923, -23.975529157999908 ], [ -46.631891345999975, -23.975597825999724 ], [ -46.631928804999802, -23.97562803899984 ], [ -46.631937476999781, -23.975634655999784 ], [ -46.631946685999935, -23.975640941999924 ], [ -46.631956400999854, -23.975646879999886 ], [ -46.631966592999731, -23.97565245099975 ], [ -46.631977232999873, -23.975657637999969 ], [ -46.631988279999916, -23.975662423999832 ], [ -46.631999704999885, -23.975666798999843 ], [ -46.632013850999897, -23.975671858999817 ], [ -46.632061209999904, -23.975679002999815 ], [ -46.632120407999821, -23.975684305999778 ], [ -46.632234803999779, -23.975678609999928 ], [ -46.63231565399991, -23.975669369999878 ], [ -46.632418194999957, -23.975656449999967 ], [ -46.632518838999772, -23.975670720999911 ], [ -46.632560307999832, -23.975686939999836 ], [ -46.63270050999995, -23.97574281399983 ], [ -46.632776081999907, -23.975777948999735 ], [ -46.632809137999978, -23.97579331799982 ], [ -46.632971131999966, -23.975879950999737 ], [ -46.633065978999923, -23.975939548999865 ], [ -46.633184534999941, -23.976013595999852 ], [ -46.633279378999816, -23.976071388999742 ], [ -46.633340625999892, -23.976107496999813 ], [ -46.63339426799979, -23.976134367999805 ], [ -46.633399416999964, -23.9761366249998 ], [ -46.63340479399978, -23.97613836399978 ], [ -46.633410332999972, -23.976139568999884 ], [ -46.633419716999867, -23.976141112999922 ], [ -46.633429836999824, -23.976142494999863 ], [ -46.633439968999937, -23.976143289999921 ], [ -46.633450034999726, -23.976143507999947 ], [ -46.633459994999839, -23.976143139999927 ], [ -46.633469790999925, -23.976142195999845 ], [ -46.633488658999966, -23.976139782999891 ], [ -46.633541897999862, -23.976132416999917 ], [ -46.633579368999847, -23.976126888999715 ], [ -46.633608957999968, -23.976126825999813 ], [ -46.633638555999937, -23.976132199999711 ], [ -46.633678049999851, -23.976148420999721 ], [ -46.633719544999792, -23.976173695999709 ], [ -46.633808538999972, -23.976256879999816 ], [ -46.633901495999851, -23.976347289999925 ], [ -46.633949022999957, -23.976416059999845 ], [ -46.634022172999892, -23.976475708999708 ], [ -46.634071627999731, -23.976528159999702 ], [ -46.634124996999958, -23.976566103999911 ], [ -46.634162537999941, -23.976589578999718 ], [ -46.634204017999821, -23.976611241999759 ], [ -46.63426126599996, -23.976625612999943 ], [ -46.634324429999936, -23.976639965999656 ], [ -46.63437970699988, -23.976656153999901 ], [ -46.634423183999843, -23.976685055999887 ], [ -46.634462710999912, -23.976713963999881 ], [ -46.634520045999864, -23.976760957999719 ], [ -46.634569526999883, -23.976822474999896 ], [ -46.634605167999901, -23.976871334999938 ], [ -46.634642732999794, -23.976902059999812 ], [ -46.634678295999834, -23.976923731999928 ], [ -46.634753366999924, -23.976963439999849 ], [ -46.634873824999829, -23.977012099999794 ], [ -46.635039651999875, -23.977058849999825 ], [ -46.635118528999847, -23.97708165899985 ], [ -46.635164028999952, -23.977094817999951 ], [ -46.635264712999856, -23.977125402999825 ], [ -46.635359500999868, -23.977161432999878 ], [ -46.635420989999886, -23.977195695999967 ], [ -46.635440506999828, -23.977206567999701 ], [ -46.63551163399984, -23.977249901999922 ], [ -46.635568941999963, -23.977286023999969 ], [ -46.635606519999904, -23.97732399999984 ], [ -46.635634237999852, -23.977360193999807 ], [ -46.63566199499985, -23.977412695999703 ], [ -46.635681843999976, -23.977456143999742 ], [ -46.635697759999971, -23.977508671999821 ], [ -46.635701878999953, -23.977570292999868 ], [ -46.635688231999893, -23.977631948999825 ], [ -46.635662767999918, -23.977697262999982 ], [ -46.635631352999894, -23.97775351999984 ], [ -46.635595967999734, -23.977798919999774 ], [ -46.63553494099984, -23.977842560999928 ], [ -46.635469975999854, -23.977893459999958 ], [ -46.635340029999952, -23.977986199999918 ], [ -46.635284917999911, -23.978029823999808 ], [ -46.63522585599992, -23.978073461999941 ], [ -46.635160913999869, -23.97813161199986 ], [ -46.63511369299971, -23.978175222999827 ], [ -46.635058606999849, -23.978233348999936 ], [ -46.635017334999823, -23.97828962899996 ], [ -46.634970146999819, -23.978345926999733 ], [ -46.634932844999923, -23.978413081999978 ], [ -46.634909361999917, -23.978482004999815 ], [ -46.634891805999985, -23.978556362999825 ], [ -46.634890057999769, -23.978639744999899 ], [ -46.634900147999872, -23.978721284999889 ], [ -46.634923973999889, -23.978779236999966 ], [ -46.634939879999877, -23.97882632999972 ], [ -46.634965700999885, -23.978889705999965 ], [ -46.634987596999906, -23.978962162999832 ], [ -46.635001520999822, -23.979005628999971 ], [ -46.635027403999914, -23.979092571999782 ], [ -46.635053211999832, -23.97915414199991 ], [ -46.635067164999839, -23.979208487999859 ], [ -46.635083151999822, -23.979284574999951 ], [ -46.635093316999871, -23.979396932999919 ], [ -46.635103478999838, -23.979507475999924 ], [ -46.63510174399994, -23.979592672999953 ], [ -46.63509806899981, -23.979692365999938 ], [ -46.635090381999817, -23.979768514999932 ], [ -46.635082704999888, -23.979850099999851 ], [ -46.635071077999896, -23.979926254999839 ], [ -46.635055518999934, -23.980007851999858 ], [ -46.635022253999864, -23.980107615999938 ], [ -46.634989021999786, -23.980220075999902 ], [ -46.634969506999937, -23.980298057999953 ], [ -46.634950058999834, -23.980403227999894 ], [ -46.634942582999827, -23.980553689999791 ], [ -46.63493685799989, -23.980628021999905 ], [ -46.63492524999981, -23.980709611999824 ], [ -46.634905665999895, -23.980765841999858 ], [ -46.63486447799994, -23.980852940999966 ], [ -46.634842895999839, -23.980896495999673 ], [ -46.634809490999828, -23.980945504999791 ], [ -46.634764254999823, -23.980994548999949 ], [ -46.634752632999835, -23.981007359999865 ], [ -46.634703286999923, -23.981061757999672 ], [ -46.634642309999947, -23.981128956999729 ], [ -46.634601013999827, -23.981177995999754 ], [ -46.634561696999867, -23.981228837999879 ], [ -46.63453620599995, -23.981285084999737 ], [ -46.634516637999866, -23.981344935999743 ], [ -46.634495058999846, -23.98139030599992 ], [ -46.634459672999924, -23.981435696999775 ], [ -46.634394744999895, -23.981497474999909 ], [ -46.634341615999858, -23.981546531999815 ], [ -46.63428456999992, -23.98160828999994 ], [ -46.634231473999876, -23.981670040999969 ], [ -46.634192155999756, -23.981720882999916 ], [ -46.634145007999848, -23.981795302999952 ], [ -46.634125403999917, -23.981840661999964 ], [ -46.634100045999844, -23.981944033999753 ], [ -46.634084418999976, -23.982003887999898 ], [ -46.634070714999893, -23.982040170999881 ], [ -46.634043238999936, -23.98209642199981 ], [ -46.633992149999983, -23.982170847999832 ], [ -46.633923325999724, -23.982252569999783 ], [ -46.633862366999892, -23.982325213999673 ], [ -46.633803357999746, -23.982388789999849 ], [ -46.633748240999864, -23.982430597999841 ], [ -46.633697051999889, -23.982470594999707 ], [ -46.633653743999957, -23.982505134999876 ], [ -46.633606524999948, -23.982550551999907 ], [ -46.633569158999876, -23.982594139999716 ], [ -46.633541669999829, -23.982643138999784 ], [ -46.633516210999858, -23.982712072999956 ], [ -46.633486817999824, -23.982784642999835 ], [ -46.633453557999928, -23.982888036999956 ], [ -46.633426207999946, -23.98298779199984 ], [ -46.633412622999799, -23.983069384999855 ], [ -46.633375508999855, -23.983205417999667 ], [ -46.633348087999877, -23.983281605999817 ], [ -46.633326607999891, -23.983361404999698 ], [ -46.633318894999888, -23.983428488999891 ], [ -46.633315182999922, -23.983513688999832 ], [ -46.633307439999896, -23.983569891999871 ], [ -46.633301749999873, -23.98365328799968 ], [ -46.63330212499983, -23.983792849999929 ], [ -46.633304503999852, -23.98394328799986 ], [ -46.6333285569998, -23.984084610999666 ], [ -46.633350572999916, -23.98420237799974 ], [ -46.633368660999906, -23.984327401999849 ], [ -46.633386807999898, -23.984474178999893 ], [ -46.633388568999862, -23.984482936999761 ], [ -46.633389454999929, -23.984488507999856 ], [ -46.633389869999974, -23.984494110999769 ], [ -46.633389822999959, -23.984499727999893 ], [ -46.633389322999847, -23.984505304999907 ], [ -46.633389206999823, -23.984506190999976 ], [ -46.633388022999895, -23.984512830999904 ], [ -46.633386267999867, -23.984519387999732 ], [ -46.633386029999826, -23.984520058999976 ], [ -46.633383949999825, -23.984525805999741 ], [ -46.633381090999706, -23.984532048999654 ], [ -46.633377706999852, -23.984538061999949 ], [ -46.633371234999856, -23.984548533999938 ], [ -46.633349599999917, -23.984573956999725 ], [ -46.633298402999856, -23.984610323999899 ], [ -46.63324131599984, -23.984655764999836 ], [ -46.63320788399983, -23.984695716999845 ], [ -46.633127312999818, -23.984810097999901 ], [ -46.633082077999745, -23.984860947999778 ], [ -46.633074147999878, -23.984871136999796 ], [ -46.633036855999819, -23.984919057999946 ], [ -46.633027261999985, -23.984938420999864 ], [ -46.633023569999864, -23.984946514999812 ], [ -46.633020421999959, -23.984954836999979 ], [ -46.633017816999825, -23.98496336199997 ], [ -46.633015774999933, -23.984972052999982 ], [ -46.633014283999898, -23.984980881999832 ], [ -46.633013373999745, -23.984989794999926 ], [ -46.633013772999846, -23.985001158999808 ], [ -46.63301490899994, -23.985012505999858 ], [ -46.633016770999916, -23.985023782999924 ], [ -46.633019358999945, -23.985034969999788 ], [ -46.633022653999774, -23.98504602399969 ], [ -46.633026662999839, -23.985056888999903 ], [ -46.633027372999834, -23.985058642999942 ], [ -46.633065061999844, -23.985136493999903 ], [ -46.633146312999884, -23.985272258999768 ], [ -46.633183943999832, -23.98532835799989 ], [ -46.633213725999951, -23.985397172999743 ], [ -46.633259371999827, -23.98550037699982 ], [ -46.633285221999927, -23.985574633999935 ], [ -46.633318957999961, -23.985650684999822 ], [ -46.633334938999951, -23.985723149999952 ], [ -46.633360847999882, -23.985819159999725 ], [ -46.633374887999878, -23.985906129999819 ], [ -46.633388931999889, -23.985994914999878 ], [ -46.633395071999871, -23.98607646999989 ], [ -46.633389349999845, -23.986147171999967 ], [ -46.633377723999843, -23.986225132999834 ], [ -46.633364119999783, -23.986301290999737 ], [ -46.633344575999956, -23.986370215999841 ], [ -46.633311263999872, -23.98645548699989 ], [ -46.633293640999909, -23.986504462999847 ], [ -46.633286111999837, -23.986516127999835 ], [ -46.633278019999864, -23.986527474999892 ], [ -46.633269361999851, -23.986538456999821 ], [ -46.633260158999974, -23.986549074999736 ], [ -46.633250440999973, -23.986559282999785 ], [ -46.633240224999838, -23.986569079999867 ], [ -46.633229531999859, -23.986578440999779 ], [ -46.633226769999972, -23.986580745999959 ], [ -46.633175591999816, -23.986622547999779 ], [ -46.633126421999862, -23.986677033999737 ], [ -46.633075278999968, -23.986733337999961 ], [ -46.633020195999848, -23.986789656999917 ], [ -46.632974965999836, -23.986844136999711 ], [ -46.632937617999858, -23.986893159999791 ], [ -46.632904227999859, -23.986951233999768 ], [ -46.632890548999796, -23.986996582999893 ], [ -46.632874907999906, -23.987049185999975 ], [ -46.632871118999788, -23.987107188999797 ], [ -46.632870756999921, -23.987111291999721 ], [ -46.632870082999943, -23.987122486999741 ], [ -46.632870047999866, -23.987133774999961 ], [ -46.632870643999816, -23.987145127999835 ], [ -46.63287185899992, -23.987156510999785 ], [ -46.632873701999983, -23.987167895999786 ], [ -46.632876154999849, -23.987179246999915 ], [ -46.632879226999819, -23.987190555999859 ], [ -46.632884426999794, -23.987201597999896 ], [ -46.632890233999831, -23.987212380999896 ], [ -46.632896616999915, -23.987222886999973 ], [ -46.632903576999809, -23.987233088999911 ], [ -46.632911091999972, -23.987242941999853 ], [ -46.632919142999924, -23.98725244599985 ], [ -46.632927699999925, -23.987261555999968 ], [ -46.632936743999949, -23.987270254999888 ], [ -46.63294852599995, -23.987281018999802 ], [ -46.63300387799984, -23.987326210999981 ], [ -46.633033543999886, -23.987351521999866 ], [ -46.633077059999835, -23.987394925999805 ], [ -46.633116634999851, -23.987438334999691 ], [ -46.633150270999863, -23.987474510999736 ], [ -46.633168103999822, -23.987505284999873 ], [ -46.63318991999995, -23.98754872999984 ], [ -46.633205790999853, -23.98758132099988 ], [ -46.633217727999863, -23.987617547999783 ], [ -46.633217846999855, -23.987662857999794 ], [ -46.63320612799987, -23.987704573999853 ], [ -46.633176619999915, -23.987735454999832 ], [ -46.633123459999865, -23.987773638999723 ], [ -46.633068329999844, -23.987815455999957 ], [ -46.633042076999971, -23.987831627999977 ], [ -46.632997420999914, -23.987859120999758 ], [ -46.632942284999785, -23.98789730899972 ], [ -46.632863595999936, -23.987977238999864 ], [ -46.632816312999864, -23.988004533999799 ], [ -46.632753269999967, -23.988033675999812 ], [ -46.632660688999863, -23.988088262999888 ], [ -46.632558243999824, -23.988139251999939 ], [ -46.632440047999978, -23.988202960999793 ], [ -46.632365176999826, -23.98824119599993 ], [ -46.632296209999822, -23.988272161999927 ], [ -46.632223301999829, -23.988303141999719 ], [ -46.632142501999965, -23.988334134999889 ], [ -46.632067656999823, -23.988381434999898 ], [ -46.632002698999941, -23.988434146999907 ], [ -46.631967332999864, -23.988486787999818 ], [ -46.631926084999918, -23.988553948999876 ], [ -46.631875079999872, -23.988661006999845 ], [ -46.631822021999824, -23.988740880999888 ], [ -46.631800378999912, -23.988762674999919 ], [ -46.631747243999939, -23.988809923999835 ], [ -46.631690183999872, -23.98886624499972 ], [ -46.631623310999828, -23.988942518999803 ], [ -46.631546618999948, -23.989035140999817 ], [ -46.631487788461577, -23.989120828876413 ], [ -46.631428690999883, -23.989202155999862 ], [ -46.631369673999814, -23.989263915999913 ], [ -46.631296858999917, -23.989331149999881 ], [ -46.631214143999898, -23.989385712999702 ], [ -46.631101819999856, -23.989431279999906 ], [ -46.631005244999926, -23.98946774899974 ], [ -46.630881040999952, -23.989497035999936 ], [ -46.630770662999964, -23.989537154999876 ], [ -46.630664265999719, -23.989588148999765 ], [ -46.630555937999873, -23.989653647999834 ], [ -46.630455488999758, -23.989717310999936 ], [ -46.630362886999819, -23.989761024999833 ], [ -46.630244690999973, -23.989826546999833 ], [ -46.630154066999864, -23.989872062999947 ], [ -46.630049682999761, -23.989939361999749 ], [ -46.629963028999839, -23.989995743999881 ], [ -46.629903930999774, -23.990028508999842 ], [ -46.629831027999842, -23.99006310999971 ], [ -46.62973444499994, -23.990095948999738 ], [ -46.629628011999841, -23.99013244099967 ], [ -46.629515651999952, -23.990168949999831 ], [ -46.629407232999711, -23.990200008999921 ], [ -46.629350070999863, -23.990214793999709 ], [ -46.629292908999844, -23.99022958699987 ], [ -46.629165962999821, -23.990276219999828 ], [ -46.629167952999808, -23.990299233999956 ], [ -46.62916831099966, -23.990434668999971 ], [ -46.629176524999878, -23.990553152999667 ], [ -46.629192468999861, -23.990608741999896 ], [ -46.629226852999871, -23.990673960999978 ], [ -46.629290326999808, -23.990782655999727 ], [ -46.629372161999981, -23.990871948999825 ], [ -46.629469834999895, -23.990973309999955 ], [ -46.629641301999868, -23.991110772999946 ], [ -46.629870698999866, -23.9912529469999 ], [ -46.630005149999874, -23.991330031999897 ], [ -46.630121205999899, -23.991416839999715 ], [ -46.630374508999807, -23.991638763999845 ], [ -46.630577599999981, -23.991788250999715 ], [ -46.630793759999847, -23.99190384599984 ], [ -46.630896528999983, -23.991942311999757 ], [ -46.630978191999816, -23.9919663119997 ], [ -46.63113886899982, -23.99200464099976 ], [ -46.631217895999839, -23.992023809999921 ], [ -46.631433857999866, -23.992064440999911 ], [ -46.631712984999865, -23.992102501999852 ], [ -46.632052628999986, -23.992125912999761 ], [ -46.63233430799994, -23.992132531999857 ], [ -46.632458023999959, -23.992129832999975 ], [ -46.632505666999748, -23.992133271999826 ], [ -46.632579130999943, -23.99213681499975 ], [ -46.63278978999972, -23.992162934999786 ], [ -46.63296361599987, -23.992196398999731 ], [ -46.63314008799972, -23.99223469299978 ], [ -46.633306081999876, -23.992292358999741 ], [ -46.633458903999838, -23.992345216999862 ], [ -46.633553795999944, -23.99239337399985 ], [ -46.633646077999856, -23.992448781999652 ], [ -46.633709415999931, -23.992506683999807 ], [ -46.633756938999966, -23.992559777999755 ], [ -46.633817737999841, -23.992653961999743 ], [ -46.633878548999803, -23.992752984999747 ], [ -46.63392884599989, -23.992856860999844 ], [ -46.63399787499992, -23.993074366999789 ], [ -46.634061613999791, -23.993282203999854 ], [ -46.634146776999899, -23.993623011999883 ], [ -46.634178693999957, -23.993746280999972 ], [ -46.634198812999841, -23.993789120999956 ], [ -46.634218406999707, -23.993830836999791 ], [ -46.634295105999911, -23.993961258999711 ], [ -46.634403427999985, -23.994106125999906 ], [ -46.634569731999704, -23.994279873999965 ], [ -46.634693754999944, -23.994390837999664 ], [ -46.634849354999687, -23.99449447599989 ], [ -46.634994382999935, -23.994586044999725 ], [ -46.635134061999963, -23.994646182999816 ], [ -46.635255263999852, -23.994687023999919 ], [ -46.635352697999679, -23.994698887999732 ], [ -46.63551062699969, -23.994691270999905 ], [ -46.63570681099992, -23.994641762999887 ], [ -46.635834178999971, -23.994605882999789 ], [ -46.635963001999983, -23.9945451279998 ], [ -46.636152259999903, -23.994443121999886 ], [ -46.636312600999759, -23.994358100999868 ], [ -46.636457168999925, -23.994277962999661 ], [ -46.636633176999908, -23.994199194999958 ], [ -46.636829674999831, -23.994107837999703 ], [ -46.636993675999918, -23.994046444999753 ], [ -46.637098340999785, -23.994025470999699 ], [ -46.637191706999943, -23.99401882099971 ], [ -46.637258198999689, -23.994017424999921 ], [ -46.637324691999936, -23.994016019999723 ], [ -46.637471852999852, -23.994027495999717 ], [ -46.637609144999772, -23.994055909999929 ], [ -46.637712503999865, -23.994098671999723 ], [ -46.637801996999713, -23.994158784999907 ], [ -46.637894314999983, -23.994223869999868 ], [ -46.638002535999874, -23.994330032999869 ], [ -46.638174110999955, -23.994501346999751 ], [ -46.638335125999959, -23.994663010999876 ], [ -46.638651767999875, -23.994937979999971 ], [ -46.638701950999746, -23.99499832299967 ], [ -46.638757391999832, -23.995058662999835 ], [ -46.638823474999874, -23.995155243999932 ], [ -46.638905411999986, -23.995275981999722 ], [ -46.638926551999873, -23.995317779999883 ], [ -46.63896893399982, -23.995401592999883 ], [ -46.639029891999883, -23.995551395999936 ], [ -46.639093686999843, -23.995776160999807 ], [ -46.639194815999758, -23.996177393999861 ], [ -46.63926384399997, -23.996390056999871 ], [ -46.639356618999841, -23.996624426999805 ], [ -46.639414578999833, -23.99677485799975 ], [ -46.639458189999971, -23.99691145499974 ], [ -46.639489419999904, -23.996969940999968 ], [ -46.639541982999908, -23.997086928999973 ], [ -46.639573246999817, -23.997159726999705 ], [ -46.639585336999858, -23.997187688999865 ], [ -46.639596455999879, -23.997203389999928 ], [ -46.639611271999854, -23.997220776999935 ], [ -46.639625612999964, -23.997234772999949 ], [ -46.639648736999852, -23.997246200999829 ], [ -46.639676946999771, -23.997261024999709 ], [ -46.639704829999857, -23.997272509999959 ], [ -46.639766316999896, -23.997292476999746 ], [ -46.639825365999911, -23.997311710999838 ], [ -46.639922561999754, -23.997348758999809 ], [ -46.640098727999941, -23.997490934999917 ], [ -46.640231393999727, -23.997579018999826 ], [ -46.640326845999823, -23.997638244999848 ], [ -46.640424417999895, -23.997689510999919 ], [ -46.640548009999925, -23.997752597999977 ], [ -46.64066289099992, -23.997803794999868 ], [ -46.640740845999971, -23.997823349999972 ], [ -46.640831805999937, -23.997846828999972 ], [ -46.640918398999816, -23.997862372999908 ], [ -46.641059051999832, -23.997875711999701 ], [ -46.641208211999754, -23.997859206999909 ], [ -46.641322798999916, -23.997850801999842 ], [ -46.641419986999779, -23.99782059499984 ], [ -46.641533567999829, -23.997795638999715 ], [ -46.641633744999865, -23.997742238999933 ], [ -46.641737266999712, -23.997682201999847 ], [ -46.641819324999858, -23.997654052999906 ], [ -46.641923020999911, -23.997627794999968 ], [ -46.642063494999888, -23.997605367999878 ], [ -46.642173808999871, -23.997604917999752 ], [ -46.642305865999958, -23.997630212999983 ], [ -46.64240979899995, -23.997653642999804 ], [ -46.64254197799977, -23.997704761999842 ], [ -46.642634311548932, -23.997747479054006 ], [ -46.642661204999968, -23.997759920999776 ], [ -46.642683218999821, -23.997770529999794 ], [ -46.642767436999861, -23.99781114599995 ], [ -46.642832534999741, -23.997854594999978 ], [ -46.642888989999733, -23.997900068999677 ], [ -46.642973763999976, -23.997989142999927 ], [ -46.643041182999866, -23.99806437899985 ], [ -46.643119423999792, -23.998143543999728 ], [ -46.643204181999863, -23.998226657999787 ], [ -46.643297478999841, -23.998287872999864 ], [ -46.643379959999834, -23.998347153999703 ], [ -46.643462418999661, -23.998402453999745 ], [ -46.643557809999898, -23.998449748999693 ], [ -46.643730386999778, -23.998511675999907 ], [ -46.643962976999951, -23.99859514599973 ], [ -46.644229578999905, -23.9987112899999 ], [ -46.64453498999984, -23.998801453999814 ], [ -46.644724275999863, -23.998862550999892 ], [ -46.644911923999928, -23.998923113999744 ], [ -46.64520854899996, -23.998985486999864 ], [ -46.645591832999969, -23.999079300999888 ], [ -46.645821498999965, -23.999159827999733 ], [ -46.646007714999826, -23.999202787999707 ], [ -46.646222086999899, -23.999251585999851 ], [ -46.646419161999859, -23.999304432999789 ], [ -46.64658378199988, -23.999353430999918 ], [ -46.646780893999846, -23.999412236999721 ], [ -46.646980252999924, -23.999486929999868 ], [ -46.647246800999937, -23.999593135999699 ], [ -46.647478582999781, -23.999691471999828 ], [ -46.647624009999902, -23.999768440999734 ], [ -46.647775779999847, -23.999843327999773 ], [ -46.647914497999864, -23.999904358999853 ], [ -46.648103854999647, -24.000007682999808 ], [ -46.648120520999782, -24.000016776999924 ], [ -46.648285371999805, -24.000111478999933 ], [ -46.648469735999811, -24.000218015999966 ], [ -46.648686613999814, -24.000338343999879 ], [ -46.648834416999875, -24.000446618999781 ], [ -46.649005755999724, -24.000581432999926 ], [ -46.649168530999873, -24.000696020999897 ], [ -46.649441641999829, -24.000918031999785 ], [ -46.649640907999981, -24.001079181999891 ], [ -46.649876428999733, -24.001265377999683 ], [ -46.650167621999856, -24.001513966999816 ], [ -46.65049393399994, -24.00134087299978 ], [ -46.65057959499984, -24.001069614999896 ], [ -46.650693808999961, -24.000898292999871 ], [ -46.650836575999961, -24.000712694999944 ], [ -46.650993620999827, -24.000484266999873 ], [ -46.651164941999866, -24.000241561999868 ], [ -46.651307709999855, -24.000041686999847 ], [ -46.651407646999871, -23.999813258999946 ], [ -46.651507583999887, -23.999641937999733 ], [ -46.651521860999821, -23.999413509999833 ], [ -46.651550414999868, -23.999270741999847 ], [ -46.651621797999724, -23.99907086699983 ], [ -46.651678905999859, -23.998913822999778 ], [ -46.651793119999866, -23.99867111799994 ], [ -46.651878779999947, -23.998514073999836 ], [ -46.65202154799988, -23.998285644999957 ], [ -46.652192868999919, -23.9981143239998 ], [ -46.652407020999874, -23.997957279999863 ], [ -46.652578341999913, -23.997843065999916 ], [ -46.652763939999829, -23.997757404999845 ], [ -46.653078028999971, -23.997600359999751 ], [ -46.653277902999889, -23.997443315999817 ], [ -46.65347777799991, -23.99730054799987 ], [ -46.653677652999932, -23.997015012999903 ], [ -46.653906080999832, -23.99677230799972 ], [ -46.654063124999936, -23.996543879999823 ], [ -46.654234446999908, -23.996301174999811 ], [ -46.654471440999885, -23.996034674999862 ], [ -46.654576136999935, -23.995701550999851 ], [ -46.654623725999954, -23.995482639999924 ], [ -46.654709386999855, -23.995301800999982 ], [ -46.654909261999876, -23.995101925999961 ], [ -46.655147207999846, -23.994911569999779 ], [ -46.655413707999863, -23.994645069999823 ], [ -46.655527921999919, -23.994492783999764 ], [ -46.655670688999919, -23.994292909999903 ], [ -46.655727795999837, -23.994121588999857 ], [ -46.655756349999876, -23.99401689199982 ], [ -46.655813456999908, -23.993836052999935 ], [ -46.655946706999828, -23.993740874999965 ], [ -46.656127545999766, -23.993664731999779 ], [ -46.656251277999786, -23.993579070999829 ], [ -46.65636549199985, -23.993474374999945 ], [ -46.656489223999756, -23.993322089999708 ], [ -46.65664150899994, -23.993217392999835 ], [ -46.656803312999841, -23.99314125099982 ], [ -46.656965115999981, -23.993027035999717 ], [ -46.657269686999882, -23.992836679999868 ], [ -46.657488597999873, -23.992741500999784 ], [ -46.65761232899996, -23.992655840999817 ], [ -46.657802685999911, -23.99255114399978 ], [ -46.657964489999983, -23.992446447999896 ], [ -46.658116774999883, -23.992351269999908 ], [ -46.658240506999903, -23.992246572999871 ], [ -46.658564113999944, -23.992189465999786 ], [ -46.658935309999833, -23.992084769999909 ], [ -46.659249398999975, -23.991903930999847 ], [ -46.659506379999925, -23.991789716999907 ], [ -46.659772879999935, -23.991513698999821 ], [ -46.660001307999835, -23.991351895999916 ], [ -46.660153593999723, -23.991094913999973 ], [ -46.660267807999958, -23.990847449999933 ], [ -46.660362985999825, -23.990533360999965 ], [ -46.660362985999825, -23.990247825999965 ], [ -46.660362985999825, -23.990038432999711 ], [ -46.660448646999896, -23.989800486999741 ], [ -46.660581896999815, -23.98960061299988 ], [ -46.660791288999924, -23.989410255999758 ], [ -46.660895985999957, -23.989277005999838 ], [ -46.660972127999969, -23.989143755999912 ], [ -46.661048270999856, -23.989020023999895 ], [ -46.661229109999908, -23.988829666999948 ], [ -46.661438502999829, -23.988620274999786 ], [ -46.66154319899988, -23.988420399999757 ], [ -46.661657412999716, -23.988287149999842 ], [ -46.661849336999978, -23.988180374999953 ], [ -46.661997390999886, -23.988299101999932 ], [ -46.662164404999942, -23.988345074999753 ], [ -46.662310126999841, -23.988353051999866 ], [ -46.662508339999874, -23.988398684999812 ], [ -46.662706920999881, -23.98847298399977 ], [ -46.662915657999918, -23.988528059999794 ], [ -46.663061502999831, -23.988545590999813 ], [ -46.663227288999849, -23.988496010999881 ], [ -46.663434060999919, -23.988398202999853 ], [ -46.663620768999806, -23.988357951999824 ], [ -46.663890799999876, -23.988326351999721 ], [ -46.664139784999861, -23.98827586799996 ], [ -46.664451045999954, -23.988215150999899 ], [ -46.664679599999943, -23.988193556999814 ], [ -46.664908029999822, -23.988162407999823 ], [ -46.665178796999953, -23.988188136999888 ], [ -46.665429378999704, -23.988261867999707 ], [ -46.665606915999831, -23.988317278999823 ], [ -46.665774544999863, -23.988411022999852 ], [ -46.666003712999895, -23.988437202999812 ], [ -46.666294665999828, -23.98841492799983 ], [ -46.666596264999896, -23.988411650999925 ], [ -46.666887094999822, -23.988379819999864 ], [ -46.667167400999801, -23.988338546999898 ], [ -46.667344076999768, -23.988327069999858 ], [ -46.667603829999962, -23.988305131999823 ], [ -46.667916073999947, -23.988320849999869 ], [ -46.668176441999833, -23.988346686999872 ], [ -46.66827102699984, -23.988422109999821 ], [ -46.668500810999831, -23.988496060999982 ], [ -46.668688502999714, -23.988532244999757 ], [ -46.668844748999959, -23.988549657999776 ], [ -46.669074163999937, -23.988594942999899 ], [ -46.669293055999731, -23.988630785999923 ], [ -46.66950191799998, -23.988695407999785 ], [ -46.669731086999832, -23.988721581999982 ], [ -46.669950225999855, -23.988776534999825 ], [ -46.670179147999875, -23.988783597999713 ], [ -46.670449793999978, -23.988799762999978 ], [ -46.670647392999911, -23.988797609999772 ], [ -46.67095902199992, -23.988765544999978 ], [ -46.671270774999869, -23.988743034999967 ], [ -46.671551573999928, -23.98873997499981 ], [ -46.671874588999913, -23.988784234999855 ], [ -46.672154400999887, -23.988704732999842 ], [ -46.672382705999951, -23.988664016999845 ], [ -46.672642210999925, -23.988622960999805 ], [ -46.672880914999951, -23.988582130999816 ], [ -46.673108850999824, -23.988459232999784 ], [ -46.67330094099998, -23.988433245999833 ], [ -46.673389957999973, -23.988480056999887 ], [ -46.673493018999977, -23.98880862999982 ], [ -46.673686528999838, -23.988946041999899 ], [ -46.673874468999827, -23.989001329999947 ], [ -46.673948627999835, -23.98910564099986 ], [ -46.674064634999922, -23.989228608999838 ], [ -46.674252946999957, -23.989312560999849 ], [ -46.674409687999969, -23.989368187999837 ], [ -46.674608276999777, -23.989442470999855 ], [ -46.674774676999959, -23.98944065399996 ], [ -46.67488858199988, -23.989401183999799 ], [ -46.675085316999912, -23.98933213999987 ], [ -46.675240574999975, -23.989273104999707 ], [ -46.675354231999961, -23.989214524999912 ], [ -46.675571394999906, -23.989116586999895 ], [ -46.675684680999957, -23.989029340999707 ], [ -46.67580873899982, -23.988970646999974 ], [ -46.676027137999945, -23.988968259999865 ], [ -46.676234146999832, -23.988889545999942 ], [ -46.676368108999725, -23.988792516999975 ], [ -46.676428032999979, -23.98860073299976 ], [ -46.676561622999941, -23.988475038999919 ], [ -46.67663330899984, -23.988334730999949 ], [ -46.6766684709998, -23.988238781999819 ], [ -46.676802369999962, -23.988136974999914 ], [ -46.676932553999904, -23.988203401999836 ], [ -46.677111951999905, -23.988402125999926 ], [ -46.677259283999831, -23.988534303999753 ], [ -46.677437939999891, -23.988675696999906 ], [ -46.677605576999895, -23.988769427999781 ], [ -46.677867308999964, -23.988900353999785 ], [ -46.677983070999858, -23.989004207999763 ], [ -46.678138450999938, -23.988954725999747 ], [ -46.678242077999982, -23.988924921999853 ], [ -46.678418257999908, -23.988875211999982 ], [ -46.678709455999922, -23.988872023999814 ], [ -46.678990625999923, -23.988897614999814 ], [ -46.679315006999843, -23.989046965999822 ], [ -46.679566092999835, -23.989158893999843 ], [ -46.679744132999815, -23.989252507999925 ], [ -46.680005247999929, -23.989335654999817 ], [ -46.680224514999971, -23.989400147999898 ], [ -46.680464582999832, -23.989464411999734 ], [ -46.680609809999964, -23.989434150999944 ], [ -46.680712320999817, -23.989318349999792 ], [ -46.680762955999853, -23.989212674999855 ], [ -46.680824362999942, -23.989135549999791 ], [ -46.680905452999923, -23.988972201999843 ], [ -46.681028886999911, -23.988865727999837 ], [ -46.681130900999904, -23.988711706999883 ], [ -46.681368112999905, -23.988556202999973 ], [ -46.681470745999889, -23.988449956999883 ], [ -46.681563351999898, -23.988372489999964 ], [ -46.681739777999844, -23.988341885999834 ], [ -46.681843031999847, -23.988283414999955 ], [ -46.682071828999767, -23.988280905999773 ], [ -46.682186599999852, -23.988308315999976 ], [ -46.682426044999943, -23.988324801999852 ], [ -46.682675641999822, -23.988322062999714 ], [ -46.682821363999892, -23.988330020999911 ], [ -46.683018836999963, -23.988318296999918 ], [ -46.683247509999887, -23.988306230999747 ], [ -46.683422318999874, -23.988151408999787 ], [ -46.683671169999855, -23.988091338999872 ], [ -46.683931662999726, -23.988126703999963 ], [ -46.68409855799996, -23.98816309699987 ], [ -46.684305932999905, -23.988113036999888 ], [ -46.684439390999842, -23.987977780999817 ], [ -46.68452134599994, -23.9878813169999 ], [ -46.684551052999836, -23.987766313999824 ], [ -46.684549063999839, -23.987613432999865 ], [ -46.68451649699989, -23.987508669999897 ], [ -46.684472410999888, -23.987318025999851 ], [ -46.68442857399981, -23.987146490999862 ], [ -46.684374833999982, -23.987013291999855 ], [ -46.684310943999947, -23.986899315999832 ], [ -46.684225507999884, -23.986728238999891 ], [ -46.68423404299989, -23.986584798999832 ], [ -46.684284301999867, -23.986450456999819 ], [ -46.684397454999839, -23.986353649999899 ], [ -46.68464667499984, -23.986322242999957 ], [ -46.68484352299987, -23.986262741999834 ], [ -46.684957048999934, -23.98619459999998 ], [ -46.685080352999933, -23.986078567999868 ], [ -46.685224579999954, -23.985971862999861 ], [ -46.685306781999827, -23.985894507999827 ], [ -46.685336363999973, -23.985769949999852 ], [ -46.685407792999854, -23.985664043999861 ], [ -46.685509923999859, -23.985519574999895 ], [ -46.685580978999951, -23.985385003999792 ], [ -46.685672957999827, -23.985259759999735 ], [ -46.685754164999707, -23.985105964999768 ], [ -46.685813326999835, -23.984856846999946 ], [ -46.685811336999848, -23.984703965999753 ], [ -46.685861218999776, -23.984540958999848 ], [ -46.685891421999884, -23.98446417599979 ], [ -46.686036268999885, -23.984405244999895 ], [ -46.686254410999709, -23.984383733999884 ], [ -46.6865453489998, -23.984361421999836 ], [ -46.686819591999949, -23.984315082999903 ], [ -46.686943762999817, -23.984265934999819 ], [ -46.687088733999936, -23.98421655899983 ], [ -46.687255125999911, -23.984214727999859 ], [ -46.687453090999952, -23.984241218999841 ], [ -46.687589529999975, -23.984335281999964 ], [ -46.687653420999823, -23.984449255999888 ], [ -46.687686612999926, -23.984601793999897 ], [ -46.687751002999846, -23.984753987999966 ], [ -46.687866892999921, -23.98486738899992 ], [ -46.688034531999847, -23.984961107999876 ], [ -46.688201298999957, -23.984987941999979 ], [ -46.688346892999846, -23.984986338999772 ], [ -46.68847068999986, -23.984908524999806 ], [ -46.68857306599989, -23.984783163999737 ], [ -46.688685591999786, -23.98463857899992 ], [ -46.688829938999845, -23.984541425999957 ], [ -46.688942961999942, -23.984435059999949 ], [ -46.689025659999857, -23.984395923999845 ], [ -46.689201827999966, -23.98434620199998 ], [ -46.689347421999749, -23.984344597999769 ], [ -46.68949363799976, -23.984390768999848 ], [ -46.689630202999979, -23.984494385999824 ], [ -46.68980811799986, -23.984578432999854 ], [ -46.689954708999835, -23.984653268999974 ], [ -46.690101299999867, -23.984728104999864 ], [ -46.690268191999905, -23.98476449099979 ], [ -46.690433710999855, -23.984695771999949 ], [ -46.690526308999949, -23.984618299999852 ], [ -46.690640702999815, -23.984617038999826 ], [ -46.690755846999934, -23.984673107999864 ], [ -46.690892038999834, -23.984748057999919 ], [ -46.691017956999879, -23.984832676999819 ], [ -46.691184723999982, -23.984859507999825 ], [ -46.691361141999835, -23.984828892999868 ], [ -46.691588807999835, -23.984740373999838 ], [ -46.6917538269999, -23.984633433999761 ], [ -46.691928994999842, -23.984507267999899 ], [ -46.692011067999886, -23.98442035499982 ], [ -46.692008944999884, -23.984257919999781 ], [ -46.692110691999858, -23.984084781999858 ], [ -46.692233237999972, -23.983911413999977 ], [ -46.692377455999811, -23.983804702999858 ], [ -46.692480201999906, -23.983708004999926 ], [ -46.692717389999871, -23.983552484999848 ], [ -46.692862481999896, -23.983512657999938 ], [ -46.692977999999755, -23.983597389999773 ], [ -46.693000797999957, -23.983750040999944 ], [ -46.693023720999918, -23.983912246999861 ], [ -46.693056918999901, -23.984064782999774 ], [ -46.69314223899994, -23.984226299999751 ], [ -46.693320404999952, -23.984329452999926 ], [ -46.693404724999823, -23.984414528999768 ], [ -46.693530893999764, -23.984518256999817 ], [ -46.69363626399997, -23.984622212999909 ], [ -46.693701410999836, -23.98483173499983 ], [ -46.693651662999912, -23.985004298999737 ], [ -46.693570966999971, -23.985196317999783 ], [ -46.693457821999857, -23.985293130999825 ], [ -46.693398298999909, -23.985513585999854 ], [ -46.693369474999827, -23.985695475999819 ], [ -46.693423596999764, -23.985857336999803 ], [ -46.6934873699999, -23.985961752999799 ], [ -46.693571941999892, -23.9860659389999 ], [ -46.693573191999917, -23.986161488999983 ], [ -46.693637464999881, -23.986304124999887 ], [ -46.693732686999851, -23.986427306999868 ], [ -46.693931654999972, -23.986530229999854 ], [ -46.694150047999926, -23.986527816999853 ], [ -46.694274468999822, -23.986497772999826 ], [ -46.69438999099998, -23.986582504999827 ], [ -46.69446478999987, -23.986734579999791 ], [ -46.694509264999908, -23.98695388599992 ], [ -46.694511515999814, -23.987125875999929 ], [ -46.694565015999899, -23.987239960999776 ], [ -46.694629164999867, -23.987373041999774 ], [ -46.694745563999902, -23.987524657999813 ], [ -46.69488176099992, -23.987599603999968 ], [ -46.694997408999882, -23.987693888999953 ], [ -46.695081732999832, -23.987778964999958 ], [ -46.695177082999926, -23.98791169999976 ], [ -46.69528233199992, -23.988006100999943 ], [ -46.695377305999955, -23.988110170999839 ], [ -46.695493580999823, -23.988252230999866 ], [ -46.695641430999956, -23.988422610999859 ], [ -46.695705206999719, -23.988527025999861 ], [ -46.695790658999954, -23.98869809599989 ], [ -46.695876110999848, -23.988869165999862 ], [ -46.69594001199988, -23.988983135999934 ], [ -46.696076836999737, -23.989105854999821 ], [ -46.696254135999936, -23.989142119999713 ], [ -46.696398982999945, -23.989083178999977 ], [ -46.696564753999894, -23.989033562999847 ], [ -46.696731151999984, -23.989031721999879 ], [ -46.696893164999778, -23.989108729999938 ], [ -46.697011600999929, -23.98932187999991 ], [ -46.697122023999896, -23.989507564999823 ], [ -46.697337100999846, -23.989648529999844 ], [ -46.697410526999874, -23.989695498999811 ], [ -46.697458390999834, -23.989776197999849 ], [ -46.697486270999832, -23.989919235999711 ], [ -46.697468415999879, -23.990144007999902 ], [ -46.69750594299996, -23.99022959999996 ], [ -46.697771579999824, -23.990260105999823 ], [ -46.698048619999732, -23.990366936999862 ], [ -46.698315761999822, -23.990512101999794 ], [ -46.698598378999918, -23.990647538999834 ], [ -46.698803184999917, -23.990798171999923 ], [ -46.698882125999887, -23.990868969999838 ], [ -46.699013065999964, -23.990939191999864 ], [ -46.69921599099996, -23.990946499999946 ], [ -46.699350249999895, -23.990873338999847 ], [ -46.69947886999995, -23.990766793999907 ], [ -46.699638312999816, -23.990631236999889 ], [ -46.699866128999929, -23.990522768999877 ], [ -46.700047727999845, -23.990504894999845 ], [ -46.700184056999944, -23.990589389999801 ], [ -46.700279036999916, -23.990693456999789 ], [ -46.700477263999858, -23.990739040999927 ], [ -46.700654188999749, -23.990746634999933 ], [ -46.700904415999958, -23.99079164099993 ], [ -46.701081591999866, -23.990818344999923 ], [ -46.701176447999899, -23.990912855999859 ], [ -46.701364777999856, -23.990996773999939 ], [ -46.701458000999821, -23.990967070999886 ], [ -46.70157164699981, -23.990908470999834 ], [ -46.701717999999858, -23.990964184999825 ], [ -46.70180320999998, -23.99111614099979 ], [ -46.701918991999776, -23.991219975999844 ], [ -46.702034522999838, -23.991304700999763 ], [ -46.702201550999973, -23.991350628999896 ], [ -46.70235729999991, -23.991329786999874 ], [ -46.702492122999956, -23.991299620999936 ], [ -46.702606522999815, -23.991298350999841 ], [ -46.702783699999827, -23.991325051999912 ], [ -46.702982431999949, -23.991408851999839 ], [ -46.703160111999978, -23.991473772999882 ], [ -46.703348065999819, -23.991529022999817 ], [ -46.703463220999822, -23.991585081999862 ], [ -46.703640398999937, -23.991611782999939 ], [ -46.703702043999897, -23.991553759999938 ], [ -46.703815437999936, -23.991476048999967 ], [ -46.703928705999886, -23.991388782999707 ], [ -46.704063276999932, -23.991339505999804 ], [ -46.704155492999917, -23.991233360999782 ], [ -46.704288930999958, -23.991098088999877 ], [ -46.704482518999782, -23.990949246999826 ], [ -46.704663731999858, -23.990887505999869 ], [ -46.704858101999775, -23.990837562999893 ], [ -46.70505199899992, -23.990751788999827 ], [ -46.7051945259999, -23.990714366999832 ], [ -46.705324839999946, -23.990736808999824 ], [ -46.705467052999893, -23.990675499999842 ], [ -46.705505107999841, -23.990603403999895 ], [ -46.705542375999812, -23.990471589999913 ], [ -46.705618329999822, -23.990315453999859 ], [ -46.705642440999839, -23.990171840999889 ], [ -46.705758337999839, -23.990086933999969 ], [ -46.705888650999896, -23.990109374999971 ], [ -46.70603212199984, -23.990143614999962 ], [ -46.706149592999964, -23.99017814399997 ], [ -46.706318905999865, -23.990200150999836 ], [ -46.706498856999815, -23.990042857999811 ], [ -46.706693381999855, -23.99000485699986 ], [ -46.706759325999883, -23.990075794999928 ], [ -46.706904371999826, -23.990229470999793 ], [ -46.707088889999966, -23.990418543999954 ], [ -46.707259306999958, -23.990524155999822 ], [ -46.707415305, -23.990522418999941 ], [ -46.707701617999874, -23.99054312099997 ], [ -46.707845246999852, -23.990589302999975 ], [ -46.707989348999774, -23.990671315999915 ], [ -46.708093978999841, -23.990717931999701 ], [ -46.708238711999797, -23.990847719999852 ], [ -46.708305444999723, -23.990978375999934 ], [ -46.708489178999855, -23.991107727999974 ], [ -46.708621542999765, -23.991285434999838 ], [ -46.708623277999841, -23.991416814999866 ], [ -46.708599642999729, -23.991596259999884 ], [ -46.708524164999972, -23.991788226999809 ], [ -46.70843458399986, -23.991896733999965 ], [ -46.708344844999885, -23.991993297999777 ], [ -46.708281894999914, -23.992149289999816 ], [ -46.708322786999929, -23.992292178999829 ], [ -46.70846736399983, -23.992410021999884 ], [ -46.708611152999822, -23.992468146999837 ], [ -46.708962785999859, -23.992512009999814 ], [ -46.709249891999889, -23.992592426999977 ], [ -46.709291573999963, -23.992795034999858 ], [ -46.70918930799985, -23.992927574999847 ], [ -46.709113515999888, -23.99309565499988 ], [ -46.709127934999742, -23.993203002999962 ], [ -46.70929898799978, -23.993356386999949 ], [ -46.709404724999729, -23.993486607999898 ], [ -46.709445933999859, -23.993653383999906 ], [ -46.709515194999824, -23.993975137999819 ], [ -46.709637087999965, -23.994344085999959 ], [ -46.709810509999841, -23.994676623999855 ], [ -46.709956827999861, -23.994925845999774 ], [ -46.710141198999736, -23.99510297099971 ], [ -46.71036425699981, -23.995255772999833 ], [ -46.710612684999944, -23.995360509999951 ], [ -46.710835269999791, -23.99547747999987 ], [ -46.711147751999818, -23.99550982899996 ], [ -46.711408232999872, -23.995542756999836 ], [ -46.711682030999953, -23.99559942799981 ], [ -46.711904300999777, -23.995692508999976 ], [ -46.712151781999921, -23.995725581999849 ], [ -46.712346313999944, -23.995687572999817 ], [ -46.71248900199987, -23.99566208799984 ], [ -46.712697323999869, -23.995683651999858 ], [ -46.712917539999864, -23.995621464999765 ], [ -46.713085120999779, -23.99551208399987 ], [ -46.713148383999965, -23.99537997699997 ], [ -46.713198644999864, -23.995248015999714 ], [ -46.713221799999928, -23.995032740999765 ], [ -46.713298377999941, -23.994924375999922 ], [ -46.71362132999986, -23.994765476999753 ], [ -46.713777332999769, -23.994763732999949 ], [ -46.713946177999901, -23.994749899999874 ], [ -46.714231708999819, -23.994710871999931 ], [ -46.714399920999767, -23.994649263999808 ], [ -46.714618867999945, -23.994491524999827 ], [ -46.71473460399995, -23.99439466799981 ], [ -46.714940708999848, -23.994249017999834 ], [ -46.715264921999847, -23.994185663999811 ], [ -46.715446924999981, -23.994183627999913 ], [ -46.715629719999924, -23.994241308999904 ], [ -46.715774938999857, -23.994406919999843 ], [ -46.716048893999869, -23.994475525999903 ], [ -46.716232005999927, -23.994557093999898 ], [ -46.716415434999817, -23.994662548999937 ], [ -46.716559862999873, -23.994768439999802 ], [ -46.716679400999908, -23.994958227999973 ], [ -46.716772144999943, -23.995088588999916 ], [ -46.71677468099989, -23.995279685999829 ], [ -46.716880425999932, -23.995409900999785 ], [ -46.717024696999886, -23.99550384899981 ], [ -46.717181334999964, -23.99554987599981 ], [ -46.717351448999921, -23.995631587999807 ], [ -46.717651407999767, -23.99569989999981 ], [ -46.717924890999939, -23.995732671999921 ], [ -46.718145420999974, -23.995694363999863 ], [ -46.718261630999905, -23.995633334999869 ], [ -46.718404475999819, -23.995619788999818 ], [ -46.718534478999914, -23.995618330999715 ], [ -46.718677481999862, -23.995616727999845 ], [ -46.718780373999834, -23.995531956999852 ], [ -46.718935267999768, -23.995446602999724 ], [ -46.71906352499991, -23.995313765999981 ], [ -46.719217782999976, -23.995180636999805 ], [ -46.719319721999973, -23.995024203999829 ], [ -46.719396929999959, -23.994963610999886 ], [ -46.719499503999828, -23.994854952999958 ], [ -46.719523440999865, -23.994699393999952 ], [ -46.719417693999901, -23.994569180999868 ], [ -46.71935205799997, -23.994522135999951 ], [ -46.719245993999834, -23.994368034999972 ], [ -46.719230295999751, -23.994165139999886 ], [ -46.719280233999825, -23.994009289999713 ], [ -46.7193832829999, -23.993936461999741 ], [ -46.719564014999833, -23.993838871999738 ], [ -46.719706064999968, -23.99376560699989 ], [ -46.719951320999826, -23.993631456999871 ], [ -46.720158528999832, -23.993569404999896 ], [ -46.72032673599989, -23.993507790999953 ], [ -46.720481784999834, -23.993434378999837 ], [ -46.720623991999901, -23.993373056999815 ], [ -46.720765880999984, -23.993287846999799 ], [ -46.720881134999843, -23.993155153999908 ], [ -46.720983387999865, -23.993022606999769 ], [ -46.721111799999846, -23.992901711999814 ], [ -46.721267005999891, -23.992840242999875 ], [ -46.721434576999911, -23.992730852999724 ], [ -46.721537146999935, -23.992622192999882 ], [ -46.721834557999955, -23.992499399999939 ], [ -46.722003557999983, -23.992497501999932 ], [ -46.722225033999734, -23.992530850999852 ], [ -46.72232903399982, -23.99252968299993 ], [ -46.72247203399985, -23.992528075999811 ], [ -46.722589828999901, -23.992586479999776 ], [ -46.722721258999854, -23.992692510999909 ], [ -46.722826848999887, -23.992810777999917 ], [ -46.72290739399989, -23.993000998999939 ], [ -46.723013778999984, -23.993178983999766 ], [ -46.723095118999879, -23.993428921999907 ], [ -46.723278550999964, -23.99353436899986 ], [ -46.723501778999889, -23.993699094999727 ], [ -46.723646848999984, -23.993852752999828 ], [ -46.723882122999903, -23.993945670999942 ], [ -46.724104556999919, -23.994050677999841 ], [ -46.724326036999855, -23.994084022999854 ], [ -46.724455878999947, -23.994070617999796 ], [ -46.724507083999924, -23.994010314999965 ], [ -46.724700334999909, -23.993876741999767 ], [ -46.724893266999914, -23.993719281999859 ], [ -46.725008515999832, -23.993586586999974 ], [ -46.725150879999887, -23.993537203999892 ], [ -46.725370606999945, -23.993439167999945 ], [ -46.725616811999828, -23.993376670999847 ], [ -46.725799130999974, -23.99339850899997 ], [ -46.726033290999794, -23.993407818999856 ], [ -46.726229406999948, -23.993489227999937 ], [ -46.726373044999946, -23.993535391999835 ], [ -46.726686799999868, -23.993663257999852 ], [ -46.726844074999917, -23.993757048999722 ], [ -46.726987075999943, -23.993755438999923 ], [ -46.727129279999986, -23.993694109999918 ], [ -46.72733664399982, -23.993643992999861 ], [ -46.727556846999732, -23.993581784999947 ], [ -46.727725847999864, -23.99357987999997 ], [ -46.727829848999768, -23.993578707999799 ], [ -46.728050849999931, -23.99357621799993 ], [ -46.728194806999852, -23.993646266999864 ], [ -46.728261880999924, -23.993800799999864 ], [ -46.728265070999896, -23.994039670999825 ], [ -46.728241622999917, -23.994231060999926 ], [ -46.72826985599994, -23.994397976999888 ], [ -46.728391323999858, -23.994731076999756 ], [ -46.728458876999866, -23.994921440999864 ], [ -46.728577952999842, -23.995075387999972 ], [ -46.72867070999979, -23.995205740999829 ], [ -46.728685145999862, -23.995313085999843 ], [ -46.728674378999926, -23.995480441999909 ], [ -46.728728454999953, -23.99563512099984 ], [ -46.728897936999942, -23.995669045999815 ], [ -46.729054098999825, -23.995679229999951 ], [ -46.729248623999922, -23.995641199999913 ], [ -46.729364987999872, -23.995592106999766 ], [ -46.729468670999836, -23.995567045999906 ], [ -46.729533192999838, -23.995530481999822 ], [ -46.729714237999985, -23.995456767999823 ], [ -46.729855643999883, -23.995335718999854 ], [ -46.729905888999951, -23.99520375399976 ], [ -46.729968653999833, -23.995035810999806 ], [ -46.730084378999891, -23.994938941999969 ], [ -46.730225623999843, -23.994805949999883 ], [ -46.730432827999948, -23.99474388499981 ], [ -46.730575829999964, -23.994742270999957 ], [ -46.730680948999868, -23.994824700999857 ], [ -46.730799707999836, -23.994954758999761 ], [ -46.73090514699993, -23.995061076999939 ], [ -46.731010745999981, -23.995179337999783 ], [ -46.731180387999984, -23.995225202999848 ], [ -46.731441189999885, -23.995281984999846 ], [ -46.73150746999994, -23.995376798999878 ], [ -46.731587228999786, -23.99550729699985 ], [ -46.731667467999955, -23.995673624999828 ], [ -46.731760227999985, -23.995803974999774 ], [ -46.731904988999986, -23.995933738999955 ], [ -46.732087791999845, -23.995991399999919 ], [ -46.732294516999957, -23.995893501999834 ], [ -46.732449720999739, -23.995832020999782 ], [ -46.732656445999794, -23.995734122999867 ], [ -46.732837808999818, -23.995684291999908 ], [ -46.732915010999875, -23.995623691999871 ], [ -46.73309605399993, -23.995549973999907 ], [ -46.733237776999943, -23.995452808999865 ], [ -46.733379178999826, -23.995331757999956 ], [ -46.733481420999851, -23.995199202999849 ], [ -46.733557661999839, -23.995066942999813 ], [ -46.73369874299982, -23.994922003999822 ], [ -46.733970945999943, -23.994859198999787 ], [ -46.734191467999892, -23.994820867999977 ], [ -46.734412469999882, -23.994818367999873 ], [ -46.734762993999936, -23.994778566999859 ], [ -46.735009194999861, -23.994716053999916 ], [ -46.735229235999952, -23.994641891999837 ], [ -46.735514117999912, -23.994555049999917 ], [ -46.735785677999907, -23.994444467999749 ], [ -46.735979236999924, -23.994334768999803 ], [ -46.736186116999818, -23.994248808999885 ], [ -46.736406155999816, -23.994174645999969 ], [ -46.73665171499988, -23.9940643569999 ], [ -46.736818310999979, -23.993883289999925 ], [ -46.736972867999896, -23.993774030999862 ], [ -46.737101424999878, -23.993665066999828 ], [ -46.737151821999873, -23.993545042999923 ], [ -46.737240416999839, -23.993364859999762 ], [ -46.737315850999948, -23.993172879999861 ], [ -46.737379086999852, -23.993040764999758 ], [ -46.737415360999819, -23.992837283999897 ], [ -46.737451955999916, -23.992657689999874 ], [ -46.737489030999882, -23.992513926999713 ], [ -46.737552266999955, -23.992381811999959 ], [ -46.737653699999839, -23.992189536999941 ], [ -46.737833933999809, -23.992056095999828 ], [ -46.737975648999907, -23.991958927999796 ], [ -46.73823420199983, -23.991848488999892 ], [ -46.738481197999818, -23.991845688999824 ], [ -46.73858559699994, -23.991874367999799 ], [ -46.738710298999877, -23.991962543999815 ], [ -46.738822080999967, -23.992056838999815 ], [ -46.73894020299997, -23.992139115999858 ], [ -46.739051583999867, -23.992203551999868 ], [ -46.739175884999838, -23.992261867999897 ], [ -46.739358203999927, -23.992283690999841 ], [ -46.739508985999862, -23.992377542999808 ], [ -46.739645725999829, -23.992393908999816 ], [ -46.739794982999797, -23.992374297999959 ], [ -46.739918240999884, -23.992354980999778 ], [ -46.739989498999819, -23.992336253999831 ], [ -46.740093015999946, -23.99229924399981 ], [ -46.740222612999844, -23.992267909999949 ], [ -46.740345468999976, -23.992218733999714 ], [ -46.740520725999716, -23.992198826999914 ], [ -46.740676562999852, -23.992185111999841 ], [ -46.740806239999984, -23.992159749999814 ], [ -46.740910077999899, -23.992146624999855 ], [ -46.741007094999816, -23.992109687999914 ], [ -46.741097851999882, -23.992090738999771 ], [ -46.741233787999931, -23.99204738699984 ], [ -46.741344205999837, -23.992040160999871 ], [ -46.741415141999823, -23.991997545999883 ], [ -46.741466417999902, -23.991943209999814 ], [ -46.741550434999738, -23.99190641999996 ], [ -46.741594888999884, -23.9918282709998 ], [ -46.741678744999888, -23.991779536999953 ], [ -46.741749520999974, -23.991724978999972 ], [ -46.741840277999927, -23.991706030999929 ], [ -46.741930632999754, -23.991657222999777 ], [ -46.742086228999938, -23.991625591999817 ], [ -46.742196725999861, -23.991624335999749 ], [ -46.742307706999782, -23.991658910999831 ], [ -46.742450703999907, -23.99165728599996 ], [ -46.742567701999917, -23.991655956999868 ], [ -46.742717198999912, -23.991654257999976 ], [ -46.742855224999971, -23.991766168999845 ], [ -46.743141218999824, -23.991762917999843 ], [ -46.743258779999962, -23.99180338999998 ], [ -46.743331726999884, -23.991910067999921 ], [ -46.743476896999823, -23.99206967799989 ], [ -46.743511165999792, -23.992200685999816 ], [ -46.743506435999855, -23.992332137999938 ], [ -46.74346310899972, -23.992493891999921 ], [ -46.743394102999787, -23.992679828999766 ], [ -46.743369551999706, -23.992787614999887 ], [ -46.743377740999961, -23.992912946999869 ], [ -46.74343150999988, -23.993043733999851 ], [ -46.74350542299976, -23.993222072999856 ], [ -46.743655887999871, -23.993292032999872 ], [ -46.743759243999818, -23.993243076999814 ], [ -46.74383058199993, -23.993230319999842 ], [ -46.743980241999907, -23.993240562999798 ], [ -46.744123240999905, -23.993238935999837 ], [ -46.744208383999933, -23.993285748999877 ], [ -46.744313831999875, -23.99339205599972 ], [ -46.744373860999758, -23.99350485399998 ], [ -46.744466792999901, -23.993647138999847 ], [ -46.744558919999974, -23.993729707999936 ], [ -46.744722465999928, -23.993805490999822 ], [ -46.744839786999762, -23.993828046999734 ], [ -46.744917706999843, -23.993821186999874 ], [ -46.745040561999872, -23.99377200799978 ], [ -46.745151061999763, -23.993770749999953 ], [ -46.745254577999901, -23.993733735999914 ], [ -46.745391076999908, -23.993732181999864 ], [ -46.745522043999813, -23.993802362999816 ], [ -46.745646670999918, -23.993884560999959 ], [ -46.745828911999922, -23.993900402999767 ], [ -46.745965169999977, -23.993880933999833 ], [ -46.746080396999844, -23.993748223999937 ], [ -46.746286139999825, -23.993578646999701 ], [ -46.746383477999871, -23.993565592999857 ], [ -46.74671578199991, -23.993621533999935 ], [ -46.746743796999738, -23.993770529999843 ], [ -46.746701198999858, -23.993986029999913 ], [ -46.746651858999769, -23.994183688999833 ], [ -46.746679389999827, -23.994296854999966 ], [ -46.746797276999821, -23.994361210999962 ], [ -46.746979276999873, -23.994359136999776 ], [ -46.747069631999977, -23.99431032699982 ], [ -46.747210212999903, -23.99412954599973 ], [ -46.747320228999854, -23.994092455999919 ], [ -46.747456324999924, -23.994061041999828 ], [ -46.747545953999861, -23.99395848599994 ], [ -46.747636953999859, -23.993957448999936 ], [ -46.747676679999927, -23.994010748999756 ], [ -46.747697469999878, -23.994106073999884 ], [ -46.747770663999972, -23.994230664999808 ], [ -46.747867840999845, -23.994205666999964 ], [ -46.74796525999983, -23.994198583999829 ], [ -46.748152952999817, -23.994136716999943 ], [ -46.748314241999935, -23.994045288999924 ], [ -46.748462046999919, -23.993918177999888 ], [ -46.748708965999981, -23.993909388999779 ], [ -46.748832706999735, -23.993925895999837 ], [ -46.749028109999927, -23.993953529999882 ], [ -46.749140626999925, -23.994101561999965 ], [ -46.749338290999845, -23.99429640299984 ], [ -46.749437323999757, -23.994408752999902 ], [ -46.749504422999912, -23.994563274999795 ], [ -46.749512214999925, -23.994658747999896 ], [ -46.749475071999882, -23.994796542999836 ], [ -46.749418105999951, -23.994910671999943 ], [ -46.749335623999968, -23.995060928999848 ], [ -46.749284430999808, -23.995121239999776 ], [ -46.749234206999859, -23.99525320999987 ], [ -46.749235982999892, -23.995384587999983 ], [ -46.749265574999868, -23.995553871999956 ], [ -46.749352828999974, -23.995660383999731 ], [ -46.749423804999822, -23.995716910999707 ], [ -46.749612265999872, -23.995807933999856 ], [ -46.749729654999896, -23.995835261999783 ], [ -46.749940547999927, -23.995854356999871 ], [ -46.75006496099985, -23.995824267999868 ], [ -46.750236659999814, -23.99582947499993 ], [ -46.750385539999968, -23.995877944999958 ], [ -46.750433503999943, -23.995963402999841 ], [ -46.750482145999968, -23.996099023999758 ], [ -46.750531563999971, -23.996291971999767 ], [ -46.750588685999901, -23.996477665999912 ], [ -46.750676813999917, -23.996648670999953 ], [ -46.750763681999842, -23.996726516999896 ], [ -46.750913435999962, -23.996839480999935 ], [ -46.751055680999912, -23.996974031999795 ], [ -46.751182713999754, -23.997137424999895 ], [ -46.751304804999847, -23.997319986999798 ], [ -46.751387009999974, -23.997629623999845 ], [ -46.751324918999899, -23.997845346999839 ], [ -46.751380476999884, -23.998107507999865 ], [ -46.751356900999781, -23.998286955999955 ], [ -46.7512938389998, -23.998431018999895 ], [ -46.75124410099977, -23.998598819999927 ], [ -46.751286011999866, -23.998813355999918 ], [ -46.751430794999862, -23.998943098999806 ], [ -46.751677964999885, -23.998952219999858 ], [ -46.751872970999955, -23.99894999199978 ], [ -46.752054815999891, -23.998935967999842 ], [ -46.752223497999807, -23.998910149999848 ], [ -46.752470181999968, -23.998883438999943 ], [ -46.752626510999846, -23.998905541999815 ], [ -46.752770809999909, -23.998999453999946 ], [ -46.752798266999946, -23.999106646999845 ], [ -46.752801178999846, -23.999321627999961 ], [ -46.752829445999851, -23.999488537999753 ], [ -46.752947420999931, -23.999558859999865 ], [ -46.753285011999822, -23.999523941999822 ], [ -46.753558604999967, -23.999563814999764 ], [ -46.753730599999983, -23.999590515999838 ], [ -46.753925898999796, -23.999609782999812 ], [ -46.754035879999947, -23.999665860999919 ], [ -46.754161752999892, -23.99974325899985 ], [ -46.75421098399994, -23.999921873999881 ], [ -46.754275912999901, -24.000107476999798 ], [ -46.754425382999841, -24.000198938999972 ], [ -46.754740480999885, -24.000231166999978 ], [ -46.754858457999774, -24.000301487999938 ], [ -46.754900051999876, -24.000492134999831 ], [ -46.75486250799986, -24.00060007199977 ], [ -46.754760771999884, -24.000768469999844 ], [ -46.754646358999821, -24.000960902999964 ], [ -46.754661302999814, -24.001104073999841 ], [ -46.754767899999933, -24.001293976999822 ], [ -46.754847685999891, -24.001424460999942 ], [ -46.754992151999836, -24.001530313999915 ], [ -46.75512507499991, -24.001743805999805 ], [ -46.755270026999824, -24.001885488999907 ], [ -46.755532634999781, -24.002073604999847 ], [ -46.755715130999874, -24.00210734999996 ], [ -46.756000983999911, -24.00209212999976 ], [ -46.756298703999846, -24.001993156999848 ], [ -46.756610719999912, -24.001989581999915 ], [ -46.756767214999968, -24.002023623999722 ], [ -46.757041202999915, -24.00209215499995 ], [ -46.757367518999899, -24.002183974999745 ], [ -46.757665561999886, -24.002108886999903 ], [ -46.757845948999886, -24.001987365999984 ], [ -46.757987007999816, -24.001842405999977 ], [ -46.75825710099997, -24.001624293999779 ], [ -46.758477624999841, -24.001585928999816 ], [ -46.758647444999838, -24.001643706999971 ], [ -46.758728533999829, -24.00186973499984 ], [ -46.758836273999862, -24.00214323799992 ], [ -46.758954579999852, -24.002237441999796 ], [ -46.759099373999845, -24.00236717699989 ], [ -46.759373525999877, -24.00244764699988 ], [ -46.759570810999946, -24.002612614999865 ], [ -46.759856989999832, -24.00262127499985 ], [ -46.760039000999882, -24.002619184999954 ], [ -46.760273500999915, -24.002652326999854 ], [ -46.760493538999924, -24.002578128999861 ], [ -46.76067554899987, -24.002576037999859 ], [ -46.760845533999827, -24.002645756999925 ], [ -46.76104233299975, -24.002774892999863 ], [ -46.761238482999829, -24.002856254999923 ], [ -46.761604943999941, -24.003031221999777 ], [ -46.76176339299991, -24.003208577999775 ], [ -46.761896165999985, -24.003410119999845 ], [ -46.761964749999777, -24.00367212499987 ], [ -46.761915836999833, -24.003899645999866 ], [ -46.762049912999828, -24.004196733999837 ], [ -46.762167571999953, -24.004243161999849 ], [ -46.762414588999889, -24.004240321999866 ], [ -46.762726121999833, -24.004200903999905 ], [ -46.762946647999854, -24.004162531999832 ], [ -46.763272646999724, -24.004230452999764 ], [ -46.763520965999874, -24.004323156999821 ], [ -46.763925784999856, -24.00444989499983 ], [ -46.764069609999865, -24.004507965999831 ], [ -46.764253087999862, -24.004613359999841 ], [ -46.76449646299983, -24.004534109999781 ], [ -46.764646946999846, -24.004508486999956 ], [ -46.764745558999834, -24.004493016999849 ], [ -46.764895781999826, -24.00444828499985 ], [ -46.765050097999904, -24.004322277999897 ], [ -46.765256807999947, -24.004224335999876 ], [ -46.765421783999841, -24.004117317999828 ], [ -46.765546265999831, -24.004091993999797 ], [ -46.765717681999888, -24.004075684999851 ], [ -46.765764680999951, -24.004089477999916 ], [ -46.76591614299997, -24.004135512999817 ], [ -46.765994669999884, -24.004172832999817 ], [ -46.766062664999822, -24.004200717999886 ], [ -46.766208339999707, -24.004203816999954 ], [ -46.766359671999794, -24.004240297999957 ], [ -46.766490332999865, -24.004286572999888 ], [ -46.766579651999791, -24.004352435999923 ], [ -46.766684572999964, -24.004418119999858 ], [ -46.766799828999979, -24.004478905999807 ], [ -46.766915149999932, -24.004544468999821 ], [ -46.767056668999828, -24.004624064999916 ], [ -46.767198318999817, -24.004713214999924 ], [ -46.767257350999728, -24.004846319999842 ], [ -46.767248581999922, -24.00496587199995 ], [ -46.767218815999854, -24.005071332999822 ], [ -46.767194053999731, -24.005162401999872 ], [ -46.767258220999906, -24.005290668999923 ], [ -46.767326543999957, -24.005342439999936 ], [ -46.76738466199987, -24.005408662999915 ], [ -46.767469630999983, -24.005536690999861 ], [ -46.76751741399994, -24.005607809999951 ], [ -46.767602056999927, -24.005711950999963 ], [ -46.767758394999817, -24.005734038999833 ], [ -46.767820668999889, -24.005723763999864 ], [ -46.767951201999949, -24.005760482999733 ], [ -46.768009123999946, -24.00581237299992 ], [ -46.768082843999821, -24.005878415999977 ], [ -46.768125622999833, -24.005963926999854 ], [ -46.768136937999884, -24.006030689999875 ], [ -46.768154498999706, -24.00617382899998 ], [ -46.768156196999939, -24.00629803899977 ], [ -46.768142227999761, -24.006417650999825 ], [ -46.768128586999978, -24.006561149999811 ], [ -46.768093097999781, -24.006628452999845 ], [ -46.768022773999917, -24.006810829999829 ], [ -46.767930928999874, -24.006940896999765 ], [ -46.767849484999886, -24.007070843999777 ], [ -46.767742103999979, -24.007205868999851 ], [ -46.767640053999969, -24.007350387999903 ], [ -46.767667361999827, -24.007445633999964 ], [ -46.767767476999836, -24.007540039999871 ], [ -46.767901263999818, -24.007624501999768 ], [ -46.76800345699985, -24.007680659999782 ], [ -46.768097849999833, -24.00773690699981 ], [ -46.768222954999885, -24.007756964999874 ], [ -46.768355762999931, -24.007769766999964 ], [ -46.768433867999818, -24.00777603299985 ], [ -46.768551858999842, -24.007846341999823 ], [ -46.768700758999785, -24.007894792999814 ], [ -46.768826354999817, -24.007950679999855 ], [ -46.768951459999926, -24.00797073699982 ], [ -46.769045852999739, -24.008026983999855 ], [ -46.769210648999888, -24.008096752999851 ], [ -46.769344045999901, -24.00815254899992 ], [ -46.769500354999877, -24.008172245999955 ], [ -46.769664169999828, -24.008170353999731 ], [ -46.769780984999841, -24.008154670999826 ], [ -46.769835001999752, -24.008111044999961 ], [ -46.769919534999929, -24.008016895999727 ], [ -46.769981057999757, -24.00795168199982 ], [ -46.770096498999806, -24.00783567499991 ], [ -46.770197908999762, -24.007834503999902 ], [ -46.770307118999824, -24.007833242999876 ], [ -46.770432518999826, -24.007874795999953 ], [ -46.770565817999852, -24.007923425999877 ], [ -46.770660210999836, -24.007979671999927 ], [ -46.77080101699994, -24.008006712999929 ], [ -46.770917928999836, -24.007998194999857 ], [ -46.771057360999919, -24.007924912999837 ], [ -46.771150085999864, -24.007859337999829 ], [ -46.771258706999959, -24.007815079999887 ], [ -46.771382438999929, -24.007734811999914 ], [ -46.771545271999969, -24.007661258999857 ], [ -46.771653303999933, -24.00757400499992 ], [ -46.771784933999982, -24.007500811999815 ], [ -46.771845473999861, -24.007363937999802 ], [ -46.771890608999854, -24.007241575999956 ], [ -46.771936234999892, -24.007155042999891 ], [ -46.771997068999951, -24.007039666999958 ], [ -46.772042596999711, -24.006945967999858 ], [ -46.772103528999878, -24.006837757999843 ], [ -46.77215636599982, -24.006708138999961 ], [ -46.772178687999883, -24.006629042999801 ], [ -46.772208220999858, -24.00650686199992 ], [ -46.772222447999866, -24.006406357999762 ], [ -46.772243983999886, -24.006269933999757 ], [ -46.772258209999798, -24.006169430999812 ], [ -46.772303736999845, -24.006075731999946 ], [ -46.772349067999755, -24.005967701999737 ], [ -46.77241, -24.005859490999914 ], [ -46.772571650999907, -24.005699945999933 ], [ -46.77274179099993, -24.00559047199993 ], [ -46.772881807999966, -24.005560183999933 ], [ -46.773037524999893, -24.005536880999959 ], [ -46.773278555999866, -24.005476755999954 ], [ -46.773417983999934, -24.005403471999841 ], [ -46.773673435999854, -24.00525717399989 ], [ -46.773733776999848, -24.005105966999906 ], [ -46.773802605999947, -24.005004831999823 ], [ -46.773926037999956, -24.004903063999905 ], [ -46.774042456999894, -24.004858713999955 ], [ -46.774243696999861, -24.004741711999884 ], [ -46.774265525999965, -24.004626785999964 ], [ -46.774240747999897, -24.004526732999867 ], [ -46.774137473999758, -24.004391754999968 ], [ -46.774034691999873, -24.004292604999936 ], [ -46.773962324999843, -24.004135766999919 ], [ -46.774062355999945, -24.00403426999997 ], [ -46.774069762999943, -24.004005515999893 ], [ -46.774192702999983, -24.003867918999784 ], [ -46.774238128999855, -24.003767053999979 ], [ -46.774299451999866, -24.003687505999721 ], [ -46.774311906999912, -24.003458015999737 ], [ -46.774334128999897, -24.003371753999765 ], [ -46.774254649999875, -24.003265166999761 ], [ -46.774105557999974, -24.003202389999718 ], [ -46.77401116599998, -24.003146145999946 ], [ -46.773876888999787, -24.003025858999933 ], [ -46.773774401999844, -24.002948207999911 ], [ -46.773686239999847, -24.002777217999725 ], [ -46.773685158999911, -24.002698392999829 ], [ -46.773698204999846, -24.002511897999799 ], [ -46.773703843999954, -24.002354156999949 ], [ -46.773763789999748, -24.002174285999892 ], [ -46.773759662999851, -24.001873316999877 ], [ -46.773781786999848, -24.001779888999867 ], [ -46.773788407999859, -24.001693806999871 ], [ -46.773786835999886, -24.001579151999866 ], [ -46.77376146999984, -24.001436103999932 ], [ -46.773690480999903, -24.001379588999786 ], [ -46.773541586999841, -24.001331141999795 ], [ -46.773432382999772, -24.001332405999793 ], [ -46.773284176999766, -24.001334119999854 ], [ -46.773111980999829, -24.001293109999832 ], [ -46.772876890999839, -24.001216990999918 ], [ -46.772634983999978, -24.001212621999908 ], [ -46.77249418599996, -24.001185581999838 ], [ -46.772353092999822, -24.001137043999794 ], [ -46.772141208999983, -24.001046321999922 ], [ -46.77181202599985, -24.000935453999826 ], [ -46.77162393499998, -24.000873123999899 ], [ -46.771498934999954, -24.000860234999895 ], [ -46.771303828999976, -24.000855321999836 ], [ -46.771155427999759, -24.000842702999872 ], [ -46.770921418999762, -24.000845406999819 ], [ -46.770790088999831, -24.000940095999852 ], [ -46.77064276599998, -24.001006301999894 ], [ -46.770534934999944, -24.001107886999876 ], [ -46.770402329999797, -24.001109417999821 ], [ -46.770276837999916, -24.00106069799978 ], [ -46.770236561999866, -24.000967990999932 ], [ -46.770188190999875, -24.000853875999884 ], [ -46.770116517999895, -24.000747197999775 ], [ -46.770036651999931, -24.000611944999775 ], [ -46.770035573999856, -24.000533119999833 ], [ -46.770033220999721, -24.000361136999743 ], [ -46.770008740999856, -24.000282580999961 ], [ -46.770023164999884, -24.000196409999944 ], [ -46.770021596999925, -24.000081754999886 ], [ -46.769981712999822, -24.000017710999828 ], [ -46.769934126999885, -23.999960923999815 ], [ -46.769847049999953, -23.999868756999835 ], [ -46.769744862999858, -23.999812599999814 ], [ -46.769673483999895, -23.999727418999949 ], [ -46.76959420799983, -23.99963516199977 ], [ -46.769412646999911, -23.999479581999875 ], [ -46.769201942999871, -23.999474846999931 ], [ -46.769116727999858, -23.999518832999851 ], [ -46.768992414999957, -23.999556102999748 ], [ -46.768921526999861, -23.999506751999828 ], [ -46.768881447999831, -23.999428375999909 ], [ -46.768857165999862, -23.999364152999757 ], [ -46.768746100999806, -23.999229259999765 ], [ -46.768620709999823, -23.999187703999901 ], [ -46.768425215999912, -23.999154123999851 ], [ -46.768291730999977, -23.999091159999981 ], [ -46.768267350999906, -23.999019769999848 ], [ -46.76818076499984, -23.998963431999982 ], [ -46.768094081999891, -23.99889992799978 ], [ -46.767968494999884, -23.998844039999881 ], [ -46.767881517999967, -23.998759037999942 ], [ -46.767857040999793, -23.998680481999937 ], [ -46.767856256999721, -23.998623153999802 ], [ -46.767941079999844, -23.998550504999855 ], [ -46.768049596999731, -23.998499083999771 ], [ -46.768141925999828, -23.998404846999961 ], [ -46.76825785099993, -23.998324671999789 ], [ -46.768311177999976, -23.998230883999948 ], [ -46.768371424999714, -23.998072512999897 ], [ -46.768370542999833, -23.998008018999879 ], [ -46.768345771999918, -23.997907965999957 ], [ -46.768344693999722, -23.997829139999848 ], [ -46.768366723999868, -23.997728546999952 ], [ -46.768427850999956, -23.997634668999751 ], [ -46.768481374999858, -23.997555213999814 ], [ -46.768526607999945, -23.997440018999779 ], [ -46.768610743999837, -23.997317206999924 ], [ -46.768694977999871, -23.997201561999873 ], [ -46.768840631999922, -23.997013536999756 ], [ -46.768932370999948, -23.996876303999951 ], [ -46.769016603999717, -23.996760657999975 ], [ -46.769139837999887, -23.996644562999958 ], [ -46.769178249999875, -23.996601116999834 ], [ -46.769224167999944, -23.99653608299996 ], [ -46.769331898999781, -23.996427332999925 ], [ -46.769354220999958, -23.996348237999882 ], [ -46.769345342999827, -23.996269501999844 ], [ -46.769235260999778, -23.99620626899986 ], [ -46.769133076999765, -23.99615011099991 ], [ -46.768945288999873, -23.99610927599991 ], [ -46.768764320999821, -23.99599668999992 ], [ -46.76864604799988, -23.995904881999873 ], [ -46.768629370999861, -23.995826236999847 ], [ -46.768627411999944, -23.99568291699989 ], [ -46.768603423999821, -23.995640191999819 ], [ -46.76854063199977, -23.995612247999809 ], [ -46.768423240999937, -23.995584932999865 ], [ -46.768282546999849, -23.995565054999801 ], [ -46.768111240999872, -23.995588531999822 ], [ -46.767963041999963, -23.995590240999942 ], [ -46.767768433999834, -23.995621153999927 ], [ -46.767651824999859, -23.995651166999831 ], [ -46.767457216999844, -23.995682078999838 ], [ -46.767293612999708, -23.995698298999905 ], [ -46.767144629999848, -23.995642679999946 ], [ -46.76711157099993, -23.995506885999816 ], [ -46.767070319999902, -23.995342517999969 ], [ -46.767028775999734, -23.995156651999878 ], [ -46.76702711199988, -23.995034830999824 ], [ -46.766939355999796, -23.994892499999764 ], [ -46.766781791999847, -23.994779641999852 ], [ -46.766641098999912, -23.994759761999884 ], [ -46.766444828999852, -23.994668850999915 ], [ -46.766350153999838, -23.99459110399988 ], [ -46.766356779999853, -23.994505022999874 ], [ -46.766409226999826, -23.994346741999831 ], [ -46.766493656999899, -23.994245429999978 ], [ -46.766522410999869, -23.99406592099978 ], [ -46.76658246199986, -23.993893218999794 ], [ -46.766557888999955, -23.993807496999978 ], [ -46.766502017999869, -23.993714967999946 ], [ -46.766454142999976, -23.993636680999703 ], [ -46.766406462999953, -23.993572726999897 ], [ -46.766296286999818, -23.993502324999948 ], [ -46.766217407999932, -23.993438729999923 ], [ -46.766169239999961, -23.993338944999827 ], [ -46.766168261999951, -23.993267285999764 ], [ -46.766213691999894, -23.993166422999707 ], [ -46.766228508999973, -23.993108914999823 ], [ -46.766235134999704, -23.993022833999813 ], [ -46.766233863999958, -23.992929675999896 ], [ -46.766200805999915, -23.992793881999948 ], [ -46.766223031999857, -23.992707619999923 ], [ -46.766260465999949, -23.992592515999885 ], [ -46.766282495999803, -23.992491921999822 ], [ -46.766280833999872, -23.992370100999718 ], [ -46.766263375999927, -23.992234126999907 ], [ -46.766261615999959, -23.992105138999815 ], [ -46.766252348999899, -23.991997738999885 ], [ -46.766220073999826, -23.99191927299972 ], [ -46.766172003999827, -23.991826653999848 ], [ -46.766124324999964, -23.991762699999981 ], [ -46.766021559999899, -23.991663543999948 ], [ -46.766012194999924, -23.991548977999965 ], [ -46.76594813499986, -23.991427874999825 ], [ -46.765945298999895, -23.991220061999851 ], [ -46.765990728999839, -23.991119198999851 ], [ -46.765949480999893, -23.99095483099984 ], [ -46.765917206999973, -23.990876363999906 ], [ -46.765837938999823, -23.990784104999928 ], [ -46.765728449999983, -23.990763863999852 ], [ -46.7656190579998, -23.990750789999762 ], [ -46.765470277999839, -23.99070949999998 ], [ -46.765337095999939, -23.990668030999757 ], [ -46.765181102, -23.990669826999977 ], [ -46.76506381299987, -23.990649675999741 ], [ -46.764883931999918, -23.990615910999963 ], [ -46.764773953999963, -23.990559839999772 ], [ -46.764710774999969, -23.990503229999771 ], [ -46.764640186999827, -23.990475373999971 ], [ -46.764553901999875, -23.990440530999763 ], [ -46.764365927999961, -23.990385357999966 ], [ -46.764231965999784, -23.990286558999969 ], [ -46.764082989999906, -23.990230935999815 ], [ -46.76395653499992, -23.990110549999883 ], [ -46.763861571999882, -23.990011302999836 ], [ -46.76382091299979, -23.989889929999837 ], [ -46.763858153999763, -23.989760493999885 ], [ -46.763895491999847, -23.989638222999815 ], [ -46.763987427999893, -23.989515324999832 ], [ -46.764071660999946, -23.989399681999771 ], [ -46.76417929299987, -23.989283769999872 ], [ -46.76425543299996, -23.989146718999908 ], [ -46.764363162999985, -23.989037971999938 ], [ -46.76440839799983, -23.988922777999846 ], [ -46.764469230999907, -23.988807403999878 ], [ -46.764552877999968, -23.988648764999816 ], [ -46.764551802999961, -23.988569938999778 ], [ -46.764511632999927, -23.988484395999819 ], [ -46.764448454999865, -23.988427785999754 ], [ -46.764291584999853, -23.988365086999977 ], [ -46.764190189999795, -23.988366253999974 ], [ -46.764096594999955, -23.988367330999893 ], [ -46.763948403999962, -23.988369034999952 ], [ -46.763791630999947, -23.988313501999873 ], [ -46.763619259999984, -23.988258146999843 ], [ -46.763501289999908, -23.988187832999866 ], [ -46.763445520999824, -23.988102468999838 ], [ -46.763381562999768, -23.987988530999814 ], [ -46.763341393999838, -23.98790298699992 ], [ -46.763215917999851, -23.987854259999889 ], [ -46.763106919999871, -23.987869847999949 ], [ -46.762998506999963, -23.987928430999823 ], [ -46.762874591999832, -23.987994359999846 ], [ -46.762703489999979, -23.988032161999971 ], [ -46.76257138599982, -23.988069515999936 ], [ -46.76240038099985, -23.988114484999926 ], [ -46.762315170999727, -23.988158466999831 ], [ -46.76216756499997, -23.988203165999884 ], [ -46.762050473999864, -23.988197343999786 ], [ -46.761971697999911, -23.988140911999885 ], [ -46.761970819999931, -23.988076417999821 ], [ -46.761985150999983, -23.987983080999985 ], [ -46.76198378499987, -23.987882756999856 ], [ -46.761967112999798, -23.987804109999843 ], [ -46.761918169999831, -23.987646995999977 ], [ -46.761854115999881, -23.987525890999905 ], [ -46.761868251999886, -23.98741822199997 ], [ -46.761874392999857, -23.987296309999916 ], [ -46.761896133999983, -23.98717421899994 ], [ -46.761934057999724, -23.987094944999846 ], [ -46.761947998999915, -23.986972943999881 ], [ -46.761977245999844, -23.986829264999812 ], [ -46.762022287999741, -23.986699739999782 ], [ -46.761989528999891, -23.986585441999978 ], [ -46.762018580999893, -23.986427431999967 ], [ -46.761969833999842, -23.98628464899997 ], [ -46.761812283999973, -23.986171785999943 ], [ -46.761718690999942, -23.98617286099994 ], [ -46.761515124999789, -23.986117861999837 ], [ -46.761405932999821, -23.98611911699976 ], [ -46.761249943999985, -23.986120907999926 ], [ -46.761015960999885, -23.986123594999871 ], [ -46.760890584999913, -23.986082031999899 ], [ -46.760811810999883, -23.986025599999785 ], [ -46.760779247999842, -23.985925633999841 ], [ -46.760761699999819, -23.985782492999821 ], [ -46.760759555999982, -23.985624840999833 ], [ -46.760726213999817, -23.985467546999697 ], [ -46.760662648999869, -23.985382270999818 ], [ -46.760628722999911, -23.985181980999865 ], [ -46.76053240199986, -23.984982406999954 ], [ -46.760624044999872, -23.984838012999823 ], [ -46.760715882999932, -23.984707949999979 ], [ -46.76086972599996, -23.984548506999769 ], [ -46.761008749999917, -23.984446570999861 ], [ -46.76108440399986, -23.984273690999771 ], [ -46.761098442999867, -23.984158855999844 ], [ -46.761126520999881, -23.983929185999838 ], [ -46.761030004999895, -23.983715279999846 ], [ -46.760919839999929, -23.983644873999765 ], [ -46.760857445999818, -23.983645589999924 ], [ -46.76073382699991, -23.983733014999864 ], [ -46.760563605999948, -23.983835308999797 ], [ -46.760361018999959, -23.983851968999943 ], [ -46.760190018999943, -23.983896933999862 ], [ -46.759971053999948, -23.983856443999802 ], [ -46.759968909999941, -23.98369879199981 ], [ -46.760044175999951, -23.983497248999811 ], [ -46.760010250999983, -23.983296957999862 ], [ -46.759960922999824, -23.983111178999931 ], [ -46.759959168999842, -23.982982190999849 ], [ -46.759956441999975, -23.982781542999934 ], [ -46.759938310999985, -23.98259540499981 ], [ -46.759875332999862, -23.982553124999868 ], [ -46.759764389999816, -23.982425389999946 ], [ -46.759684449999952, -23.98228296499996 ], [ -46.759464513999944, -23.982170813999858 ], [ -46.759386326999959, -23.982157375999972 ], [ -46.759165417999895, -23.981973564999855 ], [ -46.759006707999902, -23.981774704999843 ], [ -46.758864764999885, -23.981661658999816 ], [ -46.758645219999835, -23.981578170999846 ], [ -46.758393115999866, -23.981394715999837 ], [ -46.758395168999868, -23.981162954999945 ], [ -46.758340416999943, -23.980960513999882 ], [ -46.758298826999862, -23.980769866999935 ], [ -46.758219051999845, -23.980639383999971 ], [ -46.758255289999909, -23.980435899999918 ], [ -46.758318660999919, -23.980315720999837 ], [ -46.758421189999865, -23.980207038999811 ], [ -46.758524203999855, -23.980134186999749 ], [ -46.758573927999983, -23.979966382999972 ], [ -46.758533147999799, -23.979835452999964 ], [ -46.758556549999867, -23.97964406099976 ], [ -46.758567277999873, -23.979476704999794 ], [ -46.758668993999947, -23.97930830599978 ], [ -46.758770872999946, -23.979151849999823 ], [ -46.758872101999884, -23.978947619999875 ], [ -46.758909312999833, -23.978815795999822 ], [ -46.758907528999892, -23.978684418999766 ], [ -46.75890574399984, -23.978553041999806 ], [ -46.758876827999813, -23.978338359999839 ], [ -46.758785352999894, -23.978303572999721 ], [ -46.758641722999812, -23.978257438999883 ], [ -46.758498092999844, -23.978211303999792 ], [ -46.75832846599986, -23.978165467999819 ], [ -46.758106359999942, -23.978084396999858 ], [ -46.757962243999827, -23.978002431999933 ], [ -46.757855987999903, -23.977836416999764 ], [ -46.757814399999745, -23.977645769999981 ], [ -46.757812616999956, -23.977514392999868 ], [ -46.757771514999945, -23.977359575999852 ], [ -46.757524061999902, -23.97732657499995 ], [ -46.757394079999983, -23.977328063999881 ], [ -46.75721259099987, -23.977365978999845 ], [ -46.757056935999969, -23.97739165299993 ], [ -46.756876256999931, -23.977489283999834 ], [ -46.756733762999779, -23.977526751999903 ], [ -46.756539760999829, -23.977600644999825 ], [ -46.756461609999917, -23.977589594999866 ], [ -46.756394998999838, -23.977470904999905 ], [ -46.756380542999864, -23.977363562999816 ], [ -46.756378760999894, -23.977232185999867 ], [ -46.756376654999713, -23.977076921999803 ], [ -46.756389134999949, -23.976798852999814 ], [ -46.756321949999915, -23.976685744999774 ], [ -46.75627584499972, -23.976545318999978 ], [ -46.756231788999912, -23.976364254999904 ], [ -46.75616469299996, -23.976209734999827 ], [ -46.756142049999937, -23.97607381899979 ], [ -46.756117510999957, -23.975941905999772 ], [ -46.756020888999956, -23.975767018999878 ], [ -46.756009153999969, -23.975620624999863 ], [ -46.755975635999846, -23.975497573999974 ], [ -46.755889418999914, -23.975418925999865 ], [ -46.755759762999844, -23.975444300999758 ], [ -46.755551955999977, -23.975458623999945 ], [ -46.755357308999749, -23.975484741999875 ], [ -46.755071837999935, -23.975523843999838 ], [ -46.754847582999957, -23.975523621999741 ], [ -46.75478040899992, -23.975363129999945 ], [ -46.754715873999885, -23.975157612999904 ], [ -46.754712961999815, -23.974942631999962 ], [ -46.754776171999822, -23.97481051099987 ], [ -46.754835770999762, -23.974651753999972 ], [ -46.754792114999702, -23.974547931999826 ], [ -46.754748694999932, -23.974461625999876 ], [ -46.754730867999967, -23.974345164999757 ], [ -46.754728925999984, -23.974201843999882 ], [ -46.754765330999817, -23.974010303999759 ], [ -46.754841214999772, -23.973854146999887 ], [ -46.754904262999844, -23.973710082999954 ], [ -46.754902482999967, -23.973578705999842 ], [ -46.754873897999914, -23.973387908999936 ], [ -46.754832800999964, -23.973233090999827 ], [ -46.754752872999859, -23.973090661999951 ], [ -46.754659622999952, -23.972924494999969 ], [ -46.754709834999915, -23.972792522999718 ], [ -46.754825196999782, -23.972671750999844 ], [ -46.754902211999934, -23.972599197999948 ], [ -46.755069888999977, -23.972501717999823 ], [ -46.755172899999877, -23.972428867999891 ], [ -46.755366247999973, -23.972307203999769 ], [ -46.755469095999956, -23.972222409999976 ], [ -46.755637418999925, -23.972172702999845 ], [ -46.756000707999881, -23.972120764999826 ], [ -46.756143681999902, -23.97211912799985 ], [ -46.756352616999955, -23.972188407999905 ], [ -46.756470891999982, -23.972282615999973 ], [ -46.756601678999857, -23.972340844999906 ], [ -46.756681446999892, -23.972471328999866 ], [ -46.75682733799988, -23.972684672999836 ], [ -46.757115393999932, -23.97283666199974 ], [ -46.757222454999976, -23.973062394999825 ], [ -46.757328218999874, -23.973192581999854 ], [ -46.757472653999912, -23.973298433999894 ], [ -46.757653650999771, -23.973224688999778 ], [ -46.75775666099986, -23.973151837999858 ], [ -46.757897528999877, -23.972994934999861 ], [ -46.757948547999831, -23.972922678999907 ], [ -46.758051232999833, -23.972825940999822 ], [ -46.758152945999882, -23.972657541999801 ], [ -46.75826765599988, -23.972488993999839 ], [ -46.758410306999849, -23.972463468999752 ], [ -46.758619242999835, -23.97253274499996 ], [ -46.758764812999971, -23.972722199999854 ], [ -46.758844096999951, -23.97281685299987 ], [ -46.758807697999885, -23.973008393999972 ], [ -46.758901114999958, -23.973186501999976 ], [ -46.759083894999833, -23.973244131999753 ], [ -46.75920087499992, -23.973242790999848 ], [ -46.759305343999927, -23.973277428999943 ], [ -46.759383817999947, -23.97331236399981 ], [ -46.759528577999845, -23.973442101999979 ], [ -46.759659366999813, -23.973500327999826 ], [ -46.759736866999845, -23.973463602999797 ], [ -46.759839389999968, -23.97335491999997 ], [ -46.759876273999915, -23.973199208999798 ], [ -46.75995247499992, -23.973066936999945 ], [ -46.760054671999853, -23.972934366999826 ], [ -46.760130873999742, -23.972802095999789 ], [ -46.76019456399996, -23.972705802999833 ], [ -46.760256955999978, -23.972513963999855 ], [ -46.760267194999926, -23.972310776999915 ], [ -46.760265733999802, -23.972203286999722 ], [ -46.760225442999854, -23.972108186999836 ], [ -46.760210659999878, -23.9719769589999 ], [ -46.760182067999835, -23.971786163999923 ], [ -46.760062330999858, -23.971584468999932 ], [ -46.76000806899998, -23.971417857999814 ], [ -46.760031953999828, -23.971262295999853 ], [ -46.760108154999728, -23.971130023999812 ], [ -46.760158035999957, -23.97097416399998 ], [ -46.76019459399987, -23.970794565999771 ], [ -46.760257796999952, -23.970662442999874 ], [ -46.760269008999899, -23.970530916999902 ], [ -46.760228068999822, -23.97038804399989 ], [ -46.760212474999832, -23.970197098999904 ], [ -46.760250169999949, -23.970101104999845 ], [ -46.760327180999923, -23.970028549999828 ], [ -46.760390869999874, -23.969932257999911 ], [ -46.760401919999879, -23.96978878799996 ], [ -46.760530108999831, -23.969655919999976 ], [ -46.76057998899978, -23.969500058999863 ], [ -46.760708663999765, -23.969403020999835 ], [ -46.760811182999817, -23.969294336999887 ], [ -46.760913537999841, -23.96917370999995 ], [ -46.760989736999932, -23.969041437999866 ], [ -46.761130921999893, -23.968908419999927 ], [ -46.761310611999932, -23.968739124999779 ], [ -46.761465605999888, -23.968665673999858 ], [ -46.761633758999835, -23.968604016999731 ], [ -46.76188021999991, -23.968565351999814 ], [ -46.762023190999912, -23.968563709999838 ], [ -46.76228313699994, -23.968560724999858 ], [ -46.762413434999878, -23.968583118999842 ], [ -46.76251790099991, -23.968617753999855 ], [ -46.762608068999896, -23.968556991999836 ], [ -46.762697587999867, -23.968448456999912 ], [ -46.762773783999933, -23.968316183999708 ], [ -46.762888971999871, -23.968183462999828 ], [ -46.763030316999853, -23.968062386999865 ], [ -46.76317101099994, -23.967893536999892 ], [ -46.763298707999866, -23.967724836999821 ], [ -46.763374902999942, -23.967592563999801 ], [ -46.763372789999949, -23.967437299999737 ], [ -46.763370351999924, -23.967258149999903 ], [ -46.763394720999884, -23.967138417999703 ], [ -46.763430948999769, -23.966934932999838 ], [ -46.763428673999954, -23.966767725999826 ], [ -46.763440369999842, -23.96667202899982 ], [ -46.763490895999951, -23.966563941999944 ], [ -46.763502104999702, -23.966432414999815 ], [ -46.763565301999961, -23.966300291999971 ], [ -46.763628173999848, -23.966144280999856 ], [ -46.763639382999884, -23.966012754999898 ], [ -46.763663263999831, -23.965857192999803 ], [ -46.763596815999904, -23.965750448999863 ], [ -46.763452873999825, -23.965680431999772 ], [ -46.763270427999828, -23.965646692999822 ], [ -46.763086031999933, -23.965469632999824 ], [ -46.762850136999759, -23.965329000999809 ], [ -46.762691410999878, -23.965127754999852 ], [ -46.762584835999746, -23.964937855999942 ], [ -46.762477286999911, -23.964676295999823 ], [ -46.762462502999938, -23.96454506799979 ], [ -46.762499544999798, -23.964401299999963 ], [ -46.762497270999972, -23.964234092999902 ], [ -46.762430499999766, -23.964103461999855 ], [ -46.762467053999956, -23.963923863999984 ], [ -46.762504094999834, -23.963780095999827 ], [ -46.762633250999954, -23.963718885999807 ], [ -46.762775240999872, -23.963645583999725 ], [ -46.762930714999868, -23.963607961999976 ], [ -46.763072379999869, -23.963510772999818 ], [ -46.763279028999818, -23.963412836999733 ], [ -46.763459520999731, -23.963303255999797 ], [ -46.763744311999858, -23.963216365999976 ], [ -46.763885813999934, -23.963107232999842 ], [ -46.764105457999904, -23.963009146999969 ], [ -46.764298294999946, -23.962851641999919 ], [ -46.764477971999895, -23.962682342999873 ], [ -46.764632631999916, -23.962585002999955 ], [ -46.764761947999943, -23.96253573499979 ], [ -46.764918070999897, -23.96254588499977 ], [ -46.764958199999853, -23.962629039999968 ], [ -46.765063636999855, -23.962735333999884 ], [ -46.765245915999856, -23.962757127999904 ], [ -46.765452073999938, -23.962623358999849 ], [ -46.765553931999932, -23.962466899999864 ], [ -46.765694128999826, -23.962262217999807 ], [ -46.765795823999952, -23.962093814999829 ], [ -46.765793708999865, -23.96193855099995 ], [ -46.765869084999792, -23.96174655999971 ], [ -46.766009117999943, -23.961529934999817 ], [ -46.766176282999822, -23.96139661399997 ], [ -46.766369114999975, -23.961239106999979 ], [ -46.766561295999963, -23.96103382599977 ], [ -46.766676147999874, -23.960877215999961 ], [ -46.766830640999956, -23.9607679309999 ], [ -46.767065065999816, -23.960801067999792 ], [ -46.767209492999768, -23.96090691199975 ], [ -46.767250599999898, -23.961061725999958 ], [ -46.767409652999902, -23.961286853999873 ], [ -46.76751671999989, -23.961512579999805 ], [ -46.76766196199992, -23.961678139999883 ], [ -46.767832872999861, -23.961819513999959 ], [ -46.767989645999933, -23.961877433999852 ], [ -46.768224399999838, -23.961934454999774 ], [ -46.768368665999844, -23.962028354999919 ], [ -46.768421140999862, -23.962063585999822 ], [ -46.768487427999901, -23.962158383999846 ], [ -46.768566874999919, -23.962264974999869 ], [ -46.768672151999908, -23.962359322999763 ], [ -46.768841107999947, -23.962357375999712 ], [ -46.768983744999844, -23.96233184099998 ], [ -46.769086413999901, -23.962235095999979 ], [ -46.769123446999856, -23.962091326999879 ], [ -46.769199795999903, -23.961970994999884 ], [ -46.769262985999944, -23.961838868999958 ], [ -46.769339171999945, -23.961706593999843 ], [ -46.76933721499978, -23.961563273999896 ], [ -46.769296105999842, -23.961408459999795 ], [ -46.769320631999847, -23.961300669999837 ], [ -46.769332323999834, -23.961204973999831 ], [ -46.769369519999884, -23.961073147999855 ], [ -46.769393392999916, -23.960917584999944 ], [ -46.769469904999937, -23.960809195999836 ], [ -46.769586546999903, -23.96078396099989 ], [ -46.769781819999821, -23.960805598999912 ], [ -46.769966053999951, -23.960970707999817 ], [ -46.770084816999834, -23.961100734999835 ], [ -46.770295044999898, -23.961265542999847 ], [ -46.770479605999981, -23.961454536999948 ], [ -46.770598695999979, -23.961608450999904 ], [ -46.770703157999833, -23.961643081999846 ], [ -46.770885598999826, -23.96167681199978 ], [ -46.770950091999858, -23.961640231999862 ], [ -46.770988265999904, -23.961580065999954 ], [ -46.77113041199982, -23.961518698999846 ], [ -46.771310893999839, -23.961409109999916 ], [ -46.77145124399982, -23.961216366999952 ], [ -46.771514267999983, -23.961072296999703 ], [ -46.771550644999877, -23.960880753999891 ], [ -46.77169083099983, -23.96067606699977 ], [ -46.771753363999949, -23.96049616699997 ], [ -46.771959347999939, -23.960350446999829 ], [ -46.772152497999855, -23.960216819999857 ], [ -46.772293661999981, -23.960083792999967 ], [ -46.772474794999766, -23.960021974999901 ], [ -46.772617754999885, -23.960020323999853 ], [ -46.772852505999936, -23.960077337999959 ], [ -46.773046961999967, -23.960039256999835 ], [ -46.773137118999955, -23.959978488999855 ], [ -46.773148318999915, -23.959846962999904 ], [ -46.773146520999944, -23.959715585999959 ], [ -46.773131727999953, -23.959584359999766 ], [ -46.773129930999914, -23.959452983999821 ], [ -46.773127642999782, -23.959285776999764 ], [ -46.773099362999858, -23.959118870999873 ], [ -46.773059067999895, -23.959023774999821 ], [ -46.772991798999847, -23.958857319999815 ], [ -46.773026213999863, -23.958522456999837 ], [ -46.773112938999816, -23.958210879999797 ], [ -46.773266115999888, -23.958006041999912 ], [ -46.773445611999819, -23.957824789999851 ], [ -46.773585790999959, -23.95762010199979 ], [ -46.773765938999929, -23.957486623999834 ], [ -46.774038857999869, -23.95748346899984 ], [ -46.774182141999916, -23.957505703999736 ], [ -46.774430538999866, -23.95761033899975 ], [ -46.774588617999882, -23.957763798999846 ], [ -46.774756749999938, -23.957702128999976 ], [ -46.774872406999918, -23.957605229999956 ], [ -46.774908778999986, -23.957413686999931 ], [ -46.774907306999864, -23.957306196999753 ], [ -46.775033997999969, -23.957065827999823 ], [ -46.775044867999895, -23.956910414999872 ], [ -46.775134040999887, -23.956777986999832 ], [ -46.775222232999909, -23.956573898999974 ], [ -46.775310423999827, -23.956369809999732 ], [ -46.775411774999952, -23.956177514999858 ], [ -46.775384147999887, -23.956058382999963 ], [ -46.775317695999831, -23.955951644999853 ], [ -46.775199423999879, -23.955857450999698 ], [ -46.775054996999927, -23.955751614999823 ], [ -46.774845262999975, -23.95562264299997 ], [ -46.774688167999955, -23.955540842999763 ], [ -46.774543414999876, -23.955411118999962 ], [ -46.774450644999831, -23.955280794999847 ], [ -46.774501156999861, -23.955172703999949 ], [ -46.774538346999918, -23.955040876999814 ], [ -46.774535567999862, -23.954837840999971 ], [ -46.774468299999967, -23.954671385999855 ], [ -46.774400704999778, -23.954481043999916 ], [ -46.774347413999919, -23.954386098999972 ], [ -46.774255135999908, -23.954291603999877 ], [ -46.77411136499984, -23.954233538999965 ], [ -46.77400576499997, -23.954115307999871 ], [ -46.774056113999968, -23.953995273999965 ], [ -46.774171113999898, -23.953850602999811 ], [ -46.774338424999883, -23.953729216999822 ], [ -46.774452933999839, -23.95354871499978 ], [ -46.774698217999912, -23.953426427999879 ], [ -46.774813870999878, -23.953329528999856 ], [ -46.775046648999876, -23.953243221999902 ], [ -46.775240766999843, -23.953181250999926 ], [ -46.775343096999961, -23.953060615999899 ], [ -46.775289641999791, -23.952953726999848 ], [ -46.775196383999798, -23.95278757299997 ], [ -46.775116283999871, -23.952633211999782 ], [ -46.775036838999938, -23.952526622999869 ], [ -46.774930584999936, -23.952360618999816 ], [ -46.774825312999837, -23.952266274999833 ], [ -46.774680072999899, -23.952100720999802 ], [ -46.774573982999925, -23.951946659999859 ], [ -46.774467729999913, -23.951780654999876 ], [ -46.774414440999863, -23.951685709999765 ], [ -46.774386978999985, -23.951578520999924 ], [ -46.774241739999866, -23.951412965999907 ], [ -46.774136141999918, -23.951294734999799 ], [ -46.774031197999761, -23.95122427599977 ], [ -46.77387427199983, -23.951154417999923 ], [ -46.773808150999969, -23.951071565999829 ], [ -46.773792867999767, -23.950904509999763 ], [ -46.773829893999903, -23.950760739999797 ], [ -46.773840764999818, -23.950605325999788 ], [ -46.773929772999907, -23.950460955999862 ], [ -46.774019922999912, -23.950400187999783 ], [ -46.7741625459999, -23.950374648999791 ], [ -46.774395482999978, -23.950300285999962 ], [ -46.774550609999835, -23.950238766999856 ], [ -46.77475706499996, -23.950128873999795 ], [ -46.774859719999938, -23.950032125999879 ], [ -46.775053342999968, -23.949934325999774 ], [ -46.775261104999856, -23.949919977999848 ], [ -46.775651127999765, -23.949927412999838 ], [ -46.775963506999858, -23.949959634999857 ], [ -46.776157946999888, -23.949921549999882 ], [ -46.776406493999843, -23.950038126999846 ], [ -46.77657657899988, -23.950119774999852 ], [ -46.776630687999841, -23.950274435999862 ], [ -46.776725254999917, -23.950536135999926 ], [ -46.77687033199993, -23.950689743999927 ], [ -46.776975768999876, -23.950796030999875 ], [ -46.777131713999893, -23.950794224999804 ], [ -46.777195708999955, -23.950721813999841 ], [ -46.777234203999853, -23.950685531999852 ], [ -46.777296724999871, -23.950505630999888 ], [ -46.77737371499984, -23.950433067999928 ], [ -46.777475713999934, -23.950288544999861 ], [ -46.777629201999844, -23.950107589999902 ], [ -46.777718368999842, -23.949975160999895 ], [ -46.777899156999979, -23.949889450999812 ], [ -46.778236707999838, -23.949861650999821 ], [ -46.778484437999907, -23.949918507999815 ], [ -46.778718353999977, -23.949915797999786 ], [ -46.778873805999979, -23.949878160999841 ], [ -46.778937471999832, -23.949781861999952 ], [ -46.778923656999844, -23.949722295999841 ], [ -46.778895372999898, -23.949555391999855 ], [ -46.778919069999915, -23.949387883999858 ], [ -46.77896941299997, -23.949267848999963 ], [ -46.779110393999815, -23.949122873999777 ], [ -46.779252521999865, -23.949061500999964 ], [ -46.779420640999831, -23.948999825999916 ], [ -46.779602573999966, -23.94899771799977 ], [ -46.77986296999984, -23.949030534999959 ], [ -46.780008048999946, -23.94918413999989 ], [ -46.780440170999896, -23.949418032999965 ], [ -46.780648422999889, -23.949439507999791 ], [ -46.780934810999781, -23.949472021999892 ], [ -46.781062958999826, -23.949339137999914 ], [ -46.781152120999828, -23.94920670699997 ], [ -46.781254278999938, -23.949074124999925 ], [ -46.781381933999853, -23.94890541199976 ], [ -46.78143243799974, -23.94879731899994 ], [ -46.78149528099982, -23.948641302999818 ], [ -46.781492655999841, -23.948450209999912 ], [ -46.78152983699983, -23.948318381999858 ], [ -46.781632484999875, -23.948221629999928 ], [ -46.781813267999837, -23.948135914999849 ], [ -46.782018728999844, -23.94795435299983 ], [ -46.782055908999723, -23.947822524999932 ], [ -46.782170894999922, -23.947677847999952 ], [ -46.782298218999983, -23.947485247999847 ], [ -46.78245317499983, -23.947411777999715 ], [ -46.782582796999918, -23.947386382999746 ], [ -46.782803712999964, -23.947383817999874 ], [ -46.782908493999855, -23.947442326999923 ], [ -46.783051439999952, -23.947440666999974 ], [ -46.783258045999901, -23.947342705999862 ], [ -46.783400170999869, -23.947281329999839 ], [ -46.783503144999941, -23.947208461999931 ], [ -46.783618621999892, -23.947099614999892 ], [ -46.7836819549998, -23.946979426999796 ], [ -46.783719460999976, -23.946871484999857 ], [ -46.78375631099982, -23.946715769999852 ], [ -46.783871786999782, -23.94660692199982 ], [ -46.783896955999921, -23.946546903999828 ], [ -46.783895476999817, -23.946439413999823 ], [ -46.783853699999895, -23.946236831999837 ], [ -46.783774087999973, -23.946118304999974 ], [ -46.783603182999855, -23.945976948999832 ], [ -46.783431128999837, -23.945751988999859 ], [ -46.783376521999855, -23.945561500999808 ], [ -46.783412878999854, -23.945369955999873 ], [ -46.783488548999969, -23.945201843999822 ], [ -46.783629520999909, -23.945056864999742 ], [ -46.783730358999833, -23.944828734999767 ], [ -46.783728715999871, -23.944709302999911 ], [ -46.783751584999891, -23.944482078999958 ], [ -46.783866566999791, -23.944337400999864 ], [ -46.784048163999898, -23.944311400999759 ], [ -46.784229597999911, -23.94427345799982 ], [ -46.784409715999971, -23.944139967999892 ], [ -46.784486369999854, -23.944043515999731 ], [ -46.784627339999872, -23.943898535999899 ], [ -46.784794133999981, -23.943741309999954 ], [ -46.784935595999968, -23.94363215899989 ], [ -46.785023599999874, -23.943416122999849 ], [ -46.785073277999913, -23.943248313999845 ], [ -46.785148615999731, -23.943056314999911 ], [ -46.78522411799986, -23.942876259999704 ], [ -46.785352419999811, -23.942755316999975 ], [ -46.785467890999769, -23.942646467999857 ], [ -46.78558254099994, -23.942477901999951 ], [ -46.785788150999906, -23.94230827899986 ], [ -46.78605791099983, -23.942078183999911 ], [ -46.786211542999872, -23.941909164999977 ], [ -46.786456792999907, -23.941786859999805 ], [ -46.786714378999818, -23.941616631999921 ], [ -46.786881989999983, -23.941519119999828 ], [ -46.7871663869999, -23.941408303999818 ], [ -46.787463447999869, -23.941273449999873 ], [ -46.787657540999874, -23.941211464999867 ], [ -46.787877622999872, -23.941149176999708 ], [ -46.788059049999845, -23.941111228999777 ], [ -46.788306271999886, -23.941132240999821 ], [ -46.788631130999931, -23.94112845799987 ], [ -46.788851541999982, -23.941090054999961 ], [ -46.789124093999874, -23.941062989999864 ], [ -46.789409145999919, -23.940999942999952 ], [ -46.789566230999867, -23.941081727999965 ], [ -46.789854578999837, -23.941257544999871 ], [ -46.789960346999862, -23.941387708999795 ], [ -46.790079438999953, -23.941541606999916 ], [ -46.790289985999891, -23.941730274999827 ], [ -46.790538857999877, -23.94187071499988 ], [ -46.790644131999954, -23.941965048999801 ], [ -46.790763225999967, -23.942118946999813 ], [ -46.790934956999877, -23.942320011999865 ], [ -46.791158665999831, -23.94252046999992 ], [ -46.791511661999891, -23.942671638999737 ], [ -46.791810534999854, -23.942668151999783 ], [ -46.791953969999895, -23.942702312999696 ], [ -46.79202026199988, -23.942797100999886 ], [ -46.792086719999872, -23.94290383099985 ], [ -46.792166336999969, -23.943022353999876 ], [ -46.79216782199984, -23.943129841999781 ], [ -46.792390873999977, -23.943282525999891 ], [ -46.792496645999847, -23.943412687999846 ], [ -46.792667390999952, -23.94354209099998 ], [ -46.792890114999921, -23.943670886999882 ], [ -46.793150666999964, -23.943715624999868 ], [ -46.793513359999963, -23.943627772999779 ], [ -46.79365547499998, -23.943566387999848 ], [ -46.793824073999986, -23.943540527999854 ], [ -46.793992011999876, -23.943466894999968 ], [ -46.794082147999859, -23.943406116999821 ], [ -46.794209780999836, -23.943237393999826 ], [ -46.794415710999829, -23.943091645999914 ], [ -46.794491860999813, -23.942959359999801 ], [ -46.794554684999866, -23.942803338999962 ], [ -46.794630834999964, -23.942671052999856 ], [ -46.794770138999866, -23.942406631999912 ], [ -46.794911259999878, -23.942273585999825 ], [ -46.795013231999974, -23.94212905299986 ], [ -46.795154517999947, -23.942007949999773 ], [ -46.795256985999913, -23.941899245999938 ], [ -46.795371786999908, -23.941742617999868 ], [ -46.795408124999881, -23.941551070999818 ], [ -46.795406306999894, -23.941419695999972 ], [ -46.79539149399983, -23.941288472999759 ], [ -46.795337532999895, -23.941145761999845 ], [ -46.795361207999804, -23.940978253999841 ], [ -46.795359885999972, -23.94088270799994 ], [ -46.795423534999827, -23.940786402999723 ], [ -46.795525670999837, -23.94065381299993 ], [ -46.795575663999792, -23.940509886999902 ], [ -46.795676477999962, -23.940281750999873 ], [ -46.795856577999871, -23.940148248999826 ], [ -46.79606398999988, -23.940109987999961 ], [ -46.79627189699994, -23.940107555999926 ], [ -46.796491971999849, -23.940045255999841 ], [ -46.796712376999785, -23.940006841999949 ], [ -46.797022913999911, -23.939907647999913 ], [ -46.797489380999764, -23.939806627999811 ], [ -46.797878378999826, -23.939742348999914 ], [ -46.798126591999846, -23.939835003999857 ], [ -46.798360983999942, -23.939868094999838 ], [ -46.798671850999824, -23.939792783999902 ], [ -46.798995379999951, -23.939693432999942 ], [ -46.799202788999878, -23.939655167999888 ], [ -46.799450505999857, -23.93971199099996 ], [ -46.799750696999922, -23.939804034999948 ], [ -46.800038059999906, -23.939908172999701 ], [ -46.800324262999936, -23.939928707999965 ], [ -46.80063678599987, -23.939972823999881 ], [ -46.800936148999938, -23.940005148999891 ], [ -46.801143557999865, -23.939966881999851 ], [ -46.801246184999854, -23.93987011699982 ], [ -46.801256359999968, -23.939666930999973 ], [ -46.801163411999823, -23.939524679999856 ], [ -46.801160924999976, -23.939345532999937 ], [ -46.80110563199986, -23.939107278999696 ], [ -46.801025843999923, -23.938976818999894 ], [ -46.800907404999862, -23.938870701999917 ], [ -46.800957557999936, -23.938738717999907 ], [ -46.801113485999963, -23.93873688899987 ], [ -46.80129507099997, -23.938710869999852 ], [ -46.801633910999961, -23.938778565999765 ], [ -46.801970760999836, -23.938702942999726 ], [ -46.80229279099985, -23.93849609799992 ], [ -46.802668787999949, -23.938431958999846 ], [ -46.803136073999895, -23.938390638999977 ], [ -46.803630176999832, -23.938408726999967 ], [ -46.803903714999819, -23.938453294999924 ], [ -46.804334675999939, -23.938603517999923 ], [ -46.804622537999876, -23.938743476999939 ], [ -46.805002852999799, -23.938989853999821 ], [ -46.805265558999963, -23.939189832999936 ], [ -46.805552923999926, -23.939293959999929 ], [ -46.80587910599985, -23.939385685999969 ], [ -46.806099833999895, -23.939557487999821 ], [ -46.80617872799985, -23.939452019999859 ], [ -46.806303649999961, -23.939327098999737 ], [ -46.806404776999898, -23.939208125999759 ], [ -46.806535647999965, -23.939130792999787 ], [ -46.806636774999902, -23.939005870999726 ], [ -46.806702209999742, -23.938910692999688 ], [ -46.806779541999902, -23.938761976999732 ], [ -46.806844976999741, -23.938631105999889 ], [ -46.806910412999798, -23.938524030999762 ], [ -46.806963950999886, -23.938422903999648 ], [ -46.806993693999857, -23.938369365999893 ], [ -46.806963950999886, -23.938244443999956 ], [ -46.806934206999813, -23.93813141999993 ], [ -46.806898514999887, -23.937899421999923 ], [ -46.806898514999887, -23.937732859999752 ], [ -46.806880668999838, -23.937619834999801 ], [ -46.806868771999916, -23.93747706799979 ], [ -46.806868771999916, -23.937369991999898 ], [ -46.806898514999887, -23.937161788999727 ], [ -46.806910412999798, -23.937090404999708 ], [ -46.806946104999838, -23.936977380999849 ], [ -46.806981795999945, -23.936864356999816 ], [ -46.807011539999905, -23.936804869999769 ], [ -46.807029385999783, -23.936763228999887 ], [ -46.807038903999967, -23.936560578999657 ], [ -46.806972278999865, -23.93637973999995 ], [ -46.806943724999712, -23.936217935999711 ], [ -46.806886617999965, -23.936075168999704 ], [ -46.806810474999907, -23.935932400999885 ], [ -46.806734332999895, -23.935799150999969 ], [ -46.806658189999894, -23.935627829999817 ], [ -46.806591564999735, -23.935446990999871 ], [ -46.806553492999853, -23.935285187999739 ], [ -46.806553492999853, -23.935104348999854 ], [ -46.806591564999735, -23.934999651999643 ], [ -46.806696260999843, -23.934856884999807 ], [ -46.806762885999945, -23.934714116999722 ], [ -46.806886617999965, -23.934552313999923 ], [ -46.806972278999865, -23.934438099999962 ], [ -46.807048420999877, -23.934314367999949 ], [ -46.807115045999865, -23.934190635999915 ], [ -46.807200706999936, -23.934057385999839 ], [ -46.807276849999937, -23.933924135999746 ], [ -46.807324438999956, -23.933838474999671 ], [ -46.807362509999905, -23.933552939999913 ], [ -46.807362509999905, -23.933429207999897 ], [ -46.807362509999905, -23.933267404999917 ], [ -46.807362509999905, -23.933153190999978 ], [ -46.807362509999905, -23.93305801199983 ], [ -46.807295884999746, -23.932848619999895 ], [ -46.807324438999956, -23.932743922999865 ], [ -46.807400581999957, -23.93266778099996 ], [ -46.807514795999907, -23.932563083999753 ], [ -46.807667080999977, -23.93245838799988 ], [ -46.807790812999826, -23.932353691999825 ], [ -46.807933580999929, -23.932229959999969 ], [ -46.808038276999866, -23.932115745999845 ], [ -46.808133455999837, -23.931915870999823 ], [ -46.808162008999886, -23.931773102999667 ], [ -46.808181044999799, -23.931535156999693 ], [ -46.808181044999799, -23.931392388999939 ], [ -46.808181044999799, -23.931230585999966 ], [ -46.808181044999799, -23.931144924999899 ], [ -46.808114419999868, -23.93106878299966 ], [ -46.808085865999828, -23.930935532999793 ], [ -46.808009723999817, -23.930764211999925 ], [ -46.807981169999948, -23.930592890999719 ], [ -46.807981169999948, -23.930469158999752 ], [ -46.808038276999866, -23.930316872999857 ], [ -46.808038276999866, -23.930174104999711 ], [ -46.808028758999974, -23.930040855999941 ], [ -46.808028758999974, -23.929860016999893 ], [ -46.808009723999817, -23.929679177999787 ], [ -46.807981169999948, -23.92947930299994 ], [ -46.807981169999948, -23.929365088999816 ], [ -46.808000205999917, -23.929231838999726 ], [ -46.808038276999866, -23.92909858899986 ], [ -46.808221495999931, -23.928939164999917 ], [ -46.808352365999838, -23.928832088999851 ], [ -46.808459441999901, -23.928701218999944 ], [ -46.808566516999974, -23.928570348999866 ], [ -46.808649798999681, -23.928344299999818 ], [ -46.808721181999886, -23.92798738099987 ], [ -46.808792565999681, -23.927761331999651 ], [ -46.808852052999896, -23.927666152999677 ], [ -46.808947230999934, -23.927523385999681 ], [ -46.808994819999896, -23.927368720999819 ], [ -46.8090186149999, -23.927202158999815 ], [ -46.80898292299986, -23.927035595999879 ], [ -46.808923436999919, -23.926880930999971 ], [ -46.80898292299986, -23.926714368999793 ], [ -46.80898292299986, -23.926583498999776 ], [ -46.80907810199983, -23.926381244999671 ], [ -46.80907810199983, -23.926178989999979 ], [ -46.809125690999963, -23.926024324999776 ], [ -46.80922086899983, -23.925917249999653 ], [ -46.80925656099987, -23.925786378999806 ], [ -46.809339841999815, -23.925631713999902 ], [ -46.809482609999918, -23.925441356999951 ], [ -46.809565890999806, -23.925334281999714 ], [ -46.809672966999756, -23.925203410999814 ], [ -46.8097443509999, -23.925108232999776 ], [ -46.809803836999777, -23.924882183999774 ], [ -46.809732452999981, -23.924644237999811 ], [ -46.809649171999929, -23.92441818899977 ], [ -46.809601582999903, -23.924156448999774 ], [ -46.809577787999785, -23.923918501999818 ], [ -46.809565890999806, -23.923704350999859 ], [ -46.809565890999806, -23.923502096999762 ], [ -46.809613479999825, -23.923276047999767 ], [ -46.809708658999966, -23.923133279999945 ], [ -46.809956122999836, -23.92271211599968 ], [ -46.81011316699994, -23.922440856999856 ], [ -46.810270211999978, -23.922269535999646 ], [ -46.810370148999709, -23.922041107999917 ], [ -46.810527192999928, -23.921798402999912 ], [ -46.810641406999885, -23.921527143999924 ], [ -46.810741344999883, -23.921298715999853 ], [ -46.810784174999867, -23.921084563999894 ], [ -46.810784174999867, -23.92085613599982 ], [ -46.810798451999922, -23.920713367999834 ], [ -46.810822725999856, -23.920603716999718 ], [ -46.81089470499996, -23.920237675999829 ], [ -46.810917224999855, -23.920200877999886 ], [ -46.810979365999856, -23.920101138999886 ], [ -46.810991636999972, -23.920047846999914 ], [ -46.811000559999911, -23.919978387999951 ], [ -46.811003149999863, -23.919918989999925 ], [ -46.811009368999692, -23.919783177999872 ], [ -46.8110023509999, -23.919704687999847 ], [ -46.810997007999902, -23.919658222999832 ], [ -46.81098928699987, -23.919591261999987 ], [ -46.810976169999947, -23.919533221999693 ], [ -46.810963970999921, -23.919480372999768 ], [ -46.810926011999811, -23.919431420999899 ], [ -46.810851533999937, -23.919352848999893 ], [ -46.810800934999918, -23.919317381999971 ], [ -46.810780701999931, -23.919294198999921 ], [ -46.810740253999882, -23.919242051999955 ], [ -46.810706706999952, -23.919189661999713 ], [ -46.810675627999956, -23.919144501999885 ], [ -46.810631274999821, -23.919065232999966 ], [ -46.810599336999871, -23.919007080999965 ], [ -46.810595381999974, -23.918988309999918 ], [ -46.810574583999937, -23.918906279999863 ], [ -46.810555052999916, -23.918822825999651 ], [ -46.810547537999923, -23.91877201599987 ], [ -46.810544744999959, -23.918718938999913 ], [ -46.810549493999986, -23.918665022999903 ], [ -46.810561074999725, -23.918620669999882 ], [ -46.81058295899976, -23.918584736999833 ], [ -46.810618739999938, -23.918535330999926 ], [ -46.810669605999976, -23.918480808999849 ], [ -46.810692344999723, -23.918459014999826 ], [ -46.810767847999841, -23.918378675999914 ], [ -46.810795739999946, -23.918336143999959 ], [ -46.810812021999773, -23.918292972999772 ], [ -46.810817651999969, -23.918248003999789 ], [ -46.810806198999735, -23.918176129999949 ], [ -46.810773652999728, -23.918114517999925 ], [ -46.810700235999946, -23.918066226999823 ], [ -46.810612147999848, -23.918054785999857 ], [ -46.81051297099998, -23.918060297999713 ], [ -46.81043981199997, -23.918068545999692 ], [ -46.810357528999759, -23.918081063999796 ], [ -46.810276515999874, -23.918091001999926 ], [ -46.810164135999912, -23.918099901999764 ], [ -46.810078282999825, -23.918103666999905 ], [ -46.810014767999974, -23.918101931999782 ], [ -46.80994885899986, -23.918076459999785 ], [ -46.809926022999832, -23.918063066999931 ], [ -46.8099203619999, -23.918059323999785 ], [ -46.809915184999909, -23.918055022999969 ], [ -46.809910569999886, -23.918050219999767 ], [ -46.809906557999909, -23.918044966999844 ], [ -46.809903208999799, -23.918039344999674 ], [ -46.809900562999758, -23.918033416999776 ], [ -46.809898649999866, -23.918027244999728 ], [ -46.809897490999958, -23.918020919999712 ], [ -46.809897116999934, -23.91801452299989 ], [ -46.809897121999768, -23.918011380999808 ], [ -46.809897219999925, -23.91800710899992 ], [ -46.809899106999922, -23.917928277999799 ], [ -46.809910517999811, -23.917847737999868 ], [ -46.809925759999828, -23.91771434799977 ], [ -46.809984375999704, -23.917561955999759 ], [ -46.810031580999869, -23.917485778999943 ], [ -46.81009480899985, -23.917414812999933 ], [ -46.810216492999814, -23.917310996999955 ], [ -46.810313644999844, -23.917231404999935 ], [ -46.810392864999812, -23.917179519999817 ], [ -46.810463589999983, -23.917139742999662 ], [ -46.810602146999827, -23.917103509999773 ], [ -46.810788710999702, -23.917110638999805 ], [ -46.810949797999797, -23.917148921999964 ], [ -46.811145722999754, -23.917205429999687 ], [ -46.811261581999929, -23.91723760899993 ], [ -46.811365170999977, -23.917249885999802 ], [ -46.811373794999895, -23.917250624999788 ], [ -46.811382460999653, -23.917250792999766 ], [ -46.811391118999836, -23.917250401999915 ], [ -46.811399718999837, -23.91724943399992 ], [ -46.811403970999834, -23.917248679999769 ], [ -46.811483740999847, -23.917232055999815 ], [ -46.811516167999855, -23.917218932999727 ], [ -46.811539066999899, -23.917205804999867 ], [ -46.811572456999897, -23.917178657999845 ], [ -46.811583924999866, -23.917159370999858 ], [ -46.811587753999675, -23.917140960999923 ], [ -46.81158493199996, -23.91711815899998 ], [ -46.811571641999763, -23.917071669999867 ], [ -46.811554563999834, -23.917008511999878 ], [ -46.811546020999685, -23.916973425999903 ], [ -46.811544158999709, -23.916939225999844 ], [ -46.811544207999873, -23.916899767999951 ], [ -46.811548094999921, -23.916841888999954 ], [ -46.811558654999828, -23.916784897999943 ], [ -46.811574562999738, -23.916732520999975 ], [ -46.811576501999816, -23.916708849999971 ], [ -46.811576524999964, -23.9166886779999 ], [ -46.811569883999766, -23.916659735999815 ], [ -46.811559436999971, -23.91663604899998 ], [ -46.811526126999979, -23.916588657999956 ], [ -46.811481393999827, -23.916537744999744 ], [ -46.811409047999973, -23.916456999999749 ], [ -46.811377635999861, -23.916421008999862 ], [ -46.811358606999875, -23.91638766199986 ], [ -46.811346048999845, -23.916329552999859 ], [ -46.811345149999852, -23.916288344999717 ], [ -46.811350938999965, -23.916235734999812 ], [ -46.811359592999963, -23.916171722999923 ], [ -46.811369436999883, -23.91611342199991 ], [ -46.811372325999855, -23.916088872999925 ], [ -46.811372355999765, -23.916067825999789 ], [ -46.811363797999945, -23.916045018999682 ], [ -46.81134380799989, -23.916023069999881 ], [ -46.811318091999908, -23.9160081399998 ], [ -46.811262840999859, -23.915982650999915 ], [ -46.811105218999955, -23.915919506999835 ], [ -46.811052821999795, -23.915892268999979 ], [ -46.811013772999956, -23.915865044999865 ], [ -46.810989029999867, -23.915832568999683 ], [ -46.810977632999879, -23.91579572799975 ], [ -46.810973868999838, -23.915758896999872 ], [ -46.810980591999964, -23.915721191999861 ], [ -46.810993043999929, -23.915673848999855 ], [ -46.81105945899975, -23.915541291999659 ], [ -46.811129688999699, -23.915404780999896 ], [ -46.811149183999873, -23.91534478599965 ], [ -46.811156861999905, -23.915307963999958 ], [ -46.811154036999824, -23.915277270999745 ], [ -46.811141700999883, -23.915230778999781 ], [ -46.811125562999962, -23.915180775999826 ], [ -46.811113218999822, -23.915142184999919 ], [ -46.811101817999941, -23.915107095999694 ], [ -46.81110514199986, -23.915027787999801 ], [ -46.811123568999903, -23.914960284999886 ], [ -46.811155331999942, -23.914906609999893 ], [ -46.811203775999957, -23.91485601699986 ], [ -46.811292265999896, -23.914790124999733 ], [ -46.811367417999918, -23.914724209999974 ], [ -46.811414613999887, -23.914668637999906 ], [ -46.811446372999853, -23.914611884999822 ], [ -46.811468153999726, -23.914539781999906 ], [ -46.811478271999931, -23.914446181999896 ], [ -46.811471659999825, -23.914401672999933 ], [ -46.811466704999873, -23.914363301999963 ], [ -46.811440917999846, -23.914304571999647 ], [ -46.811415969999928, -23.914244703999817 ], [ -46.811397723999733, -23.91416181299974 ], [ -46.811387835999653, -23.914069721999908 ], [ -46.811391222999823, -23.914025220999982 ], [ -46.811411310999979, -23.913966934999848 ], [ -46.811486462999881, -23.913852459999877 ], [ -46.811585740999931, -23.913733303999717 ], [ -46.811682131999817, -23.913643083999883 ], [ -46.811749651999719, -23.913577168999829 ], [ -46.811771609999937, -23.913554390999824 ], [ -46.81179452199973, -23.913524603999747 ], [ -46.811806942999851, -23.913501811999826 ], [ -46.811816510999847, -23.913470249999872 ], [ -46.811823218999962, -23.913441321999816 ], [ -46.811823259999869, -23.913413257999881 ], [ -46.811817576999772, -23.913382561999807 ], [ -46.811792890999925, -23.913306247999792 ], [ -46.811758436999924, -23.913221146999778 ], [ -46.811750863999919, -23.913178174999864 ], [ -46.81174520899998, -23.913125546999709 ], [ -46.81174718699981, -23.913069432999748 ], [ -46.811761594999837, -23.912983501999925 ], [ -46.811776250999969, -23.91288859399998 ], [ -46.81178203699983, -23.91283160499972 ], [ -46.811782098999856, -23.912782492999895 ], [ -46.811774537999838, -23.912733381999828 ], [ -46.81175960399986, -23.91266890799983 ], [ -46.811755848999894, -23.912621547999667 ], [ -46.811758771999791, -23.912573323999819 ], [ -46.811768357999938, -23.912530366999814 ], [ -46.81179320799987, -23.912469883999794 ], [ -46.811842664999972, -23.912367332999672 ], [ -46.811887579999791, -23.912281448999913 ], [ -46.811905740999862, -23.912234986999799 ], [ -46.811906822999845, -23.912183686999914 ], [ -46.811900199999741, -23.912146853999722 ], [ -46.81188497699992, -23.912118770999879 ], [ -46.811859274999847, -23.912090685999942 ], [ -46.811797376999955, -23.91204764999986 ], [ -46.811726883999881, -23.912011622999891 ], [ -46.811555875999943, -23.911937566999718 ], [ -46.811454883999943, -23.911897113999821 ], [ -46.811399624999979, -23.911875136999811 ], [ -46.811343427999873, -23.911844386999917 ], [ -46.811300561999872, -23.911818028999964 ], [ -46.811263663999682, -23.911787962999764 ], [ -46.811234153999976, -23.911757231999903 ], [ -46.81121515399991, -23.911705473999977 ], [ -46.811198063999825, -23.911655471999666 ], [ -46.811184753999726, -23.911626517999821 ], [ -46.811149887999939, -23.911588499999873 ], [ -46.811107048999936, -23.911547243999848 ], [ -46.811018478999983, -23.911484007999778 ], [ -46.810898482999903, -23.911397069999847 ], [ -46.810817229999941, -23.911342288999773 ], [ -46.810763902999781, -23.911301011999793 ], [ -46.810742018999747, -23.91126854699996 ], [ -46.810734443999934, -23.911228193999808 ], [ -46.810736397999904, -23.911192242999959 ], [ -46.81075265599992, -23.911153676999959 ], [ -46.810781275999886, -23.911131786999935 ], [ -46.810812747999933, -23.911115153999784 ], [ -46.810856610999906, -23.911103801999669 ], [ -46.81089162099989, -23.911097827999875 ], [ -46.810912862999942, -23.911098353999822 ], [ -46.810947165999949, -23.911104405999879 ], [ -46.810977105999939, -23.911119465999889 ], [ -46.811037522999868, -23.911155611999853 ], [ -46.811106108999866, -23.911190252999962 ], [ -46.811141496999937, -23.911204327999883 ], [ -46.811182337999867, -23.91121088099964 ], [ -46.811221006999858, -23.911210921999903 ], [ -46.811253152999939, -23.911205946999932 ], [ -46.811280396999734, -23.911195955999919 ], [ -46.811307111999724, -23.911173428999746 ], [ -46.811325666999721, -23.911148893999837 ], [ -46.811339865999742, -23.911114839999691 ], [ -46.811351912999953, -23.911065243999921 ], [ -46.8113534539998, -23.91100674299997 ], [ -46.811358279999695, -23.910954134999884 ], [ -46.811374529999796, -23.91091644499971 ], [ -46.811391729999798, -23.910884891999839 ], [ -46.811422269999817, -23.910857732999716 ], [ -46.811451841999769, -23.910839352999968 ], [ -46.811496164999824, -23.910827173999849 ], [ -46.811529345999823, -23.910824615999722 ], [ -46.811563870999919, -23.910829698999976 ], [ -46.811605478999809, -23.910844720999702 ], [ -46.811641385999849, -23.910865055999981 ], [ -46.811667192999835, -23.910892191999725 ], [ -46.811684302999822, -23.910928170999792 ], [ -46.811692838999818, -23.910964133999805 ], [ -46.811706080999784, -23.91104745399997 ], [ -46.811724028999834, -23.911177255999863 ], [ -46.811730116999968, -23.911266655999892 ], [ -46.811736737999922, -23.911306116999871 ], [ -46.811748141999772, -23.911331562999752 ], [ -46.811760513999729, -23.911348238999889 ], [ -46.811779567999736, -23.911358776999801 ], [ -46.811802439999838, -23.911364944999949 ], [ -46.811850095999887, -23.911364997999954 ], [ -46.811872980999738, -23.911361512999914 ], [ -46.811892050999973, -23.911349252999965 ], [ -46.811918771999956, -23.911329984999895 ], [ -46.811937872999749, -23.911300197999818 ], [ -46.811949361999723, -23.911256359999925 ], [ -46.811963749999848, -23.911184470999842 ], [ -46.811972405999889, -23.911124846999886 ], [ -46.811985809999896, -23.911073998999942 ], [ -46.812003032999826, -23.911022282999731 ], [ -46.812014526999974, -23.910976693999881 ], [ -46.812015517999896, -23.910947751999963 ], [ -46.812017469999944, -23.910910925999694 ], [ -46.812007983999877, -23.910875840999896 ], [ -46.811995634999732, -23.910838993999779 ], [ -46.811962060999981, -23.910772535999804 ], [ -46.811928774999899, -23.910708485999969 ], [ -46.811901390999935, -23.910670361999845 ], [ -46.811866933999688, -23.910618090999726 ], [ -46.811826959999905, -23.910568069999719 ], [ -46.811790787999939, -23.910525940999886 ], [ -46.811760334999803, -23.910488195999964 ], [ -46.811749894999934, -23.910452237999838 ], [ -46.811748987999692, -23.91041891199967 ], [ -46.811752846999923, -23.910379453999781 ], [ -46.811767415999952, -23.910356446999732 ], [ -46.811782684999969, -23.910340681999742 ], [ -46.811809380999875, -23.910330181999935 ], [ -46.811886597999887, -23.910322373999918 ], [ -46.811979065999878, -23.910317211999935 ], [ -46.812025985999696, -23.910314572999649 ], [ -46.812063870999964, -23.910299949999853 ], [ -46.812085998999748, -23.910268971999699 ], [ -46.812091339999938, -23.910235011999703 ], [ -46.812089380999851, -23.910205798999868 ], [ -46.812080896999873, -23.91018059799967 ], [ -46.812066011999889, -23.910157703999975 ], [ -46.812049826999953, -23.910136639999735 ], [ -46.812001841999809, -23.910112256999696 ], [ -46.811891812999875, -23.910064560999899 ], [ -46.811706491999985, -23.909997941999897 ], [ -46.81159883599986, -23.909954857999715 ], [ -46.81152453299984, -23.909922333999702 ], [ -46.811449285999913, -23.909878407999713 ], [ -46.811395951999941, -23.909841519999926 ], [ -46.81136928899997, -23.909817815999762 ], [ -46.811347405999925, -23.909788854999764 ], [ -46.811340756999755, -23.909771307999726 ], [ -46.811338867999837, -23.90975552899982 ], [ -46.811342713999977, -23.909732729999803 ], [ -46.811363716999949, -23.909702061999834 ], [ -46.811396159999958, -23.909677544999855 ], [ -46.811438131999978, -23.909653907999942 ], [ -46.811466748999862, -23.909634644999866 ], [ -46.811485840999921, -23.909612740999819 ], [ -46.811497782999936, -23.909590080999745 ], [ -46.811514175999775, -23.909546501999788 ], [ -46.811530159999961, -23.909504552999742 ], [ -46.81155309899998, -23.909456345999782 ], [ -46.81158176699995, -23.909394995999829 ], [ -46.811615171999968, -23.909344362999832 ], [ -46.81164734399988, -23.909310322999943 ], [ -46.81169152599989, -23.90926275899983 ], [ -46.811730241999896, -23.909228225999978 ], [ -46.811765684999898, -23.909194191999919 ], [ -46.811787501999845, -23.909167659999866 ], [ -46.811811507999892, -23.909139620999778 ], [ -46.811831696999946, -23.909112583999679 ], [ -46.811845334999759, -23.909092548999855 ], [ -46.811855853999816, -23.909065093999743 ], [ -46.811861326999917, -23.909042048999769 ], [ -46.811863012999886, -23.909004475999946 ], [ -46.811860876999958, -23.908965386999906 ], [ -46.811855466999873, -23.908940826999924 ], [ -46.811840792999817, -23.90891124899996 ], [ -46.811817953999885, -23.908880654999731 ], [ -46.811794563999918, -23.908860587999694 ], [ -46.811764084999936, -23.908843511999859 ], [ -46.811726909999891, -23.908839217999848 ], [ -46.811671900999954, -23.908838656999816 ], [ -46.811583122999707, -23.908835052999962 ], [ -46.811521579999862, -23.908829980999716 ], [ -46.811476387999846, -23.908819912999945 ], [ -46.811444809999898, -23.908811354999955 ], [ -46.811421398999926, -23.908800307999684 ], [ -46.811405076999904, -23.908787768999954 ], [ -46.811389297999938, -23.90876970699998 ], [ -46.811378425999919, -23.908752155999935 ], [ -46.811372452999876, -23.908738627999977 ], [ -46.811370299999965, -23.908718074999964 ], [ -46.81137250099988, -23.908704044999869 ], [ -46.811392195999986, -23.908658503999675 ], [ -46.811473394999894, -23.908520029999917 ], [ -46.811510654999779, -23.908450795999777 ], [ -46.811538349999921, -23.908403471999851 ], [ -46.811564594999879, -23.908351496999675 ], [ -46.811587540999824, -23.908302413999767 ], [ -46.811607621999883, -23.908250700999922 ], [ -46.811622949999901, -23.908188452999919 ], [ -46.811639245999913, -23.908110427999876 ], [ -46.811653648999716, -23.908029760999856 ], [ -46.811661329999879, -23.907979783999732 ], [ -46.811658147999879, -23.907941762999936 ], [ -46.811650551999719, -23.90792170799989 ], [ -46.811624434999949, -23.907897635999689 ], [ -46.811596669999858, -23.907883570999839 ], [ -46.811538961999872, -23.907865469999923 ], [ -46.811463219999837, -23.907845864999665 ], [ -46.811403641999959, -23.907826043999869 ], [ -46.811366567999926, -23.907783906999953 ], [ -46.811359538999973, -23.907725723999931 ], [ -46.811367220999784, -23.907682147999871 ], [ -46.811374688999877, -23.907631693999807 ], [ -46.811380478999929, -23.907577810999779 ], [ -46.811385367999776, -23.907543152999832 ], [ -46.811386800999919, -23.907431045999886 ], [ -46.811360347999937, -23.907358923999766 ], [ -46.811299117999859, -23.907282588999692 ], [ -46.811209037999845, -23.907223523999846 ], [ -46.811108253999862, -23.907161767999973 ], [ -46.811107332999889, -23.907161227999783 ], [ -46.811105976999841, -23.907160484999963 ], [ -46.811104769999929, -23.907159858999826 ], [ -46.811102822999942, -23.907158969999838 ], [ -46.811100827999951, -23.907158161999863 ], [ -46.811098794999964, -23.90715745499989 ], [ -46.811096722999878, -23.907156837999935 ], [ -46.811094623999907, -23.907156320999889 ], [ -46.811092791999734, -23.90715595499994 ], [ -46.81102761599994, -23.907144559999892 ], [ -46.810921298999688, -23.907137540999777 ], [ -46.810874861999821, -23.907136020999811 ], [ -46.810837210999807, -23.907126477999896 ], [ -46.810812487999897, -23.907115698999807 ], [ -46.810794143999885, -23.907092636999955 ], [ -46.810777438999935, -23.907061014999901 ], [ -46.810771718999717, -23.907040277999776 ], [ -46.810770649999824, -23.907020642999782 ], [ -46.810775400999944, -23.906993011999869 ], [ -46.810782048999954, -23.906969637999733 ], [ -46.810798533999908, -23.90693823799996 ], [ -46.810819658999776, -23.906905103999975 ], [ -46.81086722099991, -23.906848471999808 ], [ -46.810939989999724, -23.906765501999867 ], [ -46.810986633999676, -23.906710017999885 ], [ -46.811025927999879, -23.906664813999893 ], [ -46.811041224999826, -23.906639107999805 ], [ -46.811053989999891, -23.906607164999723 ], [ -46.81106216299986, -23.906581217999811 ], [ -46.81106934699983, -23.906547029999839 ], [ -46.811072128999911, -23.906503474999962 ], [ -46.811070882999957, -23.906458514999883 ], [ -46.811065877999908, -23.906408749999862 ], [ -46.811047803999827, -23.906347960999888 ], [ -46.811028344999848, -23.906311087999931 ], [ -46.811009219999846, -23.906277055999961 ], [ -46.810997742999859, -23.906261886999847 ], [ -46.81099422099993, -23.906257223999834 ], [ -46.810965799999906, -23.90622211799996 ], [ -46.810903304999954, -23.906140253999919 ], [ -46.810815810999827, -23.906024968999645 ], [ -46.810779476999926, -23.905964005999746 ], [ -46.810763326999734, -23.905913739999843 ], [ -46.81073433999984, -23.905799236999766 ], [ -46.810716956999897, -23.905749256999915 ], [ -46.810696392999887, -23.905687340999748 ], [ -46.810679326999889, -23.905638214999961 ], [ -46.810668630999722, -23.905614945999897 ], [ -46.81065454599991, -23.905592266999967 ], [ -46.810644912999983, -23.905587486999938 ], [ -46.810626918999844, -23.905581052999935 ], [ -46.810597195999947, -23.905580093999845 ], [ -46.810483404999843, -23.905596151999923 ], [ -46.810366570999861, -23.905618773999947 ], [ -46.810270402999834, -23.905633016999786 ], [ -46.810211889999948, -23.905631095999979 ], [ -46.81016503699982, -23.905615159999904 ], [ -46.810138006999864, -23.905600236999934 ], [ -46.810091932999967, -23.905564092999949 ], [ -46.810015650999958, -23.905501379999922 ], [ -46.809908952999933, -23.905428043999795 ], [ -46.809706873999914, -23.905274621999975 ], [ -46.809689794999827, -23.905259120999862 ], [ -46.809680423999851, -23.905248404999952 ], [ -46.809677132999923, -23.905240623999923 ], [ -46.809675854999909, -23.905230607999897 ], [ -46.809677002999763, -23.90522279299994 ], [ -46.809694581999963, -23.905195199999987 ], [ -46.80978547199993, -23.905079131999965 ], [ -46.809790777999922, -23.905071538999781 ], [ -46.809797191999849, -23.905061774999865 ], [ -46.809802973999865, -23.905051692999731 ], [ -46.809808112999747, -23.905041311999863 ], [ -46.809812590999854, -23.905030676999953 ], [ -46.809815017999881, -23.905022964999947 ], [ -46.809816507999926, -23.905017158999897 ], [ -46.809817397999893, -23.905011252999941 ], [ -46.809817668999926, -23.905005289999895 ], [ -46.809817450999901, -23.905001671999795 ], [ -46.809816851999699, -23.904998093999836 ], [ -46.809815888999708, -23.904994574999808 ], [ -46.80981382799996, -23.90498900099988 ], [ -46.809811384999932, -23.904983557999966 ], [ -46.809808560999784, -23.904978272999983 ], [ -46.809801999999877, -23.904967641999974 ], [ -46.80979480499974, -23.904957351999766 ], [ -46.80978701599998, -23.904947447999916 ], [ -46.809785211999895, -23.904945500999926 ], [ -46.809783212999832, -23.904943726999868 ], [ -46.80977621999989, -23.904938102999775 ], [ -46.809774673999925, -23.904937046999688 ], [ -46.809772972999951, -23.904936208999793 ], [ -46.809769712999874, -23.904934874999739 ], [ -46.80976462999979, -23.904933101999969 ], [ -46.80975937799974, -23.904931844999794 ], [ -46.809753995999984, -23.904931122999983 ], [ -46.809749673999647, -23.904931065999797 ], [ -46.809745388999886, -23.904931576999843 ], [ -46.809738574999869, -23.904933146999728 ], [ -46.809731925999927, -23.904935228999864 ], [ -46.809725488999845, -23.904937805999914 ], [ -46.809719295999798, -23.904940867999983 ], [ -46.809683210999822, -23.904960515999846 ], [ -46.809594680999851, -23.905011201999852 ], [ -46.809573723999904, -23.905018382999909 ], [ -46.809545875999909, -23.905022267999804 ], [ -46.809527676999664, -23.905021524999821 ], [ -46.809473961999913, -23.905013633999886 ], [ -46.809459538999874, -23.905007590999737 ], [ -46.809441775999915, -23.904998003999825 ], [ -46.809416218999843, -23.904978773999741 ], [ -46.809402287999838, -23.904961537999846 ], [ -46.809392771999853, -23.904943247999821 ], [ -46.809372449999955, -23.904881031999764 ], [ -46.809361672999785, -23.904834250999947 ], [ -46.80934558999985, -23.90472945599981 ], [ -46.809329008999896, -23.904633316999924 ], [ -46.809311061999836, -23.904542087999861 ], [ -46.809294176999856, -23.904466439999904 ], [ -46.809278387999882, -23.904413063999929 ], [ -46.809263696999835, -23.904382834999748 ], [ -46.809243176999928, -23.904350867999938 ], [ -46.809225636999884, -23.904330460999752 ], [ -46.809206172999957, -23.904313623999712 ], [ -46.809172155999647, -23.904290619999927 ], [ -46.809139128999846, -23.904273843999704 ], [ -46.809101305999889, -23.904262442999652 ], [ -46.809047059999841, -23.904260028999715 ], [ -46.809000596999908, -23.904262923999848 ], [ -46.808899958999746, -23.904274978999865 ], [ -46.808862892187996, -23.904277950075446 ], [ -46.808835092999914, -23.904277962999856 ], [ -46.808813771999837, -23.904274493999822 ], [ -46.808793387999913, -23.90426568699991 ], [ -46.808785578999903, -23.90425503299991 ], [ -46.808781608999823, -23.904237228999762 ], [ -46.808781162999878, -23.904222145999938 ], [ -46.808793468999909, -23.904171301999718 ], [ -46.808823757999846, -23.904046439999892 ], [ -46.808853018999798, -23.903912667999915 ], [ -46.808857636999903, -23.903872550999719 ], [ -46.808861371999853, -23.903846700999967 ], [ -46.808861195999839, -23.903816409999934 ], [ -46.808854210999868, -23.903778134999811 ], [ -46.808840446999795, -23.903742558999966 ], [ -46.808826190999866, -23.903719592999828 ], [ -46.808788191999838, -23.903677899999934 ], [ -46.808729688999961, -23.903606010999852 ], [ -46.808695571999976, -23.903565192999849 ], [ -46.808680905999836, -23.903540317999841 ], [ -46.808678875999931, -23.903524296999933 ], [ -46.808677850999857, -23.903512714999859 ], [ -46.80868162199971, -23.903495767999974 ], [ -46.808702708999874, -23.903455582999918 ], [ -46.808741077999684, -23.903391257999949 ], [ -46.808756355999947, -23.903352874999712 ], [ -46.808761990999983, -23.903321665999954 ], [ -46.808759960999737, -23.9033056359998 ], [ -46.808753118999959, -23.903293201999816 ], [ -46.808743380999942, -23.903284340999789 ], [ -46.808731745999864, -23.903281714999927 ], [ -46.808659140999907, -23.903284735999812 ], [ -46.808562330999905, -23.903288754999899 ], [ -46.808503275999733, -23.903290812999725 ], [ -46.80843741199994, -23.903288454999704 ], [ -46.808405410999967, -23.903279702999932 ], [ -46.808384049999972, -23.903269109999755 ], [ -46.808370947999947, -23.903257795999821 ], [ -46.808358670999723, -23.903234482999824 ], [ -46.808358547999831, -23.90321220899995 ], [ -46.808388188999857, -23.903043570999778 ], [ -46.80843732299985, -23.902739316999828 ], [ -46.808455269999911, -23.902616062999925 ], [ -46.808456787999944, -23.902583322999874 ], [ -46.808453272999827, -23.902561512999856 ], [ -46.808439643999861, -23.902547542999848 ], [ -46.808409027999751, -23.902528976999918 ], [ -46.808356395999915, -23.902510516999712 ], [ -46.808266434999837, -23.902484441999768 ], [ -46.808196774999828, -23.902452023999839 ], [ -46.808135589999836, -23.902419578999911 ], [ -46.808072614999958, -23.902369980999651 ], [ -46.808006136999893, -23.90230014399998 ], [ -46.807919113999958, -23.902192976999913 ], [ -46.807871261999821, -23.902119923999749 ], [ -46.807843774999753, -23.902053013999865 ], [ -46.80781291399996, -23.901989240999683 ], [ -46.807790567999973, -23.901933214999818 ], [ -46.807778303999783, -23.901910144999871 ], [ -46.807768265999812, -23.901895941999822 ], [ -46.807753814999963, -23.901884301999868 ], [ -46.807734383999957, -23.901872683999773 ], [ -46.807718853999916, -23.901866138999711 ], [ -46.807693913999969, -23.901860147999898 ], [ -46.807661803999736, -23.901856227999939 ], [ -46.807558596999968, -23.901855688999888 ], [ -46.807488896999985, -23.901857799999732 ], [ -46.807417216999909, -23.901854569999731 ], [ -46.80738037999987, -23.901847616999927 ], [ -46.807340605999968, -23.901833546999747 ], [ -46.807296911999742, -23.901812371999767 ], [ -46.80725513599981, -23.901788519999684 ], [ -46.807222076999842, -23.901748158999958 ], [ -46.807209261999844, -23.901722810999726 ], [ -46.807191480999961, -23.901659642999672 ], [ -46.807162907999668, -23.90157246599972 ], [ -46.807142865999936, -23.901494272999912 ], [ -46.807102514999883, -23.901378646999941 ], [ -46.807072156999709, -23.901316430999941 ], [ -46.807042892999846, -23.901279148999894 ], [ -46.807018564999964, -23.901257881999978 ], [ -46.806985541999893, -23.901238441999798 ], [ -46.806940900999848, -23.901222613999838 ], [ -46.806864312999892, -23.901206041999956 ], [ -46.806806132999725, -23.901191176999703 ], [ -46.80677506999973, -23.901177067999864 ], [ -46.806748826999758, -23.901159371999825 ], [ -46.80673033599976, -23.901142532999867 ], [ -46.806714642999793, -23.90111571899979 ], [ -46.806705884999936, -23.90106430999986 ], [ -46.806703581999841, -23.900955189999827 ], [ -46.806711777999794, -23.900906822999904 ], [ -46.806775348999906, -23.900758408999884 ], [ -46.806823683999824, -23.900614743999881 ], [ -46.806862004999971, -23.900496080999734 ], [ -46.806878687999927, -23.900449229999879 ], [ -46.806905545999939, -23.900403884999946 ], [ -46.806934026999897, -23.900344507999815 ], [ -46.806960781999976, -23.900280463999934 ], [ -46.807000480999818, -23.900164800999953 ], [ -46.807013697999821, -23.900103940999664 ], [ -46.807015153999942, -23.900060275999749 ], [ -46.806999647999817, -23.900015139999933 ], [ -46.806961625999861, -23.899881238999853 ], [ -46.806928951999851, -23.899797206999835 ], [ -46.806906706999939, -23.899758334999657 ], [ -46.806879450999936, -23.899731954999943 ], [ -46.806816503999755, -23.899687042999801 ], [ -46.806715313999916, -23.899633684999799 ], [ -46.806619152999872, -23.899578904999878 ], [ -46.80655403999998, -23.899536446999775 ], [ -46.806523881999908, -23.899512538999822 ], [ -46.806494672999861, -23.899484168999773 ], [ -46.806473479999795, -23.899461572999758 ], [ -46.806469259999801, -23.899440629999898 ], [ -46.806464172999824, -23.899396110999877 ], [ -46.806456083999876, -23.899335564999827 ], [ -46.806445019999842, -23.899261671999852 ], [ -46.806437585999845, -23.899224919999824 ], [ -46.806419913999832, -23.899182237999749 ], [ -46.806381874999943, -23.899132526999715 ], [ -46.806328333999716, -23.89908110999983 ], [ -46.806239808999919, -23.899007585999865 ], [ -46.806177604999846, -23.898966004999977 ], [ -46.806074543999841, -23.898891656999858 ], [ -46.806015103999982, -23.89885741199971 ], [ -46.805969416999744, -23.898825550999895 ], [ -46.805929525999829, -23.898790994999892 ], [ -46.805892526999969, -23.898754642999901 ], [ -46.805859370999883, -23.898712928999824 ], [ -46.805804732999889, -23.898638346999967 ], [ -46.805753021999976, -23.898567323999938 ], [ -46.805711415999895, -23.898508940999822 ], [ -46.805683154999713, -23.898475222999856 ], [ -46.805647137999813, -23.898442426999733 ], [ -46.805615957999748, -23.898407830999815 ], [ -46.805592539999736, -23.898374977999932 ], [ -46.805579770999941, -23.898342964999866 ], [ -46.80557187699992, -23.898316275999775 ], [ -46.805568809999727, -23.898287779999919 ], [ -46.805568667999921, -23.898261947999913 ], [ -46.805578918999856, -23.898189736999878 ], [ -46.805600848, -23.898083609999897 ], [ -46.805609192999782, -23.898017651999826 ], [ -46.805606079999791, -23.897980243999715 ], [ -46.805588328999931, -23.897923313999797 ], [ -46.80556377399995, -23.897860170999873 ], [ -46.805542783999897, -23.897835171999759 ], [ -46.805516631999865, -23.897817554999904 ], [ -46.805479047999938, -23.897806221999701 ], [ -46.805451920999928, -23.897802513999746 ], [ -46.805419349999795, -23.897804241999783 ], [ -46.805394641999904, -23.897813515999921 ], [ -46.805372535999936, -23.89781921999986 ], [ -46.805358701999751, -23.89781877799977 ], [ -46.80534059199988, -23.897815874999761 ], [ -46.805333747999669, -23.897808207999844 ], [ -46.80533145999982, -23.897795485999946 ], [ -46.805331915999943, -23.897776653999983 ], [ -46.805334512999821, -23.897746600999657 ], [ -46.805342084999893, -23.897715513999742 ], [ -46.80535572999986, -23.897681845999966 ], [ -46.805388939999943, -23.897640525999922 ], [ -46.80542939399993, -23.897601133999785 ], [ -46.805455376999873, -23.89757338899976 ], [ -46.805462062999887, -23.8975555409998 ], [ -46.80546480899983, -23.89752702099986 ], [ -46.805460789999707, -23.897502092999673 ], [ -46.805449014999851, -23.897474528999854 ], [ -46.805429360999824, -23.897455246999858 ], [ -46.80539531199986, -23.897426896999832 ], [ -46.805324353999936, -23.897376451999818 ], [ -46.805268932999979, -23.897336623999806 ], [ -46.805240714999854, -23.897310914999814 ], [ -46.805213418999926, -23.897278088999943 ], [ -46.805197757999849, -23.89724786999977 ], [ -46.805182990999867, -23.897204286999962 ], [ -46.805176011999833, -23.897167790999791 ], [ -46.805173922999927, -23.897141070999794 ], [ -46.805178765999813, -23.897114349999981 ], [ -46.805191235999928, -23.89709291299982 ], [ -46.805209542999933, -23.897076787999822 ], [ -46.805239482999923, -23.897062395999782 ], [ -46.805314890999796, -23.89704154699972 ], [ -46.805343895999954, -23.897033395999866 ], [ -46.805365152999855, -23.897025272999663 ], [ -46.80537477799993, -23.897015425999882 ], [ -46.805380496999874, -23.896999367999801 ], [ -46.805382102999829, -23.896939673999839 ], [ -46.805374878999942, -23.896858629999883 ], [ -46.805366993999826, -23.896834613999943 ], [ -46.805343613999923, -23.896807998999861 ], [ -46.805302778999931, -23.896779682999917 ], [ -46.805232866999916, -23.896744377999934 ], [ -46.805159110999853, -23.896714434999698 ], [ -46.805110592999768, -23.896695058999857 ], [ -46.805068817999938, -23.896671205999837 ], [ -46.805041599999981, -23.896651732999654 ], [ -46.80502211199979, -23.896629550999929 ], [ -46.805004521999933, -23.896601124999734 ], [ -46.804991764999954, -23.896570005999706 ], [ -46.804979427999911, -23.89649628199993 ], [ -46.804974260999927, -23.896437506999856 ], [ -46.804965839999852, -23.89631549199969 ], [ -46.804953328999886, -23.89625396799994 ], [ -46.804936662999921, -23.896215743999733 ], [ -46.804897477999873, -23.896135742999775 ], [ -46.8048762479998, -23.896065156999949 ], [ -46.804874726999856, -23.896027052999735 ], [ -46.804882231999954, -23.895983361999757 ], [ -46.804888867999807, -23.895958380999726 ], [ -46.804898421999951, -23.895934286999871 ], [ -46.804915732999973, -23.895912818999879 ], [ -46.804956239999854, -23.895885011999709 ], [ -46.805029609999906, -23.895845468999706 ], [ -46.805105906999984, -23.89580947599984 ], [ -46.805161864999725, -23.895772683999652 ], [ -46.80520813999982, -23.895735941999639 ], [ -46.805241845999944, -23.895702823999901 ], [ -46.805264836999982, -23.89565905899974 ], [ -46.805270472999837, -23.895627850999912 ], [ -46.80526739599987, -23.895595796999949 ], [ -46.805254248999915, -23.89557478599988 ], [ -46.80523533499985, -23.895555016999936 ], [ -46.805212006999966, -23.895539859999925 ], [ -46.805160999999828, -23.89552228199987 ], [ -46.805013025999934, -23.895477156999785 ], [ -46.804855627999878, -23.895431571999833 ], [ -46.804759692999937, -23.895400643999949 ], [ -46.804692753999745, -23.89537779099992 ], [ -46.804663625999979, -23.895363675999818 ], [ -46.804641254999808, -23.895345960999855 ], [ -46.804625630999851, -23.895321981999928 ], [ -46.804620664999732, -23.895298843999967 ], [ -46.804620484999873, -23.895266773999875 ], [ -46.804633428999978, -23.895157131999785 ], [ -46.804650802999902, -23.894972628999877 ], [ -46.804651492999767, -23.89492184899995 ], [ -46.804644561999908, -23.894895157999709 ], [ -46.804629581999848, -23.894875739999858 ], [ -46.804616929999838, -23.894864212999892 ], [ -46.804592646999879, -23.894850962999957 ], [ -46.804570306999892, -23.894837707999717 ], [ -46.804553756999951, -23.894822642999834 ], [ -46.804529382999817, -23.894791569999821 ], [ -46.804508840999979, -23.894754248999849 ], [ -46.804504857999802, -23.894734674999825 ], [ -46.804504719999898, -23.894710612999969 ], [ -46.804511310999715, -23.894676729999734 ], [ -46.804544753999835, -23.894596390999929 ], [ -46.80458727499996, -23.894494410999926 ], [ -46.804615, -23.894430129999932 ], [ -46.804635176999852, -23.894401531999787 ], [ -46.804670851999958, -23.894373745999818 ], [ -46.804715261999831, -23.894351264999898 ], [ -46.804765460999874, -23.894323406999714 ], [ -46.804800163999914, -23.894295631999906 ], [ -46.804823246999945, -23.894267008999865 ], [ -46.804842428999848, -23.894233961999863 ], [ -46.804864978999944, -23.894175385999901 ], [ -46.804879820999936, -23.894102045999883 ], [ -46.804894662999914, -23.894028697999932 ], [ -46.804930904999821, -23.893842998999784 ], [ -46.804984292999961, -23.893525675999797 ], [ -46.805003671999714, -23.893355415999668 ], [ -46.805002963999982, -23.893283911999951 ], [ -46.80499092499997, -23.89320824199973 ], [ -46.804969142999937, -23.893121932999971 ], [ -46.804945608999958, -23.893068583999806 ], [ -46.804922165999869, -23.893033057999901 ], [ -46.804903678999956, -23.893017111999836 ], [ -46.80487552399984, -23.893002985999718 ], [ -46.804830936999963, -23.892994289999706 ], [ -46.804752540999971, -23.893000004999916 ], [ -46.804672256999709, -23.893014635999979 ], [ -46.804636438999864, -23.893016581999863 ], [ -46.804586093999774, -23.893016819999726 ], [ -46.804529876999936, -23.893007285999708 ], [ -46.804466857999955, -23.892991546999838 ], [ -46.804437328999825, -23.892985960999905 ], [ -46.804411322999897, -23.892986590999953 ], [ -46.804386984999837, -23.892987724999777 ], [ -46.80436600299987, -23.892994444999701 ], [ -46.804340611999919, -23.893006778999847 ], [ -46.804310247999865, -23.893018123999809 ], [ -46.804283163999855, -23.893023850999842 ], [ -46.804260487999841, -23.89302446899989 ], [ -46.804232777999857, -23.893016956999805 ], [ -46.804209457999889, -23.893002304999921 ], [ -46.804184978999899, -23.892978491999827 ], [ -46.804172719999883, -23.892961244999814 ], [ -46.804164580999895, -23.892934496999832 ], [ -46.804161372999715, -23.892911409999947 ], [ -46.804165015999843, -23.892869641999877 ], [ -46.804175701999839, -23.892818076999959 ], [ -46.80418900799981, -23.892773468999909 ], [ -46.804217635999692, -23.892698504999768 ], [ -46.804280834999929, -23.892570810999924 ], [ -46.804376684999795, -23.892394849999846 ], [ -46.804435330999922, -23.892297854999807 ], [ -46.804473819999828, -23.892254910999725 ], [ -46.804535516999863, -23.892206520999821 ], [ -46.804644540999902, -23.892135624999973 ], [ -46.8047526719999, -23.892078987999927 ], [ -46.804800896999723, -23.89204490499969 ], [ -46.804844264999758, -23.892008179999831 ], [ -46.804916432999853, -23.891926772999852 ], [ -46.804968623999912, -23.89187840399984 ], [ -46.805020595999849, -23.891822027999982 ], [ -46.805070593999744, -23.891758542999867 ], [ -46.805161918999829, -23.891638734999901 ], [ -46.805221482999855, -23.891555596999869 ], [ -46.805283069999916, -23.891485817999865 ], [ -46.805345640999917, -23.891420486999703 ], [ -46.805377390999979, -23.891383815999859 ], [ -46.805404387999829, -23.891364085999829 ], [ -46.80544592799987, -23.891347859999822 ], [ -46.8054856239998, -23.891345886999826 ], [ -46.805528275999848, -23.891354595999932 ], [ -46.80558555399972, -23.891381941999722 ], [ -46.805671061999931, -23.891435890999905 ], [ -46.805751678999862, -23.891482727999971 ], [ -46.805813852999847, -23.891518963999935 ], [ -46.805865350999852, -23.891550792999901 ], [ -46.805929521999758, -23.891598599999949 ], [ -46.806022945999928, -23.891683678999986 ], [ -46.806092025999703, -23.891744826999798 ], [ -46.806133823999858, -23.891774033999745 ], [ -46.806180460999826, -23.891802316999762 ], [ -46.806202736999865, -23.891803996999894 ], [ -46.80622109899997, -23.891796783999837 ], [ -46.806235521999838, -23.891778898999856 ], [ -46.806253799999922, -23.891711197999769 ], [ -46.806258977999903, -23.891644265999673 ], [ -46.806257719999735, -23.891592596999654 ], [ -46.806260483999949, -23.891566748999818 ], [ -46.806269987999947, -23.891535521999796 ], [ -46.806293945999876, -23.891489976999935 ], [ -46.806308245999901, -23.891449817999899 ], [ -46.806318501999961, -23.891379384999933 ], [ -46.80634572199989, -23.89120325499993 ], [ -46.806370480999817, -23.891084642999886 ], [ -46.806408535999935, -23.890920763999929 ], [ -46.806430175999765, -23.890850504999872 ], [ -46.806457032999958, -23.890805168999851 ], [ -46.806504225999959, -23.890759729999665 ], [ -46.806573429999901, -23.890711070999863 ], [ -46.806637573999986, -23.890667120999979 ], [ -46.806667907999895, -23.890637355999669 ], [ -46.806681317999789, -23.890612339999734 ], [ -46.806682787999705, -23.890571798999815 ], [ -46.806682338999849, -23.890490729999939 ], [ -46.806678886999919, -23.890464232999644 ], [ -46.806678781999835, -23.890444630999866 ], [ -46.806685474999938, -23.890429455999762 ], [ -46.80670571599984, -23.890413325999759 ], [ -46.806736667999928, -23.890406939999767 ], [ -46.806783166999935, -23.890411178999784 ], [ -46.806845202999909, -23.89042336299995 ], [ -46.807000143999858, -23.890457840999712 ], [ -46.80704682999982, -23.890464280999655 ], [ -46.807083608999847, -23.890462322999667 ], [ -46.807120341999848, -23.890451461999813 ], [ -46.807173395999826, -23.890416463999948 ], [ -46.807272612999839, -23.890324236999788 ], [ -46.807293760999926, -23.89029562699988 ], [ -46.807303264999973, -23.890264399999978 ], [ -46.807308819999662, -23.890218943999859 ], [ -46.807305667999913, -23.890174411999727 ], [ -46.80729187799983, -23.890132605999892 ], [ -46.807271338999669, -23.890096178999887 ], [ -46.807248628999901, -23.890069582999843 ], [ -46.807237228999838, -23.890056245999983 ], [ -46.807193289999873, -23.890022765999966 ], [ -46.807135014999915, -23.889990077999933 ], [ -46.807057312999973, -23.889945897999723 ], [ -46.806970935999743, -23.889910668999669 ], [ -46.806882599999824, -23.889870108999844 ], [ -46.806813662999787, -23.889834791999704 ], [ -46.806781582999974, -23.889810888999929 ], [ -46.806762085999878, -23.889788706999859 ], [ -46.806751318999886, -23.889766485999644 ], [ -46.806745347999822, -23.889738898999834 ], [ -46.80674617699998, -23.889713055999668 ], [ -46.80674988599975, -23.889666880999755 ], [ -46.80676579399983, -23.889567921999799 ], [ -46.806792095999867, -23.889422573999877 ], [ -46.806798665999906, -23.889385132999962 ], [ -46.806798525999966, -23.889360186999852 ], [ -46.806792544999666, -23.889329032999857 ], [ -46.806779644999665, -23.889303170999934 ], [ -46.806754166999838, -23.889249835999866 ], [ -46.80674232999985, -23.889210696999669 ], [ -46.806736368999964, -23.889183100999844 ], [ -46.806736102999764, -23.889134995999711 ], [ -46.806739583999786, -23.889064597999717 ], [ -46.806747105999875, -23.889023588999962 ], [ -46.80677113899992, -23.888984985999802 ], [ -46.80686190699987, -23.88885358899995 ], [ -46.806927469999891, -23.88876129699986 ], [ -46.806954323999889, -23.888714398999976 ], [ -46.80697435299976, -23.888659734999973 ], [ -46.806989373999954, -23.888619133999722 ], [ -46.807011168999964, -23.888578498999827 ], [ -46.807041475999824, -23.888544047999915 ], [ -46.807097168999974, -23.88850325799973 ], [ -46.807134351999764, -23.88848172799981 ], [ -46.807184467999832, -23.888439612999893 ], [ -46.807210420999752, -23.888405637999824 ], [ -46.807232468999985, -23.888365441999781 ], [ -46.807245790999843, -23.888323515999964 ], [ -46.807253217999857, -23.888266461999763 ], [ -46.807256416999678, -23.888146170999839 ], [ -46.80725958599993, -23.888018755999724 ], [ -46.807263133999868, -23.887826063999743 ], [ -46.807260598999846, -23.88778573199987 ], [ -46.807255508999845, -23.887766414999859 ], [ -46.807247696999923, -23.887754741999974 ], [ -46.807237672999975, -23.887743590999943 ], [ -46.807222139999851, -23.887734499999734 ], [ -46.807199413999911, -23.887727985999746 ], [ -46.807167324999739, -23.887728136999897 ], [ -46.807146890999832, -23.887735356999887 ], [ -46.807117113999936, -23.887752807999906 ], [ -46.807078582999964, -23.887787608999755 ], [ -46.807045623999898, -23.887830523999749 ], [ -46.80702089499988, -23.887860683999861 ], [ -46.806989506999798, -23.887887300999921 ], [ -46.80695375799985, -23.887900415999866 ], [ -46.80693254699986, -23.887917441999772 ], [ -46.806919083999901, -23.887934430999731 ], [ -46.806903784999975, -23.88796836299997 ], [ -46.806875182999825, -23.888047786999891 ], [ -46.806854115999954, -23.888090643999863 ], [ -46.806829138999831, -23.888126404999813 ], [ -46.806802147999917, -23.888147913999656 ], [ -46.806766389999723, -23.888159656999907 ], [ -46.806716060999975, -23.88816168399989 ], [ -46.806675346999896, -23.888153854999864 ], [ -46.80664235699993, -23.888141537999726 ], [ -46.806619023999758, -23.888123824999862 ], [ -46.806596510999952, -23.88808027899972 ], [ -46.806586625999842, -23.888043798999664 ], [ -46.806586360999916, -23.88799569399993 ], [ -46.80659858599995, -23.887930601999866 ], [ -46.806628918999877, -23.887814641999963 ], [ -46.806657535999932, -23.887657068999893 ], [ -46.806668938999906, -23.887575940999739 ], [ -46.806680491999884, -23.887519759999972 ], [ -46.806697147999841, -23.88746823199989 ], [ -46.806717279999816, -23.887432275999853 ], [ -46.806761083999788, -23.887386857999729 ], [ -46.806802519999849, -23.887352592999836 ], [ -46.806846936999875, -23.887330110999926 ], [ -46.806870141999752, -23.887323761999941 ], [ -46.806903058999758, -23.887324494999739 ], [ -46.806974729999979, -23.88732772499981 ], [ -46.807068661999836, -23.887330847999969 ], [ -46.807152868999879, -23.887325993999745 ], [ -46.807212846999967, -23.887315907999717 ], [ -46.807281490999799, -23.887297773999816 ], [ -46.807366519999789, -23.887267970999691 ], [ -46.807423545999711, -23.887248989999872 ], [ -46.8074621909999, -23.88723366399978 ], [ -46.807490157999894, -23.887213930999906 ], [ -46.807518063999908, -23.887182623999706 ], [ -46.807540906999918, -23.887150318999879 ], [ -46.807551844999864, -23.887126849999738 ], [ -46.80756823299987, -23.887088588999912 ], [ -46.807583980999937, -23.88703607899992 ], [ -46.807592652999858, -23.88700294699975 ], [ -46.807598563999818, -23.886971870999787 ], [ -46.807600599999887, -23.886940298999644 ], [ -46.807600503999879, -23.886923495999774 ], [ -46.807581689999836, -23.886875508999871 ], [ -46.807563115999983, -23.886842634999827 ], [ -46.80752992299972, -23.88679378799986 ], [ -46.807483119999858, -23.886734318999913 ], [ -46.807416852999779, -23.886657128999836 ], [ -46.80737496099988, -23.886611887999834 ], [ -46.807347198999878, -23.886586362999935 ], [ -46.807335804999923, -23.886572708999775 ], [ -46.807334754999829, -23.886559347999757 ], [ -46.807021783999971, -23.886646835999784 ], [ -46.806919069999822, -23.886683066999687 ], [ -46.806825488999891, -23.886717150999903 ], [ -46.806702357999825, -23.886782921999952 ], [ -46.806087160999823, -23.887197994999831 ], [ -46.805551306, -23.887486516999896 ], [ -46.805471460999854, -23.887522640999862 ], [ -46.805375522999846, -23.887544119999855 ], [ -46.805242950999855, -23.8875573589998 ], [ -46.805144571999904, -23.887551515999853 ], [ -46.80505766199974, -23.887551921999886 ], [ -46.804966193999974, -23.88755445799984 ], [ -46.804682429999843, -23.887524242999916 ], [ -46.804487921999851, -23.887504131999773 ], [ -46.80433682599994, -23.887477497999949 ], [ -46.804210877999822, -23.887448645999715 ], [ -46.804160563999915, -23.887448883999976 ], [ -46.803911672999845, -23.887521554999857 ], [ -46.803824848999852, -23.887536676999957 ], [ -46.803747089999661, -23.887537046999906 ], [ -46.803660149999928, -23.887531140999947 ], [ -46.803591542999925, -23.8875314659997 ], [ -46.803532105999977, -23.887535946999716 ], [ -46.803456720999861, -23.887553127999801 ], [ -46.803404194999871, -23.887565987999889 ], [ -46.803294586999868, -23.887598044999887 ], [ -46.80313477999988, -23.887649263999954 ], [ -46.80295674699989, -23.887713192999907 ], [ -46.802755125999909, -23.887814707999784 ], [ -46.802678494999952, -23.887853285999714 ], [ -46.802484636999907, -23.887950934999708 ], [ -46.80232730799986, -23.888037888999865 ], [ -46.802256669999963, -23.88808448699989 ], [ -46.802163401999962, -23.888175349999873 ], [ -46.801979266999922, -23.88837809499995 ], [ -46.801917875999834, -23.888443572999794 ], [ -46.801824464999982, -23.888507096999717 ], [ -46.801776666999785, -23.888549381999724 ], [ -46.801529109999819, -23.888863876999718 ], [ -46.801411121999649, -23.889034766999824 ], [ -46.801279511999837, -23.889222539999817 ], [ -46.801254659999927, -23.889277331999843 ], [ -46.801250294999818, -23.88931520799985 ], [ -46.801184832999922, -23.889471134999724 ], [ -46.801038637999739, -23.889917634999964 ], [ -46.800958057999821, -23.890235564999895 ], [ -46.800924854999892, -23.89043549399991 ], [ -46.800927304999675, -23.890464928999787 ], [ -46.800957553999751, -23.890559418999768 ], [ -46.800960127999815, -23.890609871999857 ], [ -46.800949165999953, -23.890696149999709 ], [ -46.800945104999983, -23.890788694999909 ], [ -46.800945343999899, -23.890832854999921 ], [ -46.800966431999882, -23.890923181999931 ], [ -46.800978319999899, -23.891005146999696 ], [ -46.800967443999866, -23.891106141999892 ], [ -46.800973517999921, -23.891377385999711 ], [ -46.800984905999883, -23.892197482999791 ], [ -46.800994766999914, -23.892739997999744 ], [ -46.800997379999956, -23.892798865999964 ], [ -46.80097249899984, -23.892849459999983 ], [ -46.800806812999895, -23.893079455999665 ], [ -46.800706780999974, -23.893189268999944 ], [ -46.800608912999962, -23.893275949999918 ], [ -46.800481367999964, -23.893373280999981 ], [ -46.800344699999698, -23.893474863999696 ], [ -46.800248966999845, -23.893534187999879 ], [ -46.800071123999771, -23.893635962999955 ], [ -46.799986744999899, -23.89368051699967 ], [ -46.799826985999914, -23.893742251999871 ], [ -46.799767612999972, -23.89375935299995 ], [ -46.799625937999735, -23.893783141999961 ], [ -46.799548212999866, -23.893789811999735 ], [ -46.79936298199965, -23.893794886999956 ], [ -46.799253195999881, -23.893795394999753 ], [ -46.79917539499985, -23.893789451999961 ], [ -46.799081548999879, -23.89377516299993 ], [ -46.798749552999936, -23.893711524999894 ], [ -46.798479274999806, -23.893641285999706 ], [ -46.798307428999863, -23.893585298999938 ], [ -46.798137293999851, -23.89351672399977 ], [ -46.797853560999727, -23.89340235099991 ], [ -46.797339855999837, -23.893152389999724 ], [ -46.797222988999749, -23.893110874999927 ], [ -46.797099361999926, -23.893090422999936 ], [ -46.796991826999658, -23.893082505999804 ], [ -46.796699117999935, -23.893092281999824 ], [ -46.796532180999975, -23.893097256999962 ], [ -46.79638137399985, -23.893123198999881 ], [ -46.796164575999853, -23.893210426999758 ], [ -46.795781464999948, -23.893418287999786 ], [ -46.795266198999855, -23.893717199999742 ], [ -46.795206853999673, -23.893738497999841 ], [ -46.79513373299983, -23.893751459999919 ], [ -46.795019420999949, -23.893766301999893 ], [ -46.794797757999902, -23.893795073999964 ], [ -46.794477722999829, -23.893825995999855 ], [ -46.794244631999788, -23.893862828999712 ], [ -46.793623053999973, -23.893962440999868 ], [ -46.793069982999953, -23.894040700999881 ], [ -46.792464400999847, -23.894136031999953 ], [ -46.791837213999827, -23.894227204999932 ], [ -46.791386506999856, -23.894291706999866 ], [ -46.790983437999785, -23.89432979199989 ], [ -46.790702030999967, -23.89436763399976 ], [ -46.790525582999919, -23.894403078999915 ], [ -46.790272790999722, -23.894436477999925 ], [ -46.789900732999918, -23.894472302999876 ], [ -46.789719476999842, -23.89449239899994 ], [ -46.789538276999849, -23.894534435999955 ], [ -46.789473911999949, -23.894554299999754 ], [ -46.789426227999911, -23.89456535599993 ], [ -46.789354668999863, -23.894569890999776 ], [ -46.78923774399977, -23.894554762999856 ], [ -46.789187639999909, -23.894550469999952 ], [ -46.78875835299965, -23.894601766999919 ], [ -46.788524661999929, -23.894639509999759 ], [ -46.788441238999951, -23.894670385999923 ], [ -46.788357860999895, -23.894720989999943 ], [ -46.788245936999886, -23.894806752999838 ], [ -46.788181592999877, -23.894833198999891 ], [ -46.788093340999694, -23.89484214399976 ], [ -46.787943050999843, -23.894842445999863 ], [ -46.787835658999938, -23.894820714999927 ], [ -46.787544464999826, -23.894753290999855 ], [ -46.786673033999932, -23.894447918999898 ], [ -46.786374693999846, -23.894384891999827 ], [ -46.785873562999882, -23.89431349199981 ], [ -46.78564449799967, -23.894289803999861 ], [ -46.785367602999827, -23.894215771999878 ], [ -46.785071671999958, -23.894161507999915 ], [ -46.784732841999983, -23.894124879999826 ], [ -46.784439388999949, -23.894112284999835 ], [ -46.784131583999965, -23.894082176999746 ], [ -46.783985371999961, -23.894071871999863 ], [ -46.783828572999937, -23.894060823999773 ], [ -46.78326774899972, -23.89396319999986 ], [ -46.782034064999898, -23.893807655999872 ], [ -46.781043796999768, -23.893688912999888 ], [ -46.780263557999952, -23.893613637999977 ], [ -46.780064854999921, -23.893586040999825 ], [ -46.779204003999837, -23.893466492999721 ], [ -46.778271052999862, -23.893356404999736 ], [ -46.778021424999963, -23.893335461999868 ], [ -46.777734208999846, -23.89331135999992 ], [ -46.777217799999903, -23.893273399999877 ], [ -46.776977869999882, -23.893255764999942 ], [ -46.776865642999894, -23.893207715999782 ], [ -46.776829791999887, -23.89317707799967 ], [ -46.776805872999773, -23.893148612999713 ], [ -46.776765139999839, -23.893067528999723 ], [ -46.776664416999949, -23.892828643999788 ], [ -46.776619873999721, -23.892661902999922 ], [ -46.776119968999865, -23.855753368999668 ], [ -46.776117776999683, -23.855707087999921 ], [ -46.776244254999824, -23.855721981999974 ], [ -46.776283963999845, -23.855696556999931 ], [ -46.776335683999832, -23.855631064999844 ], [ -46.77650260199988, -23.855478346999799 ], [ -46.776582260999817, -23.855343646999692 ], [ -46.776864885999771, -23.854928711999889 ], [ -46.777385797999955, -23.854350291999815 ], [ -46.777796308999655, -23.853934466999871 ], [ -46.778240533999906, -23.853470078999926 ], [ -46.778461245999949, -23.853202251999956 ], [ -46.778630328999895, -23.852997071999937 ], [ -46.778722048999846, -23.85280406299978 ], [ -46.778775439999841, -23.852602286999964 ], [ -46.778850264999789, -23.852319493999733 ], [ -46.778994472999671, -23.851783912999842 ], [ -46.779011054999955, -23.851528754999777 ], [ -46.77905552899972, -23.851218971999913 ], [ -46.77912871299992, -23.850570213999958 ], [ -46.779152987999908, -23.850398922999819 ], [ -46.779550705999839, -23.848522320999905 ], [ -46.7795628249998, -23.848442142999829 ], [ -46.779516633999947, -23.848289680999933 ], [ -46.778936194999972, -23.846373702999919 ], [ -46.77889523899978, -23.846238525999748 ], [ -46.778899378999768, -23.84617291499984 ], [ -46.778939296999965, -23.846074573999712 ], [ -46.779386340999736, -23.84497463499974 ], [ -46.779422236999892, -23.844894516999943 ], [ -46.779438302999949, -23.844821643999691 ], [ -46.779451947999753, -23.844201898999756 ], [ -46.779523564999749, -23.84410363399979 ], [ -46.779980649999978, -23.843656303999975 ], [ -46.780020482999817, -23.843583489999901 ], [ -46.780210204999719, -23.842369915999932 ], [ -46.780094271999872, -23.841972479999921 ], [ -46.780075235999902, -23.841744050999871 ], [ -46.780113306999851, -23.841534658999937 ], [ -46.780179931999953, -23.841296712999956 ], [ -46.780227521999798, -23.841134908999717 ], [ -46.780275110999924, -23.840877927999767 ], [ -46.780322699999942, -23.840735159999944 ], [ -46.780179931999953, -23.840478177999671 ], [ -46.780037164999953, -23.840449624999959 ], [ -46.779704039999672, -23.840430588999709 ], [ -46.779485129999841, -23.840497213999981 ], [ -46.779304290999903, -23.840563838999735 ], [ -46.77904730899985, -23.840735159999955 ], [ -46.77881888099995, -23.840944551999879 ], [ -46.778739256024153, -23.841053118600563 ], [ -46.778580934999979, -23.841287194999893 ], [ -46.778514309999821, -23.841372854999801 ], [ -46.77831443499997, -23.84147755199967 ], [ -46.778124077999848, -23.841582247999785 ], [ -46.777886131999878, -23.84171549799964 ], [ -46.777714810999839, -23.841791640999709 ], [ -46.777638667999668, -23.841867782999888 ], [ -46.777524453999888, -23.841943925999715 ], [ -46.777372167999886, -23.842001032999971 ], [ -46.777191328999947, -23.842020068999769 ], [ -46.776972418999947, -23.841991514999901 ], [ -46.776820132999887, -23.841991514999904 ], [ -46.776610740999956, -23.842029586999779 ], [ -46.776391829999966, -23.842153318999969 ], [ -46.776210990999914, -23.842238978999948 ], [ -46.776011116999712, -23.842343675999814 ], [ -46.775896902999705, -23.842391264999943 ], [ -46.775820759999874, -23.842495960999717 ], [ -46.775820759999874, -23.842629210999906 ], [ -46.775744616999873, -23.842810049999855 ], [ -46.775658955999972, -23.842990888999907 ], [ -46.775554259999865, -23.843124138999826 ], [ -46.775459081999884, -23.843228834999877 ], [ -46.775325831999794, -23.84335256699989 ], [ -46.775164028999882, -23.843390637999846 ], [ -46.775011742999659, -23.843390637999853 ], [ -46.774802350999892, -23.843352566999901 ], [ -46.774611993999883, -23.843304977999708 ], [ -46.774412118999749, -23.843381120999773 ], [ -46.77426935099993, -23.843485816999817 ], [ -46.774040922999859, -23.843657137999802 ], [ -46.77378394099992, -23.843761833999739 ], [ -46.773603101999868, -23.843780869999652 ], [ -46.773336602999848, -23.843828458999837 ], [ -46.773203352999928, -23.8438379769999 ], [ -46.773079620999908, -23.843799905999955 ], [ -46.772936852999749, -23.843723762999964 ], [ -46.77278456799985, -23.843647619999786 ], [ -46.772651317999816, -23.843571476999731 ], [ -46.772527585999967, -23.84351436999987 ], [ -46.772280121999927, -23.843381120999762 ], [ -46.772004103999905, -23.843362084999967 ], [ -46.771756639999865, -23.843390637999846 ], [ -46.771528211999964, -23.843419191999704 ], [ -46.771318819999976, -23.843438227999968 ], [ -46.771166533999974, -23.843485816999809 ], [ -46.770995212999935, -23.843495334999886 ], [ -46.770795337999921, -23.843457262999948 ], [ -46.770633534999774, -23.843381120999766 ], [ -46.770481248999943, -23.843304977999704 ], [ -46.770300409999834, -23.843209798999737 ], [ -46.770157642999834, -23.843143173999984 ], [ -46.770033910999871, -23.843181245999745 ], [ -46.769853071999933, -23.843238352999943 ], [ -46.769615125999962, -23.843333530999761 ], [ -46.769472357999859, -23.843381120999766 ], [ -46.769348625999839, -23.843362084999971 ], [ -46.769196339999951, -23.843304977999704 ], [ -46.769034536999811, -23.843257388999916 ], [ -46.768872733999899, -23.843228834999874 ], [ -46.76861575199996, -23.84322883499987 ], [ -46.768434912999908, -23.843257388999916 ], [ -46.768292144999918, -23.843285941999792 ], [ -46.768044680999878, -23.843362084999967 ], [ -46.767835288999947, -23.843390637999846 ], [ -46.767616377999957, -23.843409673999812 ], [ -46.767406985999862, -23.843419191999704 ], [ -46.767178556999966, -23.843343048999831 ], [ -46.767035789999966, -23.843238352999936 ], [ -46.766864468999927, -23.843152691999876 ], [ -46.766645557999766, -23.842971852999767 ], [ -46.766445682999915, -23.842914745999902 ], [ -46.766179183999725, -23.8428576389997 ], [ -46.765969790999975, -23.842857638999703 ], [ -46.765807987999892, -23.842819567999758 ], [ -46.765608112999814, -23.842733906999797 ], [ -46.765474862999952, -23.842648246999889 ], [ -46.765360648999831, -23.842610174999834 ], [ -46.765075113999842, -23.84261017499983 ], [ -46.764846685999942, -23.842600656999927 ], [ -46.764627774999951, -23.842553067999916 ], [ -46.764465971999982, -23.84249596099971 ], [ -46.764218507999828, -23.842296085999806 ], [ -46.76418995399996, -23.842153318999973 ], [ -46.764256578999721, -23.841953443999952 ], [ -46.76431368599998, -23.8417726049999 ], [ -46.764370792999728, -23.841582247999778 ], [ -46.764370792999728, -23.841429961999886 ], [ -46.76428513299993, -23.841287194999889 ], [ -46.76415188299984, -23.841134908999713 ], [ -46.763980561999858, -23.841030212999954 ], [ -46.76379972299992, -23.840906480999763 ], [ -46.763628401999881, -23.840820819999685 ], [ -46.763523704999898, -23.840716123999982 ], [ -46.763428526999746, -23.840563838999735 ], [ -46.763285758999928, -23.840487695999915 ], [ -46.763181062999884, -23.840421070999806 ], [ -46.763076366999769, -23.840249749999938 ], [ -46.763000223999938, -23.840087945999869 ], [ -46.762933598999837, -23.83993566099997 ], [ -46.762905044999968, -23.839754821999747 ], [ -46.762876491999918, -23.839621571999825 ], [ -46.762905044999968, -23.839393143999743 ], [ -46.762933598999837, -23.839221822999889 ], [ -46.763009741999838, -23.839012429999965 ], [ -46.763057330999857, -23.838803037999863 ], [ -46.763085884999668, -23.838622198999929 ], [ -46.763104919999705, -23.838469912999937 ], [ -46.763057330999857, -23.838279555999748 ], [ -46.763038294999888, -23.838136787999812 ], [ -46.763000223999938, -23.837917877999811 ], [ -46.762952634999806, -23.83767993199984 ], [ -46.762933598999837, -23.837480056999762 ], [ -46.762905044999968, -23.837308735999947 ], [ -46.762905044999968, -23.837108860999933 ], [ -46.762866973999735, -23.83692802199965 ], [ -46.762800348999917, -23.836766218999738 ], [ -46.762695652999867, -23.836585379999967 ], [ -46.762638545999948, -23.836471165999853 ], [ -46.762562402999947, -23.836299844999701 ], [ -46.762533849999897, -23.836166594999948 ], [ -46.762565733999963, -23.835946256999932 ], [ -46.762674832999835, -23.835639841999967 ], [ -46.762758113999894, -23.835473278999704 ], [ -46.762823548999961, -23.835282921999692 ], [ -46.762835445999883, -23.83516394899971 ], [ -46.762900880999894, -23.834985489999834 ], [ -46.762954418999868, -23.834807029999755 ], [ -46.762984162999942, -23.834705902999641 ], [ -46.76306744399983, -23.834545289999941 ], [ -46.763168570999824, -23.834462007999722 ], [ -46.763299440999901, -23.83437872699983 ], [ -46.763442208999663, -23.834313291999816 ], [ -46.763644462999878, -23.834295445999938 ], [ -46.763787230999867, -23.834277599999897 ], [ -46.763965689999964, -23.83427759999989 ], [ -46.764120354999818, -23.834283548999856 ], [ -46.764358300999788, -23.83434303499973 ], [ -46.764507017999904, -23.834348983999686 ], [ -46.764667630999952, -23.834396572999875 ], [ -46.76481634799984, -23.834426315999849 ], [ -46.764935320999825, -23.834491751999849 ], [ -46.765030498999806, -23.834563134999719 ], [ -46.765113779999922, -23.834658313999793 ], [ -46.765208958999892, -23.834705902999648 ], [ -46.765298187999917, -23.834723748999867 ], [ -46.765381469999966, -23.834670210999775 ], [ -46.765429058999985, -23.834622621999934 ], [ -46.76551233999988, -23.834426315999853 ], [ -46.765619415999936, -23.834265702999968 ], [ -46.765643209999951, -23.834069396999897 ], [ -46.765643209999951, -23.833837399999872 ], [ -46.765619415999936, -23.833670837999872 ], [ -46.765619415999936, -23.833545915999931 ], [ -46.765607517999854, -23.833409096999727 ], [ -46.765589671999862, -23.833266328999969 ], [ -46.765559928999892, -23.833117612999843 ], [ -46.765553979999936, -23.833016485999902 ], [ -46.765536133999895, -23.832903460999891 ], [ -46.765488544999869, -23.832802333999954 ], [ -46.765446904999862, -23.832725001999954 ], [ -46.765373021999892, -23.832608824999852 ], [ -46.765236936999656, -23.832628137999841 ], [ -46.765132240999947, -23.832628137999848 ], [ -46.764979954999887, -23.832628137999841 ], [ -46.764789597999936, -23.832599583999809 ], [ -46.764637312999753, -23.832561512999913 ], [ -46.764399366999783, -23.832494887999921 ], [ -46.764142384999843, -23.832456816999805 ], [ -46.763932991999923, -23.832352119999829 ], [ -46.763790224999923, -23.832237905999872 ], [ -46.763714081999865, -23.832076102999903 ], [ -46.763656974999833, -23.831876227999874 ], [ -46.763552278999953, -23.831619245999946 ], [ -46.763485653999794, -23.831400335999941 ], [ -46.763428546999933, -23.83119094299985 ], [ -46.76337143999973, -23.830962514999957 ], [ -46.76327626099976, -23.830791193999907 ], [ -46.763219153999842, -23.830581800999649 ], [ -46.763114457999961, -23.83043903399982 ], [ -46.763066868999942, -23.830220122999656 ], [ -46.763066868999942, -23.830020248999968 ], [ -46.763095421999822, -23.82984892699983 ], [ -46.763095421999822, -23.82970615999983 ], [ -46.763066868999942, -23.829468213999856 ], [ -46.763066868999942, -23.829287374999911 ], [ -46.763009761999854, -23.82913270999973 ], [ -46.762971689999972, -23.829087499999897 ], [ -46.762926479999862, -23.829035151999726 ], [ -46.762893167999948, -23.828978044999811 ], [ -46.762866993999921, -23.828897142999942 ], [ -46.762840819999894, -23.828828138999935 ], [ -46.762812265999855, -23.828740098999841 ], [ -46.76276229799987, -23.828656817999772 ], [ -46.762743261999901, -23.828568776999866 ], [ -46.76270281099977, -23.828466460999941 ], [ -46.762695672999712, -23.828385558999912 ], [ -46.762676636999913, -23.828309415999904 ], [ -46.762664739999877, -23.828192822999949 ], [ -46.762662359999872, -23.828059572999845 ], [ -46.762638565999858, -23.827895389999757 ], [ -46.762638565999858, -23.827759760999804 ], [ -46.762638565999858, -23.827645546999793 ], [ -46.76264808399992, -23.82757416299966 ], [ -46.762669498999855, -23.827471845999973 ], [ -46.762674257999777, -23.827409979999906 ], [ -46.762698051999791, -23.82736714999994 ], [ -46.762750399999959, -23.827331457999662 ], [ -46.762769435999928, -23.827281488999844 ], [ -46.762807506999877, -23.827200586999822 ], [ -46.762869372999944, -23.82717441299997 ], [ -46.762943136999922, -23.827169653999931 ], [ -46.762976448999837, -23.827176792999804 ], [ -46.76302879699989, -23.827141100999878 ], [ -46.763052591999667, -23.827083993999789 ], [ -46.76306448899993, -23.827017368999865 ], [ -46.763078765999865, -23.826912672999981 ], [ -46.763138251999976, -23.826796078999852 ], [ -46.763247707999824, -23.82667710599986 ], [ -46.763359541999826, -23.82661286099977 ], [ -46.763499930999899, -23.826560511999897 ], [ -46.763635559999841, -23.826565270999939 ], [ -46.763720030999707, -23.826567650999948 ], [ -46.763766429999926, -23.826567650999948 ], [ -46.763809259999903, -23.826549804999896 ], [ -46.763837813999771, -23.826510543999746 ], [ -46.763877074999925, -23.82644272899983 ], [ -46.763912766999852, -23.826372534999965 ], [ -46.763945484999738, -23.826292227999712 ], [ -46.763993073999927, -23.826244638999864 ], [ -46.764043636999929, -23.826188126999906 ], [ -46.764109072999929, -23.826128639999869 ], [ -46.764222096999958, -23.826063204999791 ], [ -46.764370812999914, -23.82596802699981 ], [ -46.764474914999823, -23.825926385999825 ], [ -46.764656348999836, -23.825825258999711 ], [ -46.764683117999823, -23.825816335999765 ], [ -46.764739629999781, -23.82583418199977 ], [ -46.764796141999852, -23.825828232999864 ], [ -46.764831833999949, -23.825795515999914 ], [ -46.764876448999928, -23.825721157999741 ], [ -46.764935934999869, -23.825652747999918 ], [ -46.764983523999888, -23.825631927999893 ], [ -46.765025164999884, -23.825605158999728 ], [ -46.765072753999902, -23.825507005999953 ], [ -46.765090599999894, -23.825399929999712 ], [ -46.765117368999711, -23.825328545999927 ], [ -46.76513818899992, -23.825239316999728 ], [ -46.765188752999904, -23.825132240999832 ], [ -46.765272033999963, -23.825129266999802 ], [ -46.765370186999917, -23.825099522999892 ], [ -46.765453467999976, -23.825054907999743 ], [ -46.765495108999858, -23.825022190999789 ], [ -46.76554269799982, -23.825007318999891 ], [ -46.765637875999857, -23.824992447999819 ], [ -46.765682490999723, -23.824956755999882 ], [ -46.765721156999916, -23.824903217999807 ], [ -46.765753874999859, -23.824858602999928 ], [ -46.765798489999668, -23.824843730999874 ], [ -46.765837155999918, -23.824813987999736 ], [ -46.765863924999906, -23.8247723469999 ], [ -46.765908539999714, -23.824727732999861 ], [ -46.76595315499992, -23.824706911999726 ], [ -46.766033461999825, -23.824665271999837 ], [ -46.766072127999905, -23.82457306799995 ], [ -46.766075101999895, -23.824510606999933 ], [ -46.766122690999907, -23.824433273999823 ], [ -46.76619110099989, -23.824400556999876 ], [ -46.766271407999966, -23.824367838999933 ], [ -46.766360637999981, -23.824352966999747 ], [ -46.766461764999747, -23.824314300999827 ], [ -46.766559916999945, -23.824278608999919 ], [ -46.76663724999986, -23.82426968599998 ], [ -46.766729453999858, -23.824231019999768 ], [ -46.766788940999788, -23.824171533999845 ], [ -46.766821657999742, -23.824106097999834 ], [ -46.766860323999936, -23.824034714999978 ], [ -46.766931707999788, -23.823978201999918 ], [ -46.767006065999908, -23.823978201999918 ], [ -46.767074475999891, -23.82400794599965 ], [ -46.767169653999765, -23.823987124999849 ], [ -46.767229140999973, -23.82395143299993 ], [ -46.767261857999927, -23.823820562999856 ], [ -46.767321344999971, -23.823692666999928 ], [ -46.767365959999836, -23.823627231999918 ], [ -46.767443291999939, -23.823561796999684 ], [ -46.76752954799997, -23.82354097599989 ], [ -46.767661607999969, -23.823513017999804 ], [ -46.76771871499983, -23.823445202999718 ], [ -46.767811513999845, -23.823373818999926 ], [ -46.767865051999934, -23.82327388199991 ], [ -46.767897173999927, -23.823195359999715 ], [ -46.767968557999779, -23.822988346999917 ], [ -46.768014957999981, -23.822899116999906 ], [ -46.768047080999793, -23.822820594999879 ], [ -46.768100617999721, -23.82271708799993 ], [ -46.768189847999793, -23.822527920999669 ], [ -46.768239816999937, -23.822477951999865 ], [ -46.768293354999741, -23.822370875999979 ], [ -46.768357599999831, -23.822274507999911 ], [ -46.768407568999805, -23.82219241699989 ], [ -46.768468244999838, -23.822088909999923 ], [ -46.768543197999755, -23.821985403999978 ], [ -46.768635996999876, -23.821921157999896 ], [ -46.768725226999948, -23.821842635999708 ], [ -46.76883230299984, -23.821753405999971 ], [ -46.768960793999838, -23.821653468999955 ], [ -46.769103560999845, -23.8215249779999 ], [ -46.769149960999925, -23.821467870999868 ], [ -46.769199928999967, -23.821385779999666 ], [ -46.769267743999826, -23.821321533999935 ], [ -46.769374819999882, -23.821260857999732 ], [ -46.769464049999897, -23.821203750999871 ], [ -46.76953543299993, -23.821171627999885 ], [ -46.769621093999831, -23.821135935999852 ], [ -46.769699615999684, -23.821093105999864 ], [ -46.769756722999944, -23.821053844999824 ], [ -46.769788845999756, -23.82101815299978 ], [ -46.769856660999949, -23.820978891999918 ], [ -46.769963735999852, -23.820953906999648 ], [ -46.770056534999981, -23.820907507999774 ], [ -46.770170748999931, -23.820846831999912 ], [ -46.770263547999775, -23.820739755999845 ], [ -46.770309947999976, -23.820668371999886 ], [ -46.770331362999968, -23.820604126999907 ], [ -46.770367054999731, -23.820525603999894 ], [ -46.770395608999877, -23.820472066999908 ], [ -46.770438438999861, -23.820414958999891 ], [ -46.770495545999893, -23.820379267999957 ], [ -46.770566929999859, -23.820357851999795 ], [ -46.770674004999819, -23.820354282999737 ], [ -46.770781080999882, -23.820364990999675 ], [ -46.770870310999904, -23.820340005999796 ], [ -46.770998801999951, -23.820318590999811 ], [ -46.771038062999821, -23.820268622999944 ], [ -46.771105877999844, -23.820250776999899 ], [ -46.771162984999705, -23.820207945999982 ], [ -46.771177260999821, -23.820157977999937 ], [ -46.771230798999966, -23.820111577999743 ], [ -46.771323597999924, -23.82007945499992 ], [ -46.77146279699997, -23.820054470999821 ], [ -46.771605563999969, -23.820015209999951 ], [ -46.771744762999958, -23.819922410999656 ], [ -46.771891099999891, -23.819797488999708 ], [ -46.772007692999864, -23.819650557999815 ], [ -46.772073128999693, -23.819594044999917 ], [ -46.772114768999927, -23.819516712999818 ], [ -46.772156409999923, -23.819403688999785 ], [ -46.772195075999718, -23.81934717599966 ], [ -46.772245638999834, -23.819290663999929 ], [ -46.772311074999664, -23.819243074999914 ], [ -46.772361637999836, -23.819189536999822 ], [ -46.772441944999912, -23.819109229999697 ], [ -46.772611481999895, -23.818936718999971 ], [ -46.772712608999825, -23.818886155999959 ], [ -46.772801837999687, -23.818832617999874 ], [ -46.772971374999827, -23.81869877299982 ], [ -46.773072501999934, -23.818591696999924 ], [ -46.773200397999858, -23.818445954999959 ], [ -46.773295219999795, -23.818274871999737 ], [ -46.773335194999845, -23.818248221999838 ], [ -46.773378976999709, -23.818212053999957 ], [ -46.773439890999953, -23.818164464999938 ], [ -46.773493190999773, -23.818116875999813 ], [ -46.773571236999658, -23.818105454999845 ], [ -46.773609308999937, -23.818116875999806 ], [ -46.773630247999904, -23.818141621999807 ], [ -46.773677836999923, -23.818147332999835 ], [ -46.773723522999887, -23.818126393999695 ], [ -46.773765400999707, -23.818128296999877 ], [ -46.77381298999984, -23.818149236999822 ], [ -46.77384535099975, -23.818164464999938 ], [ -46.773894843999699, -23.818156850999745 ], [ -46.773915782999893, -23.818122586999834 ], [ -46.77392720499995, -23.818073093999828 ], [ -46.773923396999919, -23.818027407999864 ], [ -46.773906264999823, -23.817979818999838 ], [ -46.773854868999933, -23.817955072999837 ], [ -46.773818700999868, -23.817911290999859 ], [ -46.77381298999984, -23.817844665999761 ], [ -46.773824411999897, -23.817785654999845 ], [ -46.773879614999771, -23.817732354999968 ], [ -46.773942432999888, -23.817665729999867 ], [ -46.774037611999859, -23.817614333999643 ], [ -46.774227848999892, -23.817555441999897 ], [ -46.77432064799973, -23.81754830399985 ], [ -46.774418205999837, -23.817548303999835 ], [ -46.774518143999728, -23.817543544999978 ], [ -46.774620460999756, -23.8175554419999 ], [ -46.774646634999897, -23.817593513999785 ], [ -46.774732294999865, -23.817641102999968 ], [ -46.774803678999831, -23.817667276999828 ], [ -46.77487744199982, -23.817698209999726 ], [ -46.774986897999895, -23.817724383999686 ], [ -46.775127285999879, -23.817736280999956 ], [ -46.77531764299971, -23.817726762999772 ], [ -46.77546040999971, -23.817686312999797 ], [ -46.775572244999921, -23.817677745999902 ], [ -46.775629351999839, -23.817677745999898 ], [ -46.775690027999985, -23.817670607999847 ], [ -46.775786395999887, -23.817627777999686 ], [ -46.775847072999909, -23.817577808999886 ], [ -46.775875625999966, -23.817538547999664 ], [ -46.775897040999894, -23.817474302999756 ], [ -46.775907748999714, -23.817399349999963 ], [ -46.775986270999965, -23.817342241999938 ], [ -46.776054085999817, -23.81732082699995 ], [ -46.77611476199985, -23.817295842999673 ], [ -46.776132607999727, -23.81725301299975 ], [ -46.77616116199988, -23.817149505999794 ], [ -46.776268236999954, -23.817088829999925 ], [ -46.776357466999798, -23.817060275999776 ], [ -46.776435988999879, -23.817006737999975 ], [ -46.776503803999901, -23.816967476999931 ], [ -46.776546633999885, -23.816903231999838 ], [ -46.776568048999877, -23.816853262999636 ], [ -46.77667512499994, -23.816831847999712 ], [ -46.776792907999834, -23.816810432999716 ], [ -46.776850015999855, -23.81681400199983 ], [ -46.776949952999871, -23.816803294999765 ], [ -46.777039182999715, -23.816796155999956 ], [ -46.777146257999846, -23.816774740999957 ], [ -46.777246195999858, -23.816717633999705 ], [ -46.777253333999909, -23.816653388999953 ], [ -46.777253333999909, -23.816557019999895 ], [ -46.777221210999926, -23.816432098999936 ], [ -46.77723548799986, -23.816328591999817 ], [ -46.777285456999664, -23.81626434699966 ], [ -46.777392532999897, -23.816242931999671 ], [ -46.777460346999817, -23.816282192999896 ], [ -46.77753886899967, -23.816303607999881 ], [ -46.77756742299988, -23.816264346999674 ], [ -46.777585268999928, -23.816235792999862 ], [ -46.777663790999952, -23.816196531999818 ], [ -46.777724466999928, -23.816175116999826 ], [ -46.777813696999836, -23.816135855999953 ], [ -46.77787080399969, -23.816096594999799 ], [ -46.777924341999835, -23.816028779999719 ], [ -46.777992156999858, -23.815960964999871 ], [ -46.778134923999858, -23.815900288999725 ], [ -46.778213446999871, -23.815850319999871 ], [ -46.778287506999959, -23.815769120999907 ], [ -46.778394582999852, -23.815697737999756 ], [ -46.778467156999739, -23.815628732999752 ], [ -46.778717, -23.815507380999751 ], [ -46.778881182999953, -23.815428857999901 ], [ -46.779052503999765, -23.815328920999885 ], [ -46.779188132999707, -23.815250398999861 ], [ -46.77929520899994, -23.815171876999948 ], [ -46.779445114999817, -23.815079077999822 ], [ -46.779559328999937, -23.815000554999969 ], [ -46.779659266999943, -23.814907755999855 ], [ -46.779716373999804, -23.814822095999716 ], [ -46.779794895999885, -23.814743573999859 ], [ -46.77992338699994, -23.8146721899999 ], [ -46.780094707999922, -23.81460794399975 ], [ -46.780237475999911, -23.814565113999837 ], [ -46.780487318999974, -23.814450899999887 ], [ -46.780651501999728, -23.81437237799997 ], [ -46.780837099999871, -23.814286716999909 ], [ -46.781015558999741, -23.814193917999944 ], [ -46.781279679999898, -23.814101118999812 ], [ -46.781486692999977, -23.814022596999731 ], [ -46.781650875999787, -23.8139797669998 ], [ -46.781779365999853, -23.813901243999783 ], [ -46.781929271999729, -23.813836998999818 ], [ -46.782036347999735, -23.813744199999856 ], [ -46.782143423999969, -23.813665677999779 ], [ -46.782257637999749, -23.813565739999827 ], [ -46.782393266999691, -23.813465802999747 ], [ -46.782507480999982, -23.813394418999966 ], [ -46.782664525999905, -23.813330173999702 ], [ -46.782864400999927, -23.813294481999939 ], [ -46.783028582999918, -23.813294481999943 ], [ -46.783178488999795, -23.813315896999764 ], [ -46.78334267199989, -23.813287343999885 ], [ -46.783521131999919, -23.813251651999963 ], [ -46.783656760999861, -23.813173128999946 ], [ -46.783806666999908, -23.813116021999743 ], [ -46.783992264999654, -23.813073191999933 ], [ -46.78419927799979, -23.813080329999821 ], [ -46.784397724999963, -23.813064149999715 ], [ -46.78462377399984, -23.813040354999885 ], [ -46.784778438999865, -23.812968971999855 ], [ -46.785004487999799, -23.812838100999777 ], [ -46.78524243399977, -23.812766716999814 ], [ -46.785444687999984, -23.812671538999837 ], [ -46.785706428999731, -23.812612051999785 ], [ -46.785956271999964, -23.81263584699991 ], [ -46.786099039999961, -23.812742922999973 ], [ -46.78664631599986, -23.812612051999793 ], [ -46.786919953999927, -23.812504976999662 ], [ -46.78726497599996, -23.812314619999885 ], [ -46.787836045999882, -23.811981494999941 ], [ -46.78839521999987, -23.811767343999801 ], [ -46.788918700999773, -23.811588883999718 ], [ -46.789406490999966, -23.811434218999857 ], [ -46.790013252999984, -23.811303348999953 ], [ -46.790715193999972, -23.811243861999742 ], [ -46.791333853999674, -23.811208169999805 ], [ -46.792059589999837, -23.811208169999816 ], [ -46.792702043999725, -23.811303348999942 ], [ -46.793392087999962, -23.811374732999916 ], [ -46.793879876999824, -23.81146991099973 ], [ -46.794248693999862, -23.811588883999722 ], [ -46.794807866999861, -23.811695959999955 ], [ -46.795086263999792, -23.811720943999717 ], [ -46.795204046999856, -23.811563899999783 ], [ -46.795254015999831, -23.811524638999966 ], [ -46.795275430999823, -23.81146396299993 ], [ -46.795314691999863, -23.811406854999909 ], [ -46.795393214999876, -23.811403285999972 ], [ -46.795521705999761, -23.811452064999742 ], [ -46.795778686999824, -23.811423511999855 ], [ -46.795988079999802, -23.811418752999828 ], [ -46.796202230999938, -23.811380680999708 ], [ -46.796383069999649, -23.811318814999815 ], [ -46.79648776699986, -23.811280743999873 ], [ -46.796649569999829, -23.811209359999896 ], [ -46.796816131999776, -23.811109422999714 ], [ -46.796935104999761, -23.811066592999904 ], [ -46.797206363999976, -23.810900029999736 ], [ -46.79746810499978, -23.810752503999765 ], [ -46.797667978999989, -23.810647806999889 ], [ -46.797958273999939, -23.810476485999843 ], [ -46.798224772999959, -23.810267093999929 ], [ -46.79830091599996, -23.810233780999845 ], [ -46.798429406999844, -23.810181432999858 ], [ -46.798576932999879, -23.810114807999859 ], [ -46.798691147999818, -23.810057700999831 ], [ -46.798814879999838, -23.80998155799978 ], [ -46.79889102199968, -23.809914932999849 ], [ -46.799009994999665, -23.80983879099977 ], [ -46.799100414999948, -23.809814995999822 ], [ -46.799200351999843, -23.809786442999954 ], [ -46.79930504899972, -23.809786442999954 ], [ -46.79938594999993, -23.80973409399979 ], [ -46.799443056999792, -23.80966271099993 ], [ -46.799528717999863, -23.809591326999794 ], [ -46.7996238959999, -23.809538978999907 ], [ -46.799685761999967, -23.809519942999945 ], [ -46.799790458999837, -23.809458076999871 ], [ -46.799823770999922, -23.809381933999873 ], [ -46.799885636999818, -23.809310549999683 ], [ -46.799895154999724, -23.809139228999872 ], [ -46.799923707999938, -23.809115434999846 ], [ -46.799971297999889, -23.809086880999644 ], [ -46.800052198999822, -23.809010737999984 ], [ -46.800114064999889, -23.808948871999743 ], [ -46.800185448999912, -23.808882246999929 ], [ -46.800237796999795, -23.808748997999821 ], [ -46.800299662999862, -23.808672854999823 ], [ -46.800342493999949, -23.808606229999668 ], [ -46.800380564999898, -23.808515809999903 ], [ -46.800404358999913, -23.808411113999856 ], [ -46.800404358999913, -23.808325452999956 ], [ -46.800432912999952, -23.808249310999713 ], [ -46.800499537999883, -23.80814461399973 ], [ -46.800537608999832, -23.808077989999902 ], [ -46.800613751999833, -23.808082747999947 ], [ -46.800651822999953, -23.808158890999941 ], [ -46.800737483999853, -23.808144613999733 ], [ -46.800789831999914, -23.808077989999902 ], [ -46.800827903999959, -23.80798756999997 ], [ -46.800837420999699, -23.807887632999773 ], [ -46.800861215999873, -23.807816248999931 ], [ -46.800956393999684, -23.807806730999683 ], [ -46.801023018999842, -23.807830525999854 ], [ -46.801061090999895, -23.807882873999741 ], [ -46.801208616999929, -23.807882873999738 ], [ -46.801270482999826, -23.807859078999911 ], [ -46.801308554999935, -23.807816248999924 ], [ -46.801299036999872, -23.807697275999942 ], [ -46.801299036999872, -23.80759733799994 ], [ -46.801351384999919, -23.807559266999707 ], [ -46.80149415299968, -23.807573543999748 ], [ -46.801627401999781, -23.807559266999707 ], [ -46.801679750999824, -23.807478364999959 ], [ -46.801793964999945, -23.807387945999839 ], [ -46.802019521999966, -23.807241184999953 ], [ -46.801905805999979, -23.807058958999956 ], [ -46.801857146999851, -23.806833393999792 ], [ -46.80183157499971, -23.806194386999834 ], [ -46.801789018999898, -23.80608892299967 ], [ -46.801694413999883, -23.806007814999699 ], [ -46.80165978999986, -23.805992155999888 ], [ -46.801484786999765, -23.805912997999823 ], [ -46.801405456999873, -23.805778924999743 ], [ -46.801214519999974, -23.805381229999963 ], [ -46.801060806999892, -23.805074613999921 ], [ -46.801013379999866, -23.805017242999782 ], [ -46.800960971999871, -23.804993538999948 ], [ -46.800898396999742, -23.805008336999943 ], [ -46.800773965999845, -23.805134062999848 ], [ -46.800612933999844, -23.805255204999742 ], [ -46.800534798999706, -23.805284523999717 ], [ -46.800503392999929, -23.805275101999715 ], [ -46.800465947999783, -23.805155185999912 ], [ -46.800486004999762, -23.805039725999965 ], [ -46.800705167999922, -23.804794418999737 ], [ -46.800796845999969, -23.804691793999943 ], [ -46.800863510999875, -23.804523174999762 ], [ -46.800873189999891, -23.804417389999802 ], [ -46.800856784999951, -23.804316568999802 ], [ -46.800714184999777, -23.804101191999845 ], [ -46.800503158999902, -23.803814151999799 ], [ -46.800334310999972, -23.803579721999768 ], [ -46.800312748999886, -23.803488540999865 ], [ -46.800328071999907, -23.803440387999789 ], [ -46.800437326999891, -23.803382045999857 ], [ -46.800604109999824, -23.803332955999963 ], [ -46.800739302999837, -23.803250419999817 ], [ -46.80078059899995, -23.803182884999899 ], [ -46.800785075999897, -23.803081936999885 ], [ -46.800692635999951, -23.802582709999967 ], [ -46.800617345999854, -23.802285217999948 ], [ -46.800604509999857, -23.801958509999853 ], [ -46.800571377999802, -23.80171361899982 ], [ -46.800481436999974, -23.801555586999715 ], [ -46.800434112999881, -23.801512626999738 ], [ -46.800360998999963, -23.801513082999737 ], [ -46.800215357999832, -23.801595677999838 ], [ -46.800121874999888, -23.801668345999811 ], [ -46.800012573999823, -23.801721883999733 ], [ -46.799949799999865, -23.801707852999815 ], [ -46.799792451999906, -23.801617515999968 ], [ -46.799441614999921, -23.801494735999771 ], [ -46.799373225999943, -23.801427875999821 ], [ -46.79927262599989, -23.801241072999801 ], [ -46.799209246999965, -23.801145349999793 ], [ -46.798962766999921, -23.801007499999859 ], [ -46.798742351999977, -23.800864695999845 ], [ -46.798621319999825, -23.800740488999963 ], [ -46.798541547999719, -23.800543943999845 ], [ -46.798493034999865, -23.800337597999768 ], [ -46.798440243999835, -23.800261029999717 ], [ -46.798372002999884, -23.800213390999765 ], [ -46.798199544999818, -23.800200041999915 ], [ -46.798037042999965, -23.800119343999661 ], [ -46.797712323999917, -23.799996398999951 ], [ -46.79743485399996, -23.79990679999981 ], [ -46.797230359999844, -23.799797523999928 ], [ -46.797083849999979, -23.799759988999817 ], [ -46.796874657999979, -23.799722830999769 ], [ -46.796655024999836, -23.799685731999656 ], [ -46.796487340999818, -23.799609877999838 ], [ -46.796266583999852, -23.799419 ], [ -46.796150712999861, -23.79928515999989 ], [ -46.796022006999863, -23.79882459099997 ], [ -46.795946866999884, -23.798546327999873 ], [ -46.796006954999882, -23.798190325999709 ], [ -46.796099770999717, -23.798026361999916 ], [ -46.796162095999819, -23.797977914999812 ], [ -46.796443209999893, -23.797851234999822 ], [ -46.796505187999969, -23.797754737999924 ], [ -46.796532272999798, -23.797655241999852 ], [ -46.796503506999727, -23.797524070999767 ], [ -46.796405372824111, -23.797399497016841 ], [ -46.796208728999943, -23.797208707999854 ], [ -46.795499265999865, -23.795886683999974 ], [ -46.795289460999925, -23.795763019999814 ], [ -46.795173929999862, -23.795677228999978 ], [ -46.795120869999664, -23.795562214999958 ], [ -46.795119893999924, -23.79542765899993 ], [ -46.795108541999866, -23.795302785999805 ], [ -46.794993011999907, -23.795216986999662 ], [ -46.79455167499998, -23.794854465999773 ], [ -46.794456343999911, -23.794672428999885 ], [ -46.794515459999843, -23.794181880999705 ], [ -46.794503268999961, -23.79394166599991 ], [ -46.794334755999785, -23.793750465999889 ], [ -46.794230095999922, -23.793722273999773 ], [ -46.793958526999866, -23.793723941999929 ], [ -46.793728391999707, -23.79367729899997 ], [ -46.79350806799988, -23.793544091999877 ], [ -46.793281895999712, -23.793444415999883 ], [ -46.793099390999828, -23.79336398099997 ], [ -46.792711540999967, -23.793174126999816 ], [ -46.792364770999768, -23.792887901999848 ], [ -46.791721439999833, -23.792036420999914 ], [ -46.790247150999733, -23.790382635999944 ], [ -46.790047662999825, -23.790239682999921 ], [ -46.789698205999855, -23.789578620999862 ], [ -46.789185022717852, -23.787497262403633 ], [ -46.789127931999928, -23.787265714999709 ], [ -46.788989033999883, -23.786834042999885 ], [ -46.789066988999934, -23.786491821999903 ], [ -46.789151258999652, -23.786291905999978 ], [ -46.789416402999905, -23.785991912999922 ], [ -46.789910641999938, -23.785536302999791 ], [ -46.790223969999829, -23.785147458999852 ], [ -46.790452784999843, -23.784714266999909 ], [ -46.790897832999747, -23.783303861999915 ], [ -46.791017633999957, -23.782415544999704 ], [ -46.791029159999937, -23.78186040099984 ], [ -46.791100896999922, -23.781183083999846 ], [ -46.791064153999741, -23.780616878999805 ], [ -46.790749192999961, -23.779284809999741 ], [ -46.789165351999827, -23.775722117999919 ], [ -46.788754338999922, -23.774845333999849 ], [ -46.788367794999829, -23.77432381299985 ], [ -46.787751925999942, -23.773691453999845 ], [ -46.785941508999883, -23.772815752999797 ], [ -46.784461450999913, -23.772227541999882 ], [ -46.782130809999899, -23.771152210999897 ], [ -46.781672327999793, -23.770978562999915 ], [ -46.781247230999725, -23.77081754899967 ], [ -46.780683808999981, -23.770452154999703 ], [ -46.780186611999966, -23.770046066999953 ], [ -46.778539697999861, -23.767954024999707 ], [ -46.777224648999947, -23.766552699999913 ], [ -46.776976924999985, -23.766424323999953 ], [ -46.776363100999902, -23.766106212000011 ], [ -46.77595447199991, -23.7659642439998 ], [ -46.774298159999944, -23.765711374000034 ], [ -46.773113976999923, -23.765550757999787 ], [ -46.772608721999859, -23.765438188999891 ], [ -46.772045386999878, -23.765123569999727 ], [ -46.771658595999952, -23.764666575999911 ], [ -46.771006113999931, -23.763305374999902 ], [ -46.770364954999934, -23.762289659999798 ], [ -46.769524915999966, -23.761050523999689 ], [ -46.769314781999981, -23.760583236999821 ], [ -46.769093347999956, -23.759780626999945 ], [ -46.769048796999925, -23.759292904 ], [ -46.769092765999922, -23.759038839000031 ], [ -46.76926809899993, -23.75855353799977 ], [ -46.76969864799986, -23.757361793999735 ], [ -46.769996094999954, -23.756568996999867 ], [ -46.770090177999919, -23.755611558999881 ], [ -46.769985481999981, -23.754764470999707 ], [ -46.769804787999931, -23.754010507999737 ], [ -46.769995144999882, -23.753653588999782 ], [ -46.770233090999852, -23.753225285999978 ], [ -46.770363961999919, -23.753023031999923 ], [ -46.770447242999978, -23.75292785399995 ], [ -46.770613804999982, -23.752820777999883 ], [ -46.770744674999889, -23.752725598999906 ], [ -46.770875545999907, -23.752666112999979 ], [ -46.771006415999977, -23.752594728999838 ], [ -46.771184875999893, -23.752559036999919 ], [ -46.771315745999971, -23.752559036999912 ], [ -46.771446615999878, -23.752535242999894 ], [ -46.771601280999903, -23.752523344999698 ], [ -46.771672664999926, -23.752499550999804 ], [ -46.771744048999892, -23.752392474999798 ], [ -46.771827329999951, -23.75226160499972 ], [ -46.77187491899997, -23.752106939999976 ], [ -46.771958200999961, -23.751999863999909 ], [ -46.772124762999965, -23.751916582999851 ], [ -46.772231838999858, -23.751868993 ], [ -46.77238650399994, -23.751868993000013 ], [ -46.772588757999983, -23.751940376999862 ], [ -46.772743422999895, -23.752071247999883 ], [ -46.772909984999899, -23.752178322999846 ], [ -46.772969471999943, -23.75223780999988 ], [ -46.773076546999846, -23.752261604999724 ], [ -46.773183622999909, -23.75226160499972 ], [ -46.773302595999894, -23.752273501999809 ], [ -46.773445363999883, -23.752309194000013 ], [ -46.773790385999916, -23.752309194000023 ], [ -46.774064023999927, -23.752392474999798 ], [ -46.774254379999945, -23.752475755999853 ], [ -46.77451612099992, -23.75278508599996 ], [ -46.774718374999964, -23.752951647999964 ], [ -46.774944423999955, -23.752999236999763 ], [ -46.775182369999982, -23.752999236999749 ], [ -46.775396521999937, -23.753023031999927 ], [ -46.775670159999947, -23.753046826999938 ], [ -46.775836721999951, -23.753082518999804 ], [ -46.775931899999932, -23.753082518999804 ], [ -46.776181743999985, -23.752963545999698 ], [ -46.776312613999892, -23.752856469999752 ], [ -46.776443484999966, -23.752666112999972 ], [ -46.776586251999959, -23.75247575599985 ], [ -46.776657635999925, -23.752332988000042 ], [ -46.776681430999929, -23.752202117999961 ], [ -46.776705224999944, -23.752035555999829 ], [ -46.776657635999925, -23.75182140399988 ], [ -46.776645738999946, -23.751619149999783 ], [ -46.776705224999944, -23.75141689599991 ], [ -46.77677660899991, -23.751226538999962 ], [ -46.776847992999876, -23.751024284999744 ], [ -46.77701455499988, -23.750738748999936 ], [ -46.777169219999905, -23.750631673999859 ], [ -46.777371473999835, -23.750607879000032 ], [ -46.777573728999982, -23.750631673999862 ], [ -46.777787879999842, -23.75063167399987 ], [ -46.778061517999902, -23.750691159999803 ], [ -46.778228079999849, -23.750703058 ], [ -46.778442231999975, -23.750631673999866 ], [ -46.778549307999867, -23.750536494999892 ], [ -46.778656382999941, -23.750381829999984 ], [ -46.778775355999926, -23.750167679000011 ], [ -46.778870534999896, -23.750001117 ], [ -46.779001404999974, -23.749917834999792 ], [ -46.779167966999978, -23.749882144000022 ], [ -46.779370221999841, -23.749882144000026 ], [ -46.779572475999885, -23.74987024599983 ], [ -46.779750934999981, -23.749786964999711 ], [ -46.77992939499984, -23.749715580999915 ], [ -46.780095956999958, -23.749703684 ], [ -46.780286313999966, -23.74972747899983 ], [ -46.780440978999877, -23.749786964999711 ], [ -46.78054805499994, -23.749929732999874 ], [ -46.780678924999961, -23.750143884 ], [ -46.780809795999858, -23.750322343999763 ], [ -46.780869281999969, -23.750477008999958 ], [ -46.781047741999828, -23.750703058 ], [ -46.781131022999944, -23.750833927999903 ], [ -46.781273789999943, -23.750964797999984 ], [ -46.781487941999899, -23.750941003999966 ], [ -46.781630709999831, -23.750881516999929 ], [ -46.78182106599985, -23.750774440999852 ], [ -46.781951936999917, -23.750584085000011 ], [ -46.782059012999923, -23.750417521999903 ], [ -46.782130395999957, -23.750286652 ], [ -46.782249368999942, -23.750179575999937 ], [ -46.782380239999952, -23.750084397999778 ], [ -46.782546801999956, -23.749953526999889 ], [ -46.782749055999886, -23.749822656999974 ], [ -46.782879926999897, -23.749751272999848 ], [ -46.783105974999955, -23.749537121999708 ], [ -46.783236845999859, -23.749453840999934 ], [ -46.783272537999949, -23.749239688999968 ], [ -46.783201153999983, -23.749061228999945 ], [ -46.783201153999983, -23.748882770000019 ], [ -46.783177358999978, -23.748740001999749 ], [ -46.783308229999875, -23.748621028999757 ], [ -46.783522380999841, -23.748537747999986 ], [ -46.78370084099987, -23.748442570000016 ], [ -46.783879299999967, -23.748359287999953 ], [ -46.784057759999826, -23.748311698999942 ], [ -46.784355191999907, -23.748228417999883 ], [ -46.784533651999936, -23.748192725999953 ], [ -46.78473590599998, -23.748145136999824 ], [ -46.784973851999951, -23.748026163999842 ], [ -46.785199900999828, -23.74791908799995 ], [ -46.78535456599991, -23.747823909999738 ], [ -46.785533025999939, -23.747788217999865 ], [ -46.785747176999912, -23.747704936999757 ], [ -46.785889944999894, -23.747621656000035 ], [ -46.785961328999861, -23.747431298999913 ], [ -46.786008917999879, -23.747276634 ], [ -46.786092198999945, -23.747133865999725 ], [ -46.78624686399985, -23.747002995999814 ], [ -46.786377733999927, -23.746884022999836 ], [ -46.786472912999898, -23.746812638999984 ], [ -46.786639474999902, -23.746753151999936 ], [ -46.786829831999967, -23.746622282000033 ], [ -46.786972599999956, -23.746491411999951 ], [ -46.78710346999992, -23.746443821999833 ], [ -46.787353312999926, -23.746420027999815 ], [ -46.787496080999915, -23.746360540999714 ], [ -46.78765074599994, -23.74627726000001 ], [ -46.787793513999929, -23.746051210999955 ], [ -46.787924383999837, -23.745860853999826 ], [ -46.788019561999882, -23.745670497999985 ], [ -46.788090945999841, -23.745563421999915 ], [ -46.788209918999826, -23.745468242999944 ], [ -46.7883407899999, -23.745408756999723 ], [ -46.788483556999893, -23.745408756999723 ], [ -46.788602529999878, -23.745468242999944 ], [ -46.788769092999985, -23.745503934999878 ], [ -46.788935654999932, -23.745527729999711 ], [ -46.789137908999862, -23.745492037999956 ], [ -46.789387751999925, -23.745277886 ], [ -46.789494827999818, -23.745099426999897 ], [ -46.789590006999958, -23.744885274999771 ], [ -46.789685184999939, -23.744706815999905 ], [ -46.789792260999832, -23.744552151 ], [ -46.789911233999824, -23.744397485999745 ], [ -46.790137282999865, -23.744195232000035 ], [ -46.790303844999983, -23.744100052999894 ], [ -46.790458509999894, -23.744016771999839 ], [ -46.790565585999957, -23.74393349099978 ], [ -46.790660763999938, -23.743707441999732 ], [ -46.790720250999875, -23.743469495999754 ], [ -46.790732147999961, -23.743183960999936 ], [ -46.790696455999864, -23.743005500999914 ], [ -46.790625071999905, -23.742874630999836 ], [ -46.790517995999949, -23.742684273999714 ], [ -46.790399022999964, -23.74245822499978 ], [ -46.790327639999816, -23.742267868 ], [ -46.790220563999924, -23.742053716999859 ], [ -46.790101590999939, -23.741791975999721 ], [ -46.789994514999876, -23.741542133 ], [ -46.789911233999824, -23.741351775999885 ], [ -46.789899336999895, -23.741185213999692 ], [ -46.789994514999876, -23.741054342999867 ], [ -46.79016107699988, -23.74105434299986 ], [ -46.790327639999816, -23.741090034999729 ], [ -46.790613174999976, -23.741185213999692 ], [ -46.790946298999927, -23.741268494999819 ], [ -46.791255628999863, -23.741209007999711 ], [ -46.791469780999819, -23.741078137999811 ], [ -46.791648239999915, -23.740887781000023 ], [ -46.791779111, -23.740745012999749 ], [ -46.791898083999968, -23.740649834999882 ], [ -46.792100337999955, -23.740578450999919 ], [ -46.792255002999923, -23.740530861999897 ], [ -46.792433462999952, -23.740495169999804 ], [ -46.792611921999878, -23.740483272999764 ], [ -46.792742791999899, -23.740399990999716 ], [ -46.79300453299988, -23.740221531999964 ], [ -46.793218684999829, -23.739900304999768 ], [ -46.793349554999914, -23.739733741999775 ], [ -46.793539911999858, -23.739698049999905 ], [ -46.793765960999906, -23.739769434000038 ], [ -46.793908727999906, -23.739793228999872 ], [ -46.794063392999817, -23.739793228999865 ], [ -46.794289441999865, -23.739698049999909 ], [ -46.794479798999816, -23.739579076999917 ], [ -46.794693950999942, -23.739472001999957 ], [ -46.79482482099985, -23.739353028999972 ], [ -46.795348301999979, -23.739138876999732 ], [ -46.795550555999966, -23.73912697999975 ], [ -46.795705220999935, -23.73909128799988 ], [ -46.795836091999945, -23.739008006999768 ], [ -46.795978858999952, -23.738900930999765 ], [ -46.796095452999907, -23.738715332999959 ], [ -46.796061545999862, -23.738580060999709 ], [ -46.79604013099987, -23.73843729299994 ], [ -46.796054406999986, -23.738265971999898 ], [ -46.796018714999946, -23.738108926999868 ], [ -46.796018714999946, -23.738001851999744 ], [ -46.79604013099987, -23.73787336099975 ], [ -46.796118652999951, -23.737730592999924 ], [ -46.796254281999893, -23.737673485999718 ], [ -46.796389910999949, -23.737673485999725 ], [ -46.796546955999872, -23.737616378999977 ], [ -46.796604062999904, -23.737473610999977 ], [ -46.796604062999904, -23.737352258999973 ], [ -46.79658978599997, -23.737216630000027 ], [ -46.796568370999864, -23.737145245999891 ], [ -46.796468433999962, -23.73703817 ], [ -46.796368495999957, -23.737002477999908 ], [ -46.796240004999959, -23.7369882009998 ], [ -46.796097237999959, -23.736988200999797 ], [ -46.795975884999962, -23.737045307999889 ], [ -46.795883085999833, -23.736981062999742 ], [ -46.795818840999857, -23.736824017999879 ], [ -46.795783148999931, -23.736724080999874 ], [ -46.795768871999883, -23.736595589999979 ], [ -46.795711764999965, -23.736474237999971 ], [ -46.795683210999982, -23.736352884999977 ], [ -46.795611827999949, -23.736252947999962 ], [ -46.79558327399991, -23.736138733999837 ], [ -46.795568996999975, -23.736017381 ], [ -46.79558327399991, -23.735903166999886 ], [ -46.795683210999982, -23.735760398999901 ], [ -46.795790286999875, -23.735703291999872 ], [ -46.795868808999899, -23.735589077999919 ], [ -46.795940192999865, -23.735410619 ], [ -46.795997299999954, -23.735253573999788 ], [ -46.79604013099987, -23.735182189999929 ], [ -46.796060430313169, -23.735150011230616 ], [ -46.796118652999951, -23.735082252999913 ], [ -46.796218589999967, -23.734925208999982 ], [ -46.796254281999893, -23.734825270999966 ], [ -46.796289973999933, -23.73471819499974 ], [ -46.796339942999964, -23.734639672999894 ], [ -46.796432741999922, -23.734546873999932 ], [ -46.796546955999872, -23.734446936999738 ], [ -46.796646892999888, -23.73438983 ], [ -46.796761106999838, -23.7343113079998 ], [ -46.796846767999909, -23.734254200999882 ], [ -46.79692528999982, -23.734232784999787 ], [ -46.797025226999835, -23.734232784999794 ], [ -46.797175132999882, -23.734268477 ], [ -46.797253655999896, -23.734232784999783 ], [ -46.79729648599988, -23.734154262999702 ], [ -46.79733217799992, -23.734061463999922 ], [ -46.797382146999951, -23.733975803999829 ], [ -46.797432114999935, -23.733883004999711 ], [ -46.797517775999893, -23.733576053999737 ], [ -46.797524913999951, -23.733426147999758 ], [ -46.797503498999959, -23.733283379999921 ], [ -46.797496360999901, -23.733147751 ], [ -46.797517775999893, -23.733004983999979 ], [ -46.797574882999925, -23.732876492999928 ], [ -46.797639127999901, -23.732755139999767 ], [ -46.797674819999941, -23.732640925999704 ], [ -46.797710511999981, -23.732519572999877 ], [ -46.797739065999906, -23.732455327999901 ], [ -46.79785327999997, -23.732305422000021 ], [ -46.797917524999946, -23.732241176999928 ], [ -46.79804601599983, -23.732084132 ], [ -46.798124537999854, -23.731948502999717 ], [ -46.798188783999933, -23.731798596999898 ], [ -46.798253028999909, -23.731655828999916 ], [ -46.79830299799994, -23.731541614999969 ], [ -46.798367242999866, -23.731398846999802 ], [ -46.798410073999946, -23.731277494999965 ], [ -46.798467180999864, -23.73114900399975 ], [ -46.798502872999961, -23.731020512999741 ], [ -46.798524287999953, -23.730913436999856 ], [ -46.798545702999945, -23.730770669999856 ], [ -46.798545702999945, -23.730635039999921 ], [ -46.798545702999945, -23.730535102999909 ], [ -46.798545702999945, -23.730435165999719 ], [ -46.798524287999953, -23.730278120999966 ], [ -46.798517148999906, -23.730178183999953 ], [ -46.798517148999906, -23.730085384999825 ], [ -46.798545702999945, -23.729985447999752 ], [ -46.798581394999985, -23.729849817999867 ], [ -46.798624224999969, -23.729714188999935 ], [ -46.798624224999969, -23.729607112999876 ], [ -46.798602809999977, -23.729492898999922 ], [ -46.798538564999888, -23.729378684999968 ], [ -46.798445765999872, -23.729278747999786 ], [ -46.798381519999964, -23.729193086999711 ], [ -46.798324412999932, -23.72906459599983 ], [ -46.798267305999843, -23.728957519999934 ], [ -46.798210198999925, -23.728864720999805 ], [ -46.798081707999927, -23.728643430999799 ], [ -46.797988908999912, -23.728472109999931 ], [ -46.79785327999997, -23.728257958999791 ], [ -46.797653404999949, -23.72812946799991 ], [ -46.797460668999975, -23.728050945999701 ], [ -46.797239378999961, -23.727972422999986 ], [ -46.79703950399994, -23.727858209000029 ], [ -46.796811075999983, -23.727701164999811 ], [ -46.796689723, -23.727529843999946 ], [ -46.796568370999864, -23.727465597999867 ], [ -46.796418464999817, -23.727465597999863 ], [ -46.796254281999893, -23.727501289999729 ], [ -46.796082960999861, -23.727544120999884 ], [ -46.795904500999825, -23.727544120999873 ], [ -46.795704626999907, -23.727501289999736 ], [ -46.795604688999902, -23.72738707599979 ], [ -46.795526166999878, -23.727265723999945 ], [ -46.795454782999911, -23.727137232999731 ], [ -46.795411952999928, -23.727030156999717 ], [ -46.795297738999977, -23.72687311299978 ], [ -46.795097863999956, -23.726773174999952 ], [ -46.794940819999965, -23.726680375999816 ], [ -46.794876573999943, -23.726601853999902 ], [ -46.794840881999846, -23.726444809999979 ], [ -46.794819466999854, -23.726223519999959 ], [ -46.794733805999954, -23.726080751999859 ], [ -46.794705252999904, -23.725923707999929 ], [ -46.794676698999922, -23.725766662999721 ], [ -46.794619591999833, -23.725573927000031 ], [ -46.79454820899997, -23.725359774999902 ], [ -46.794498239999939, -23.725202730999968 ], [ -46.794441132999907, -23.725059962999861 ], [ -46.794405440999988, -23.724952886999969 ], [ -46.794362610999883, -23.724774427999872 ], [ -46.794362610999883, -23.724688766999972 ], [ -46.794362610999883, -23.724553138000019 ], [ -46.794326918999957, -23.724453200999847 ], [ -46.794212704999843, -23.724374677999826 ], [ -46.79405565999997, -23.724317570999908 ], [ -46.793934307999962, -23.72422477199996 ], [ -46.793855784999948, -23.724124834999948 ], [ -46.793812954999964, -23.724017758999878 ], [ -46.793812954999964, -23.723903544999921 ], [ -46.793870061999883, -23.723782192999909 ], [ -46.793834369999956, -23.723632286999869 ], [ -46.793791539999972, -23.723568040999954 ], [ -46.793698740999957, -23.723475241999836 ], [ -46.793613079999943, -23.723410997000016 ], [ -46.793555972999854, -23.723275366999751 ], [ -46.793484588999888, -23.723182567999967 ], [ -46.793456035999839, -23.723104045999943 ], [ -46.793441758999904, -23.723004108999756 ], [ -46.793406066999978, -23.72288275599993 ], [ -46.79339892899992, -23.722768541999972 ], [ -46.793320406999896, -23.722668604999797 ], [ -46.793227607999938, -23.722611497999878 ], [ -46.793099116999883, -23.722582943999726 ], [ -46.792963486999952, -23.722504421999982 ], [ -46.792849272999895, -23.722311685999834 ], [ -46.792749335999986, -23.722111810999756 ], [ -46.792685090999896, -23.721897659999968 ], [ -46.792635121999865, -23.721726338 ], [ -46.792627982999875, -23.721583571 ], [ -46.792592291999888, -23.721447940999724 ], [ -46.792585152999891, -23.721305173999728 ], [ -46.792585152999891, -23.721169543999849 ], [ -46.792592291999888, -23.721055329999903 ], [ -46.792606567999883, -23.720941115999949 ], [ -46.792613706999873, -23.720862594000046 ], [ -46.792600707999952, -23.720690987999763 ], [ -46.792587167999898, -23.720643910999964 ], [ -46.792489879999835, -23.720305507999839 ], [ -46.792340210999896, -23.719873143999973 ], [ -46.79221414399985, -23.71957520199976 ], [ -46.791971703999934, -23.719229973999866 ], [ -46.791926360999923, -23.719180907999878 ], [ -46.791873927999859, -23.719108231999822 ], [ -46.791737227999818, -23.718784848999974 ], [ -46.791741201999969, -23.718741261999924 ], [ -46.791764898999986, -23.71869768099986 ], [ -46.791786621999904, -23.718666818999743 ], [ -46.791837943999894, -23.718608723999978 ], [ -46.79244788599982, -23.718029630999755 ], [ -46.792515058999868, -23.717873470999727 ], [ -46.792596245999853, -23.717383097999917 ], [ -46.792620125999974, -23.717038015999947 ], [ -46.792529675999845, -23.716567537999939 ], [ -46.792506299999957, -23.716084381999739 ], [ -46.79246922599998, -23.715437749999975 ], [ -46.792463590999887, -23.714974587000036 ], [ -46.792497283999921, -23.71472394999989 ], [ -46.792603989999861, -23.71443884 ], [ -46.792823211999973, -23.714017568999793 ], [ -46.792874825999888, -23.713509027999748 ], [ -46.792890813999975, -23.713162114999989 ], [ -46.792956108999874, -23.712851560999869 ], [ -46.792962375999934, -23.712292139999757 ], [ -46.792951703999961, -23.712201606 ], [ -46.792818434999845, -23.711831807999769 ], [ -46.792694274999974, -23.711320563999774 ], [ -46.792518597999901, -23.711053047000011 ], [ -46.792516644999921, -23.711014847999703 ], [ -46.792516664999823, -23.71099483799998 ], [ -46.792528530999853, -23.710967556999947 ], [ -46.792546325999979, -23.710942094999719 ], [ -46.792589820999922, -23.710902095999693 ], [ -46.792664925999929, -23.710853015999703 ], [ -46.792811183999959, -23.710771228999874 ], [ -46.79293374599996, -23.710658508999874 ], [ -46.79303863899986, -23.710380228999824 ], [ -46.793064385999855, -23.710276549999886 ], [ -46.793068360999825, -23.71024016899997 ], [ -46.793025004999897, -23.710063690999785 ], [ -46.792924351999886, -23.709878079999953 ], [ -46.792916489999868, -23.709814403999921 ], [ -46.792975955999907, -23.709501542999703 ], [ -46.792977938999968, -23.709485166999855 ], [ -46.792977954999969, -23.709470610999741 ], [ -46.792968081999966, -23.709454237999804 ], [ -46.792948337999917, -23.709436036999879 ], [ -46.792920680999941, -23.709425106999959 ], [ -46.792652012999838, -23.709379486999747 ], [ -46.79262436599987, -23.709368556999888 ], [ -46.792569064999896, -23.709333963999885 ], [ -46.792555247999985, -23.709310303999871 ], [ -46.792539465999937, -23.709272092999804 ], [ -46.792545429999905, -23.709224798999912 ], [ -46.792577111999947, -23.709108391999962 ], [ -46.792592953999929, -23.709051999 ], [ -46.792585063999979, -23.709022888999982 ], [ -46.792549552999958, -23.708941012999954 ], [ -46.792510112999821, -23.708822739999846 ], [ -46.792514087999962, -23.708786358999873 ], [ -46.792579448999959, -23.708528076999972 ], [ -46.7926032499999, -23.708378920999909 ], [ -46.792603343999986, -23.708227925999832 ], [ -46.79260934399997, -23.708115140000015 ], [ -46.792566045999934, -23.707845881999837 ], [ -46.792477401999861, -23.707416511999782 ], [ -46.792455728999933, -23.707334639 ], [ -46.792337295999914, -23.707150839999713 ], [ -46.792185278999852, -23.706988848999906 ], [ -46.792181326999987, -23.706985210999964 ], [ -46.792175425999915, -23.70694882699997 ], [ -46.792195225999876, -23.706870608999726 ], [ -46.792242883999911, -23.706495886999786 ], [ -46.79222716299995, -23.706355802999838 ], [ -46.792195621999895, -23.706235722000031 ], [ -46.792134461999922, -23.706113798999976 ], [ -46.79187397499993, -23.705640674999753 ], [ -46.791759541999966, -23.705384114999724 ], [ -46.791692441999942, -23.705276744 ], [ -46.791459459999942, -23.705047406999942 ], [ -46.791368668999951, -23.704912742999909 ], [ -46.791352956999901, -23.704765380999955 ], [ -46.791382773999885, -23.704470688000015 ], [ -46.791454075999923, -23.704194214999799 ], [ -46.791549006999958, -23.704039638999806 ], [ -46.791566806999924, -23.703995982999739 ], [ -46.791576730999964, -23.703937779999873 ], [ -46.791576829999883, -23.703781331999721 ], [ -46.791537444999904, -23.703575740999948 ], [ -46.791541443999961, -23.703506618 ], [ -46.791557260999923, -23.703475697999924 ], [ -46.791590877999965, -23.70342841799993 ], [ -46.791672863999906, -23.703343465999755 ], [ -46.791747056999846, -23.703266594999949 ], [ -46.791780663999873, -23.703222953999894 ], [ -46.791792534999963, -23.703197488999812 ], [ -46.791792568999881, -23.703141097999939 ], [ -46.791749215999914, -23.702980989999837 ], [ -46.791672311999946, -23.702740816999775 ], [ -46.7916664359999, -23.702671682000013 ], [ -46.791668459999983, -23.702584359999893 ], [ -46.79170020499987, -23.702380635999759 ], [ -46.791739842999959, -23.702173271999982 ], [ -46.791743825999845, -23.702129612999833 ], [ -46.79173201299983, -23.702065936999979 ], [ -46.791716236999946, -23.702022262999833 ], [ -46.791696504999834, -23.701984051999716 ], [ -46.791645193999841, -23.701896706999772 ], [ -46.791568219999881, -23.701782054999857 ], [ -46.791669555999817, -23.701660724999957 ], [ -46.791950443999951, -23.701353073999716 ], [ -46.792062193999982, -23.701165734000021 ], [ -46.792079793999903, -23.701123929999937 ], [ -46.792104824999853, -23.700951372999778 ], [ -46.792138175999867, -23.700900439 ], [ -46.792600567999848, -23.700624925999708 ], [ -46.792838719999907, -23.700502587999949 ], [ -46.792954908999953, -23.700462305999899 ], [ -46.793268128999841, -23.700379684999909 ], [ -46.79377838299996, -23.700260169999979 ], [ -46.793920254999875, -23.700234334999717 ], [ -46.794280964999984, -23.70020422899978 ], [ -46.794692855999926, -23.70014855199997 ], [ -46.794712522999873, -23.700133966999822 ], [ -46.794839518999822, -23.699797702999717 ], [ -46.794851286999915, -23.69978133099988 ], [ -46.795099604999848, -23.699747921999858 ], [ -46.795442626999886, -23.699732383999727 ], [ -46.795913625999958, -23.699667449999879 ], [ -46.796616992999816, -23.699516499999898 ], [ -46.796788186999947, -23.699417949999816 ], [ -46.796880800999872, -23.699401334999724 ], [ -46.797381411999829, -23.699347203999928 ], [ -46.797574575999818, -23.69932847199971 ], [ -46.797919213999819, -23.699214884999716 ], [ -46.798487330999933, -23.698993622999982 ], [ -46.798990243999981, -23.698870129999698 ], [ -46.799292820999881, -23.698771403999899 ], [ -46.799433545999875, -23.698699354999977 ], [ -46.799677558999917, -23.698585399999956 ], [ -46.799776287999919, -23.698509928999844 ], [ -46.800035522999963, -23.698467185999782 ], [ -46.800192567999886, -23.698438632999796 ], [ -46.800342473999933, -23.698352971999718 ], [ -46.800495948999867, -23.698310141999904 ], [ -46.800635146999923, -23.698235188999771 ], [ -46.800724376999938, -23.698181650999853 ], [ -46.800849298999879, -23.698092420999838 ], [ -46.80089926799991, -23.698024606999915 ], [ -46.800942097999894, -23.697949653999835 ], [ -46.800977789999934, -23.697878269999702 ], [ -46.801006342999983, -23.697792608999752 ], [ -46.801009911999934, -23.697760485999826 ], [ -46.800803696999822, -23.69755119 ], [ -46.800415064999925, -23.697211682999967 ], [ -46.799902380999868, -23.696907065 ], [ -46.799609559999965, -23.696743233999939 ], [ -46.799365602999956, -23.696657983999728 ], [ -46.799114997999823, -23.696624751999824 ], [ -46.798720644999946, -23.69662455699989 ], [ -46.798531295999908, -23.69671784999997 ], [ -46.798288804999856, -23.696732226999927 ], [ -46.798022720999938, -23.696700768999904 ], [ -46.797901813999886, -23.696618610999849 ], [ -46.79762926899997, -23.696498670999979 ], [ -46.797452025999974, -23.696438612999881 ], [ -46.797344929999895, -23.696196168999734 ], [ -46.797267260999888, -23.695829150999717 ], [ -46.797161799999856, -23.695706142999938 ], [ -46.797081756999887, -23.6955446149999 ], [ -46.797043412999926, -23.695396935999845 ], [ -46.797010860999876, -23.69513228899979 ], [ -46.797140303999925, -23.694894101999971 ], [ -46.797343698999896, -23.69459071499983 ], [ -46.797873145999915, -23.694226201999868 ], [ -46.798139661999926, -23.693606720999867 ], [ -46.798325329999841, -23.693145857999919 ], [ -46.798414717999947, -23.692853350999886 ], [ -46.798488018999819, -23.69252280399979 ], [ -46.798545869999892, -23.691912424999817 ], [ -46.798723071999973, -23.691557123999928 ], [ -46.798796346999836, -23.691374047999716 ], [ -46.797029454895025, -23.69261959604075 ], [ -46.795024630946891, -23.693486155042493 ], [ -46.791642559569802, -23.694199977694218 ], [ -46.787607492027156, -23.694077971762216 ], [ -46.784299743281288, -23.693525906103776 ], [ -46.782552376497392, -23.693124309630168 ], [ -46.779163773442349, -23.69333195609979 ], [ -46.776131946891645, -23.692860792866643 ], [ -46.774380452198805, -23.692121828226963 ], [ -46.773100479005848, -23.690652248114461 ], [ -46.771903933702163, -23.688575560791858 ], [ -46.77142792403798, -23.686968413634482 ], [ -46.771016473770132, -23.685360525692374 ], [ -46.770610270107078, -23.68411100048251 ], [ -46.769554991594163, -23.68286889277741 ], [ -46.765162509596628, -23.679634144573406 ], [ -46.763066971344216, -23.678284313545578 ], [ -46.761236864129422, -23.677349544832506 ], [ -46.759484927927538, -23.677369458727632 ], [ -46.757541743503126, -23.677690264645364 ], [ -46.755346343309263, -23.678551230890616 ], [ -46.752896701189975, -23.679833157794615 ], [ -46.750841477571868, -23.681469016262042 ], [ -46.747688026535513, -23.683535362217917 ], [ -46.744591893792531, -23.685003674814158 ], [ -46.741804991839878, -23.685333636901632 ], [ -46.739078279532656, -23.685304602174224 ], [ -46.737187220751863, -23.684668816545184 ], [ -46.736199554770202, -23.683604764894991 ], [ -46.735598833936081, -23.682357312250929 ], [ -46.73519020155814, -23.680928489540939 ], [ -46.734571366605074, -23.678307517074536 ], [ -46.733697906951761, -23.676047820382497 ], [ -46.732960266297844, -23.674264241306734 ], [ -46.732229733993194, -23.673018223032177 ], [ -46.730917880364906, -23.671957755235074 ], [ -46.729611146940115, -23.671315334428169 ], [ -46.728248121403283, -23.671330547907168 ], [ -46.726821339933259, -23.671406303615548 ], [ -46.725333125775833, -23.671781160564517 ], [ -46.717493705684305, -23.673932729929337 ], [ -46.713789037192782, -23.675619624946936 ], [ -46.711874745157644, -23.677423666456747 ] ] ] } }
]
}
