{
"type": "FeatureCollection",
"name": "lotes_mananciais",
"crs": { "type": "name", "properties": { "name": "urn:ogc:def:crs:OGC:1.3:CRS84" } },
"features": [
{ "type": "Feature", "properties": { "Name": "Lote 01", "Codigo": "1" }, "geometry": { "type": "MultiPolygon", "coordinates": [ [ [ [ -46.791955024684704, -23.701564825326301, 0.0 ], [ -46.792307984796615, -23.701139319727901, 0.0 ], [ -46.79309565574831, -23.700845369004501, 0.0 ], [ -46.793761579224309, -23.700689596848399, 0.0 ], [ -46.795015178445709, -23.700285513714999, 0.0 ], [ -46.797326801687909, -23.699734444086701, 0.0 ], [ -46.797734521660807, -23.699595375504199, 0.0 ], [ -46.798058709877004, -23.699438227562698, 0.0 ], [ -46.798509458541908, -23.699394622739799, 0.0 ], [ -46.79899418761751, -23.6992994340502, 0.0 ], [ -46.799428751898006, -23.699089812856499, 0.0 ], [ -46.801552915794204, -23.698368610602401, 0.0 ], [ -46.801412341637111, -23.697929329051, 0.0 ], [ -46.801382611609114, -23.697118076112599, 0.0 ], [ -46.800724636501904, -23.696943460205798, 0.0 ], [ -46.800471554759909, -23.696530583489999, 0.0 ], [ -46.800290133474206, -23.6963845472273, 0.0 ], [ -46.799991405605205, -23.6962513400692, 0.0 ], [ -46.79947821430541, -23.6962629938856, 0.0 ], [ -46.798941219663106, -23.696349040905201, 0.0 ], [ -46.798566738567914, -23.696552726198998, 0.0 ], [ -46.798153862234905, -23.6966628771507, 0.0 ], [ -46.797679223195907, -23.6958823382875, 0.0 ], [ -46.797768676667104, -23.695636374985099, 0.0 ], [ -46.797778082563909, -23.6954198691285, 0.0 ], [ -46.797691171545907, -23.694948091905999, 0.0 ], [ -46.797907960405809, -23.6945183783345, 0.0 ], [ -46.79797236370981, -23.694249955770399, 0.0 ], [ -46.797485732154108, -23.693856486986899, 0.0 ], [ -46.797392031472306, -23.693880776346898, 0.0 ], [ -46.796629861064808, -23.694681362618898, 0.0 ], [ -46.796357747865294, -23.694684520312798, 0.0 ], [ -46.79485870600891, -23.694069598481899, 0.0 ], [ -46.792944465573704, -23.695211049589098, 0.0 ], [ -46.792726103379607, -23.695526844048199, 0.0 ], [ -46.792547106757517, -23.695551757184099, 0.0 ], [ -46.79232407926532, -23.695075864531599, 0.0 ], [ -46.79203080883061, -23.694885612630408, 0.0 ], [ -46.791250328369316, -23.694803464042799, 0.0 ], [ -46.790557277897214, -23.695232991067808, 0.0 ], [ -46.789863645237411, -23.695519340415299, 0.0 ], [ -46.78967659211532, -23.695510850121, 0.0 ], [ -46.788784510224815, -23.694501646372, 0.0 ], [ -46.788471332760921, -23.694214748642999, 0.0 ], [ -46.788346908333409, -23.694162109195901, 0.0 ], [ -46.787968309445709, -23.694171176588299, 0.0 ], [ -46.787828431311716, -23.694432432820701, 0.0 ], [ -46.78729489643321, -23.6940185275399, 0.0 ], [ -46.786860239785305, -23.693716778557601, 0.0 ], [ -46.786769430551807, -23.693632874557398, 0.0 ], [ -46.78606776819732, -23.6930378200849, 0.0 ], [ -46.78528398382101, -23.692747406122699, 0.0 ], [ -46.785331590494799, -23.692567834777801, 0.0 ], [ -46.784863932492208, -23.692294175745101, 0.0 ], [ -46.784742103758106, -23.692432261940798, 0.0 ], [ -46.784495736728609, -23.692509130189499, 0.0 ], [ -46.7842903020112, -23.692409031683308, 0.0 ], [ -46.783999786448504, -23.691968028187599, 0.0 ], [ -46.78376636776941, -23.691891001574199, 0.0 ], [ -46.783499208255414, -23.6919966358134, 0.0 ], [ -46.783349074932204, -23.6922891526388, 0.0 ], [ -46.783197729959404, -23.692403202445199, 0.0 ], [ -46.78410019452761, -23.693883124655301, 0.0 ], [ -46.78412269965181, -23.6940339013765, 0.0 ], [ -46.783971583962398, -23.6942244153026, 0.0 ], [ -46.783848542458806, -23.694225833087, 0.0 ], [ -46.78362019566471, -23.6947664341705, 0.0 ], [ -46.784106600226309, -23.695110117272598, 0.0 ], [ -46.784369844738407, -23.695626185032399, 0.0 ], [ -46.78447889696551, -23.6961063835397, 0.0 ], [ -46.78443841789742, -23.6968996763358, 0.0 ], [ -46.784338731427709, -23.697108556341298, 0.0 ], [ -46.784419116057705, -23.6977400309068, 0.0 ], [ -46.784907539147206, -23.697856546719599, 0.0 ], [ -46.78536171034451, -23.697999095089799, 0.0 ], [ -46.785686884069804, -23.698317638524998, 0.0 ], [ -46.78623539440391, -23.698969440038699, 0.0 ], [ -46.786633760016016, -23.699300678360999, 0.0 ], [ -46.786695522844617, -23.699555182612798, 0.0 ], [ -46.787206527182605, -23.6995895475279, 0.0 ], [ -46.788056617643306, -23.699888662609499, 0.0 ], [ -46.789456343491409, -23.700920076865899, 0.0 ], [ -46.790987122485404, -23.7019365996475, 0.0 ], [ -46.791134618969615, -23.7020557754281, 0.0 ], [ -46.791204018983208, -23.702063368164598, 0.0 ], [ -46.79138872887382, -23.701970591061798, 0.0 ], [ -46.79170764818231, -23.7018292252253, 0.0 ], [ -46.791966014006206, -23.701789310356098, 0.0 ], [ -46.791955024684704, -23.701564825326301, 0.0 ] ] ] ] } },
{ "type": "Feature", "properties": { "Name": "Lote 02", "Codigo": "2" }, "geometry": { "type": "MultiPolygon", "coordinates": [ [ [ [ -46.775087256524998, -23.718879919201502, 0.0 ], [ -46.776877041407708, -23.718477673606699, 0.0 ], [ -46.777570678507608, -23.718413280667701, 0.0 ], [ -46.779197789073308, -23.719910170598801, 0.0 ], [ -46.779464734173203, -23.720046580247899, 0.0 ], [ -46.779766289469109, -23.719938478260801, 0.0 ], [ -46.780327847384804, -23.7194554363641, 0.0 ], [ -46.781540845560308, -23.719058420015301, 0.0 ], [ -46.782364996587702, -23.718862411233701, 0.0 ], [ -46.783054362731903, -23.718787390066399, 0.0 ], [ -46.784094886662402, -23.717959096500099, 0.0 ], [ -46.786075573053814, -23.717854900309199, 0.0 ], [ -46.785675162133714, -23.716267104025501, 0.0 ], [ -46.782963942522208, -23.710916606981101, 0.0 ], [ -46.792573254784507, -23.709885647723901, 0.0 ], [ -46.792954203662909, -23.708358964311198, 0.0 ], [ -46.791702866718708, -23.704842948474901, 0.0 ], [ -46.791625225653902, -23.7045931447024, 0.0 ], [ -46.791667551632514, -23.704068679911, 0.0 ], [ -46.791974504014306, -23.7029854889083, 0.0 ], [ -46.791958105859706, -23.7017904852529, 0.0 ], [ -46.791707648182303, -23.7018292252253, 0.0 ], [ -46.791388728873812, -23.701970591061801, 0.0 ], [ -46.791204018983208, -23.702063368164602, 0.0 ], [ -46.791134618969615, -23.7020557754281, 0.0 ], [ -46.790987122485404, -23.7019365996475, 0.0 ], [ -46.789456343491402, -23.700920076865899, 0.0 ], [ -46.788056617643306, -23.699888662609499, 0.0 ], [ -46.787206527182612, -23.6995895475279, 0.0 ], [ -46.786695522844603, -23.699555182612801, 0.0 ], [ -46.786633760016002, -23.699300678360999, 0.0 ], [ -46.786235394403903, -23.698969440038692, 0.0 ], [ -46.785686884069804, -23.698317638525001, 0.0 ], [ -46.785361710344503, -23.697999095089799, 0.0 ], [ -46.784907539147206, -23.697856546719599, 0.0 ], [ -46.784419116057705, -23.6977400309068, 0.0 ], [ -46.784338731427702, -23.697108556341302, 0.0 ], [ -46.784438417897412, -23.6968996763358, 0.0 ], [ -46.784478896965503, -23.6961063835397, 0.0 ], [ -46.784369844738407, -23.695626185032399, 0.0 ], [ -46.784106600226302, -23.695110117272602, 0.0 ], [ -46.783620195664703, -23.6947664341705, 0.0 ], [ -46.783848542458806, -23.694225833087, 0.0 ], [ -46.783971583962398, -23.6942244153026, 0.0 ], [ -46.784122699651803, -23.6940339013765, 0.0 ], [ -46.784100194527618, -23.693883124655301, 0.0 ], [ -46.783197729959404, -23.692403202445199, 0.0 ], [ -46.783035851855402, -23.692491824566499, 0.0 ], [ -46.782600743382403, -23.692792948857701, 0.0 ], [ -46.782308610891292, -23.693143794684399, 0.0 ], [ -46.782148707524208, -23.693663925178999, 0.0 ], [ -46.781959502910212, -23.693854153483599, 0.0 ], [ -46.781638918457105, -23.693931871607202, 0.0 ], [ -46.781298893676393, -23.693941471803601, 0.0 ], [ -46.780171588367715, -23.694279080534699, 0.0 ], [ -46.780110516373213, -23.6943367486375, 0.0 ], [ -46.779870201712612, -23.694252212134899, 0.0 ], [ -46.779648062295408, -23.693987450524201, 0.0 ], [ -46.779481710651112, -23.6935793166375, 0.0 ], [ -46.779167514614308, -23.6934244884587, 0.0 ], [ -46.774376045429406, -23.6954316681893, 0.0 ], [ -46.772668571454503, -23.6928055138861, 0.0 ], [ -46.772144752920205, -23.692478651861801, 0.0 ], [ -46.771450723300909, -23.6924981499611, 0.0 ], [ -46.771360294771604, -23.692249924195501, 0.0 ], [ -46.771175369854802, -23.692165101094009, 0.0 ], [ -46.771167052812203, -23.692076000552401, 0.0 ], [ -46.771378114998598, -23.692036571530799, 0.0 ], [ -46.770982536710207, -23.690241022837601, 0.0 ], [ -46.771134418696192, -23.690232063246199, 0.0 ], [ -46.771164011995502, -23.690190196367702, 0.0 ], [ -46.771080385016802, -23.689822633827099, 0.0 ], [ -46.771019783189303, -23.689765458114501, 0.0 ], [ -46.771160078751706, -23.689053357144001, 0.0 ], [ -46.770989914002008, -23.6885158860022, 0.0 ], [ -46.769923040744708, -23.6867433563791, 0.0 ], [ -46.769900836848699, -23.686523599909901, 0.0 ], [ -46.770181201864105, -23.685849982427499, 0.0 ], [ -46.769945373052202, -23.684398822593199, 0.0 ], [ -46.769446653772505, -23.6836454543005, 0.0 ], [ -46.768940620234602, -23.683585241033402, 0.0 ], [ -46.767904825973808, -23.6833237030385, 0.0 ], [ -46.767778534660408, -23.682980819620202, 0.0 ], [ -46.767638049423418, -23.682916880378599, 0.0 ], [ -46.767528628158402, -23.682812231653902, 0.0 ], [ -46.767381809957016, -23.682608070470501, 0.0 ], [ -46.767459797398217, -23.682557707447302, 0.0 ], [ -46.767089887418209, -23.682218867256399, 0.0 ], [ -46.766807388436405, -23.681905029373201, 0.0 ], [ -46.766843507476104, -23.6818494566886, 0.0 ], [ -46.766500273481803, -23.681516088444202, 0.0 ], [ -46.766295166286206, -23.6813358829198, 0.0 ], [ -46.766214980704703, -23.6812467888785, 0.0 ], [ -46.765477947821608, -23.680618903211201, 0.0 ], [ -46.765041671495105, -23.6803160229524, 0.0 ], [ -46.763669945717908, -23.6791476342148, 0.0 ], [ -46.763457804977406, -23.679370421679401, 0.0 ], [ -46.763766887013418, -23.6790457785368, 0.0 ], [ -46.762041621024807, -23.677760695552099, 0.0 ], [ -46.761617112742108, -23.677514185798099, 0.0 ], [ -46.761347754321392, -23.677400878575501, 0.0 ], [ -46.761228344983408, -23.6773645897519, 0.0 ], [ -46.761311278225108, -23.677122329625, 0.0 ], [ -46.760415298978693, -23.6768103070333, 0.0 ], [ -46.760197221516002, -23.6768013197341, 0.0 ], [ -46.759960224812005, -23.6768042834243, 0.0 ], [ -46.759544239239005, -23.6769703387513, 0.0 ], [ -46.759266227389908, -23.6771222772005, 0.0 ], [ -46.759268127772607, -23.677131373855602, 0.0 ], [ -46.758980935749705, -23.677135086708301, 0.0 ], [ -46.758241250302007, -23.676926993855201, 0.0 ], [ -46.757354112133015, -23.677559539016102, 0.0 ], [ -46.755951819330107, -23.678137793956299, 0.0 ], [ -46.755497413213703, -23.678097443568902, 0.0 ], [ -46.754814230604907, -23.678215687135101, 0.0 ], [ -46.755080669332195, -23.679042700089401, 0.0 ], [ -46.754963465946602, -23.679074723168, 0.0 ], [ -46.754931837790302, -23.678976586354501, 0.0 ], [ -46.754789099288807, -23.679015579308402, 0.0 ], [ -46.754329508014997, -23.678914074707698, 0.0 ], [ -46.754232947540906, -23.6789299741998, 0.0 ], [ -46.754168937440006, -23.678967804097802, 0.0 ], [ -46.754030911420308, -23.678990402360601, 0.0 ], [ -46.753592027729908, -23.678871507886601, 0.0 ], [ -46.753287474356412, -23.678889219711699, 0.0 ], [ -46.753071220461806, -23.678429434953902, 0.0 ], [ -46.752799641012508, -23.678488662400699, 0.0 ], [ -46.752752477022305, -23.678559072654899, 0.0 ], [ -46.752547367921615, -23.679019473128001, 0.0 ], [ -46.752469493637598, -23.679011958199801, 0.0 ], [ -46.752287316487305, -23.6790642148183, 0.0 ], [ -46.752387141910802, -23.679359744866602, 0.0 ], [ -46.752067424651003, -23.679477204526592, 0.0 ], [ -46.752229027292309, -23.679755334091499, 0.0 ], [ -46.752362407693695, -23.680063213955901, 0.0 ], [ -46.752060184077806, -23.680219476624, 0.0 ], [ -46.752096312180107, -23.680267187072801, 0.0 ], [ -46.752184467274297, -23.680499924194301, 0.0 ], [ -46.751597307344504, -23.6806236583698, 0.0 ], [ -46.751116595225604, -23.680678657609899, 0.0 ], [ -46.750473612387907, -23.680975633770291, 0.0 ], [ -46.750136094388196, -23.681347338346502, 0.0 ], [ -46.749869525925007, -23.681971475642001, 0.0 ], [ -46.749676959215918, -23.682124237990202, 0.0 ], [ -46.749457441366907, -23.6821959624036, 0.0 ], [ -46.749256869490715, -23.682719052388499, 0.0 ], [ -46.749031088379205, -23.682818382349499, 0.0 ], [ -46.748909638321408, -23.6830479813623, 0.0 ], [ -46.748705864565608, -23.683640532120702, 0.0 ], [ -46.748363794940502, -23.684096335234099, 0.0 ], [ -46.747836944244902, -23.684184797956, 0.0 ], [ -46.747356918773107, -23.684110226772102, 0.0 ], [ -46.747288348706405, -23.684121653451299, 0.0 ], [ -46.747286924619807, -23.6840145975487, 0.0 ], [ -46.747190236783908, -23.684003049197809, 0.0 ], [ -46.747280203116297, -23.684013770583899, 0.0 ], [ -46.747279639970202, -23.683971435660499, 0.0 ], [ -46.744794579414602, -23.683783412888001, 0.0 ], [ -46.744792276865105, -23.683847447342799, 0.0 ], [ -46.744801217741106, -23.683826672495201, 0.0 ], [ -46.744680763600805, -23.684107536371702, 0.0 ], [ -46.745278337375709, -23.684431137634899, 0.0 ], [ -46.745248695387403, -23.684415131008699, 0.0 ], [ -46.744700551177303, -23.6850555241489, 0.0 ], [ -46.743946494322692, -23.6853685319861, 0.0 ], [ -46.742644009441008, -23.685223398445402, 0.0 ], [ -46.742632080129603, -23.6853480288671, 0.0 ], [ -46.741864693776904, -23.685241735646102, 0.0 ], [ -46.741344147334992, -23.685233235217598, 0.0 ], [ -46.741038595572213, -23.685311151741001, 0.0 ], [ -46.740141146217397, -23.685646066557101, 0.0 ], [ -46.739274454141999, -23.685874010071601, 0.0 ], [ -46.738268736422704, -23.686074529528401, 0.0 ], [ -46.737769667561807, -23.6862169051781, 0.0 ], [ -46.737491447423814, -23.686692734152199, 0.0 ], [ -46.737238641690702, -23.687219647018999, 0.0 ], [ -46.737235731645612, -23.687470297502902, 0.0 ], [ -46.737462206335508, -23.6877581879715, 0.0 ], [ -46.737768629511208, -23.688008256274699, 0.0 ], [ -46.738278905999309, -23.688241771387801, 0.0 ], [ -46.738984929209003, -23.688780670955492, 0.0 ], [ -46.739579111712004, -23.689280919694401, 0.0 ], [ -46.739631981170305, -23.6895366309328, 0.0 ], [ -46.739770414060509, -23.689714552421702, 0.0 ], [ -46.740064665220103, -23.689978926428399, 0.0 ], [ -46.739881587925602, -23.690636055995299, 0.0 ], [ -46.739709085146607, -23.690687828899801, 0.0 ], [ -46.739622600691803, -23.690928042825401, 0.0 ], [ -46.739245522303804, -23.691412117664299, 0.0 ], [ -46.738806918220504, -23.691921168004999, 0.0 ], [ -46.738760232507396, -23.692132406054199, 0.0 ], [ -46.738854737371206, -23.6922595424566, 0.0 ], [ -46.739591534813208, -23.6927880711476, 0.0 ], [ -46.739836220417807, -23.692813850218101, 0.0 ], [ -46.740100910362408, -23.692714005077999, 0.0 ], [ -46.740345874161306, -23.692528976315899, 0.0 ], [ -46.740549996867003, -23.692532369368902, 0.0 ], [ -46.740844062862912, -23.692788257189999, 0.0 ], [ -46.740883850726604, -23.692990037066799, 0.0 ], [ -46.740927715381908, -23.693499264818701, 0.0 ], [ -46.741071510416013, -23.6936115811958, 0.0 ], [ -46.741302563702305, -23.693779882721401, 0.0 ], [ -46.741658220242392, -23.694009436499101, 0.0 ], [ -46.741777725521807, -23.6941618388766, 0.0 ], [ -46.741800248775903, -23.694457794087601, 0.0 ], [ -46.741907914877913, -23.6946502332754, 0.0 ], [ -46.744406097321715, -23.6967717591784, 0.0 ], [ -46.744403352905309, -23.6965652297649, 0.0 ], [ -46.744402683598707, -23.696514861139601, 0.0 ], [ -46.744412908001202, -23.696341137737399, 0.0 ], [ -46.744419259743502, -23.696234987315101, 0.0 ], [ -46.744453453550896, -23.696173482534402, 0.0 ], [ -46.744554303034306, -23.696053357218101, 0.0 ], [ -46.744595491878407, -23.696019308942699, 0.0 ], [ -46.744684109413718, -23.6959461766468, 0.0 ], [ -46.744732881065204, -23.695922966744, 0.0 ], [ -46.744790482382015, -23.695937484574799, 0.0 ], [ -46.744781738915492, -23.6960340020118, 0.0 ], [ -46.744776177571602, -23.6960961772362, 0.0 ], [ -46.744769817797106, -23.696232120105499, 0.0 ], [ -46.744811809159017, -23.696307120798402, 0.0 ], [ -46.744902552406906, -23.696351328230399, 0.0 ], [ -46.745002985143408, -23.696345862747101, 0.0 ], [ -46.745106901546805, -23.696322663078302, 0.0 ], [ -46.745191654189107, -23.696281172011801, 0.0 ], [ -46.745301631268298, -23.696227299025399, 0.0 ], [ -46.745576652227804, -23.696174544302799, 0.0 ], [ -46.745787181052613, -23.696166753510699, 0.0 ], [ -46.746031667025903, -23.696195233053601, 0.0 ], [ -46.746207975651302, -23.696240821892502, 0.0 ], [ -46.746399506398205, -23.696263668851699, 0.0 ], [ -46.746434227278819, -23.696266166113599, 0.0 ], [ -46.746501640620295, -23.6962341687784, 0.0 ], [ -46.746567125660818, -23.696203095968499, 0.0 ], [ -46.746629718270405, -23.696173409963102, 0.0 ], [ -46.746687591163102, -23.6960746228593, 0.0 ], [ -46.747177694213008, -23.6952384279965, 0.0 ], [ -46.747414713684208, -23.694815410193499, 0.0 ], [ -46.747287056559607, -23.694172524107902, 0.0 ], [ -46.747149634329006, -23.693956229826899, 0.0 ], [ -46.746973503781405, -23.693729358042802, 0.0 ], [ -46.747104735358505, -23.693608075880601, 0.0 ], [ -46.747124640078397, -23.6936213029534, 0.0 ], [ -46.747219634471492, -23.693681260083402, 0.0 ], [ -46.747289618340808, -23.693739242423501, 0.0 ], [ -46.747448578288605, -23.693836304717202, 0.0 ], [ -46.747579610925506, -23.693876264127901, 0.0 ], [ -46.747780599056505, -23.693905232086699, 0.0 ], [ -46.747920572243302, -23.693912228427902, 0.0 ], [ -46.748138634877705, -23.6938572235108, 0.0 ], [ -46.748240638449303, -23.6938363004416, 0.0 ], [ -46.748462616197507, -23.693565301666801, 0.0 ], [ -46.748743648821602, -23.693005282023101, 0.0 ], [ -46.748872578600704, -23.692875267324101, 0.0 ], [ -46.749011602318113, -23.692829279235099, 0.0 ], [ -46.749095603371103, -23.692786259912001, 0.0 ], [ -46.749163580152008, -23.692754255153591, 0.0 ], [ -46.749339583515514, -23.692601228609501, 0.0 ], [ -46.749512641605612, -23.692409234312699, 0.0 ], [ -46.749666587025104, -23.692063258027499, 0.0 ], [ -46.749696646037513, -23.691825211769999, 0.0 ], [ -46.749571588539908, -23.6913112178547, 0.0 ], [ -46.749555633888107, -23.691224278172601, 0.0 ], [ -46.749603601760008, -23.691171283607801, 0.0 ], [ -46.750183592748208, -23.690985252549702, 0.0 ], [ -46.750233632355815, -23.690954262642201, 0.0 ], [ -46.750300593149504, -23.690858260587099, 0.0 ], [ -46.750363624522493, -23.6908132206982, 0.0 ], [ -46.750481593164096, -23.690795275582101, 0.0 ], [ -46.751063587925103, -23.6905232724115, 0.0 ], [ -46.751254653674806, -23.690457283753002, 0.0 ], [ -46.751156633521909, -23.6906432852122, 0.0 ], [ -46.751060641883114, -23.690775276409699, 0.0 ], [ -46.751022648921705, -23.690812269358901, 0.0 ], [ -46.750932639097599, -23.690950241578999, 0.0 ], [ -46.750937619055804, -23.691087229869101, 0.0 ], [ -46.750936589073007, -23.691222209686892, 0.0 ], [ -46.750904634250908, -23.691354289146499, 0.0 ], [ -46.750887586734699, -23.6914522548532, 0.0 ], [ -46.750849629854805, -23.691522289735001, 0.0 ], [ -46.750782593357506, -23.6915762225272, 0.0 ], [ -46.750607630326805, -23.691637243791799, 0.0 ], [ -46.750517640722407, -23.691722221380502, 0.0 ], [ -46.750454632409202, -23.691787212903609, 0.0 ], [ -46.750401619889203, -23.691874209930099, 0.0 ], [ -46.750368610083306, -23.6919332649335, 0.0 ], [ -46.750309650345208, -23.692047232524409, 0.0 ], [ -46.750221585587802, -23.692240253030199, 0.0 ], [ -46.750144620165905, -23.692368236906201, 0.0 ], [ -46.750087613278907, -23.692489224169002, 0.0 ], [ -46.750026600298206, -23.692643299075801, 0.0 ], [ -46.749972620726005, -23.6927912457231, 0.0 ], [ -46.749898600966304, -23.692958287322799, 0.0 ], [ -46.749843622877997, -23.693116266268202, 0.0 ], [ -46.749794658087005, -23.693252239261891, 0.0 ], [ -46.749728604529103, -23.693404294605301, 0.0 ], [ -46.749668581300206, -23.693590226952999, 0.0 ], [ -46.749635608906303, -23.693749221060799, 0.0 ], [ -46.749602583517806, -23.6939042434534, 0.0 ], [ -46.749584651967993, -23.694051240931199, 0.0 ], [ -46.749574630771214, -23.694203294957301, 0.0 ], [ -46.749596615443608, -23.694348306585699, 0.0 ], [ -46.749635586449706, -23.694536279945101, 0.0 ], [ -46.749695613795808, -23.694678243496099, 0.0 ], [ -46.749440643513104, -23.694621269448, 0.0 ], [ -46.749198644836802, -23.694779285011002, 0.0 ], [ -46.748222577793406, -23.695959252425599, 0.0 ], [ -46.748093644514007, -23.69608926675, 0.0 ], [ -46.747887573674696, -23.696298243920999, 0.0 ], [ -46.747863591112392, -23.696355300666792, 0.0 ], [ -46.747815602631306, -23.696431226074701, 0.0 ], [ -46.747781620479408, -23.6964902915824, 0.0 ], [ -46.747573585579005, -23.6970012763589, 0.0 ], [ -46.747556443913318, -23.697068096332302, 0.0 ], [ -46.747622636108304, -23.6971265726079, 0.0 ], [ -46.747637984692808, -23.6971923035556, 0.0 ], [ -46.747662547271418, -23.697257749919299, 0.0 ], [ -46.747680110401802, -23.6972954691349, 0.0 ], [ -46.747723291884704, -23.697423269150899, 0.0 ], [ -46.747770810922098, -23.6975367559759, 0.0 ], [ -46.747808720946502, -23.697614781053201, 0.0 ], [ -46.747860664266106, -23.6976718833277, 0.0 ], [ -46.747929788418212, -23.697719763612, 0.0 ], [ -46.748026509864914, -23.697769498947292, 0.0 ], [ -46.748179546318397, -23.697809931401991, 0.0 ], [ -46.748225531324408, -23.697820335928601, 0.0 ], [ -46.748363478258206, -23.6978448688157, 0.0 ], [ -46.748474011879104, -23.697857072053001, 0.0 ], [ -46.748569825855995, -23.697862941339299, 0.0 ], [ -46.748697140271496, -23.6978783854935, 0.0 ], [ -46.748855419845505, -23.697893569994701, 0.0 ], [ -46.748902687361102, -23.6979091960497, 0.0 ], [ -46.749010518717704, -23.697991667037499, 0.0 ], [ -46.749070562655206, -23.698055899721201, 0.0 ], [ -46.749125784335092, -23.698104117080501, 0.0 ], [ -46.749188907304607, -23.698150620100702, 0.0 ], [ -46.749301277030405, -23.6982095668629, 0.0 ], [ -46.749378079235505, -23.698214657398999, 0.0 ], [ -46.749467728253393, -23.698200824532901, 0.0 ], [ -46.749530296507508, -23.698181429505102, 0.0 ], [ -46.749618115105704, -23.698133401241599, 0.0 ], [ -46.749681231132008, -23.698082311796099, 0.0 ], [ -46.749717183935005, -23.698068002349501, 0.0 ], [ -46.749745173443408, -23.6980689498928, 0.0 ], [ -46.749771087431412, -23.6980719070446, 0.0 ], [ -46.749788348508005, -23.698074781442099, 0.0 ], [ -46.749802457573807, -23.698083830485, 0.0 ], [ -46.749817916955408, -23.698091058669291, 0.0 ], [ -46.749839167158108, -23.698095964401102, 0.0 ], [ -46.749847600621308, -23.698091716204399, 0.0 ], [ -46.749861365768204, -23.698068900404202, 0.0 ], [ -46.749871738549103, -23.698058491266199, 0.0 ], [ -46.749890606156903, -23.698048437498301, 0.0 ], [ -46.749923339532295, -23.6980352477545, 0.0 ], [ -46.749941590230009, -23.698033506684499, 0.0 ], [ -46.749976959782103, -23.6980300373334, 0.0 ], [ -46.750010263660215, -23.698023250978999, 0.0 ], [ -46.750043615887392, -23.6980140265198, 0.0 ], [ -46.750073434963802, -23.698006647590901, 0.0 ], [ -46.750113246420092, -23.697996718135002, 0.0 ], [ -46.750187339774307, -23.6979260039802, 0.0 ], [ -46.750244772611303, -23.697861075505209, 0.0 ], [ -46.750261712517307, -23.6978338000742, 0.0 ], [ -46.750348396358703, -23.6977492209848, 0.0 ], [ -46.750410235832106, -23.6977176461025, 0.0 ], [ -46.750495719303608, -23.697694651237601, 0.0 ], [ -46.750560583751202, -23.6977019526229, 0.0 ], [ -46.750600103618709, -23.697712610105999, 0.0 ], [ -46.750623383602708, -23.697748458698499, 0.0 ], [ -46.750632203065912, -23.697785283337801, 0.0 ], [ -46.750652196653604, -23.697805099312401, 0.0 ], [ -46.750740014284702, -23.6978055506234, 0.0 ], [ -46.750775462544695, -23.697789802171101, 0.0 ], [ -46.750870715550903, -23.697789988755499, 0.0 ], [ -46.750950242169502, -23.6978356735437, 0.0 ], [ -46.750976426008606, -23.697852801345601, 0.0 ], [ -46.751001452729206, -23.697868046358899, 0.0 ], [ -46.751052105296104, -23.6978767722028, 0.0 ], [ -46.751139885465712, -23.697880473774799, 0.0 ], [ -46.751230504869206, -23.697884865413901, 0.0 ], [ -46.751332876691912, -23.697903478499601, 0.0 ], [ -46.751385745842505, -23.697914706984502, 0.0 ], [ -46.751413280191706, -23.6979239651019, 0.0 ], [ -46.751466551478906, -23.6979713911375, 0.0 ], [ -46.751485404944304, -23.697990587939, 0.0 ], [ -46.751501509660308, -23.6980098158391, 0.0 ], [ -46.751520699915709, -23.698023953166299, 0.0 ], [ -46.751553431017498, -23.6980469652385, 0.0 ], [ -46.751619113905207, -23.698048930410199, 0.0 ], [ -46.751654969528303, -23.698051594190801, 0.0 ], [ -46.751681410907906, -23.698051656104901, 0.0 ], [ -46.751700037954514, -23.6980538828726, 0.0 ], [ -46.751725333691603, -23.698077159604001, 0.0 ], [ -46.751732559460002, -23.698115717510401, 0.0 ], [ -46.751710846184004, -23.698148824999901, 0.0 ], [ -46.751691004906903, -23.698213148049501, 0.0 ], [ -46.751677392499204, -23.6982716227166, 0.0 ], [ -46.751625453797608, -23.698299836002999, 0.0 ], [ -46.751611813298403, -23.698319851867801, 0.0 ], [ -46.751533217558602, -23.698380325744502, 0.0 ], [ -46.751483655074217, -23.698392713166299, 0.0 ], [ -46.751420708730997, -23.698389814187099, 0.0 ], [ -46.751335572052902, -23.698384277291201, 0.0 ], [ -46.751289876169906, -23.698377391346099, 0.0 ], [ -46.751276835150897, -23.6983574968075, 0.0 ], [ -46.751258638535205, -23.698320868583501, 0.0 ], [ -46.751223804614305, -23.698328123914699, 0.0 ], [ -46.751213884327406, -23.698342139205099, 0.0 ], [ -46.751183661744413, -23.698367759404, 0.0 ], [ -46.751162122282508, -23.6983472387581, 0.0 ], [ -46.751134468805006, -23.698322995528901, 0.0 ], [ -46.751086834018103, -23.698310173000099, 0.0 ], [ -46.751031339311993, -23.698332467863601, 0.0 ], [ -46.750991805298497, -23.6983450125283, 0.0 ], [ -46.750932378524595, -23.698351372339499, 0.0 ], [ -46.750847575776703, -23.698316309953402, 0.0 ], [ -46.750765628622105, -23.698301347581999, 0.0 ], [ -46.750676718359408, -23.698309936623101, 0.0 ], [ -46.750591664232708, -23.6983287738848, 0.0 ], [ -46.750533777749105, -23.698353623452501, 0.0 ], [ -46.750475790941806, -23.698383078396301, 0.0 ], [ -46.750443600009405, -23.698412693020799, 0.0 ], [ -46.750415980978708, -23.698445596288199, 0.0 ], [ -46.750353459500609, -23.6984745607881, 0.0 ], [ -46.750331846918307, -23.698478867753501, 0.0 ], [ -46.750271491211706, -23.698476209852899, 0.0 ], [ -46.750225973255802, -23.698488731707002, 0.0 ], [ -46.750190591723303, -23.6985216324249, 0.0 ], [ -46.750176809951498, -23.6985371357883, 0.0 ], [ -46.750155311431406, -23.698592449447901, 0.0 ], [ -46.750149358647008, -23.698637205182401, 0.0 ], [ -46.750147455808502, -23.6986703593311, 0.0 ], [ -46.750153694575218, -23.698695567099001, 0.0 ], [ -46.750171274103302, -23.698704125467099, 0.0 ], [ -46.750177207377305, -23.698700356917492, 0.0 ], [ -46.750177531383805, -23.698682207042999, 0.0 ], [ -46.750177767985505, -23.698608987564999, 0.0 ], [ -46.750189969983204, -23.698565966767099, 0.0 ], [ -46.750248946964504, -23.698519798991999, 0.0 ], [ -46.750284917867496, -23.6985068434015, 0.0 ], [ -46.750366701811707, -23.698497432363002, 0.0 ], [ -46.750426350179708, -23.6985076817151, 0.0 ], [ -46.750457421169905, -23.698521413989901, 0.0 ], [ -46.750481657177104, -23.6985501196922, 0.0 ], [ -46.750490774151508, -23.698566808609399, 0.0 ], [ -46.750512096154004, -23.698631659117702, 0.0 ], [ -46.750537378189009, -23.698666040598102, 0.0 ], [ -46.750603071298812, -23.698699062269199, 0.0 ], [ -46.750673989346708, -23.698729767827899, 0.0 ], [ -46.750726357043604, -23.6987336895445, 0.0 ], [ -46.750837390903207, -23.698710586049, 0.0 ], [ -46.750888243856807, -23.698685815919902, 0.0 ], [ -46.750936486835606, -23.6986593599839, 0.0 ], [ -46.750990094028808, -23.698653156273199, 0.0 ], [ -46.751029323175004, -23.6986723032038, 0.0 ], [ -46.751049449422005, -23.698702048374201, 0.0 ], [ -46.751073264001604, -23.698747641033002, 0.0 ], [ -46.751100366090505, -23.698772973861299, 0.0 ], [ -46.751161230929107, -23.6987834799985, 0.0 ], [ -46.751202089903302, -23.698773267566501, 0.0 ], [ -46.751238907764218, -23.698763191121799, 0.0 ], [ -46.751322185101408, -23.698726317674101, 0.0 ], [ -46.751355210699899, -23.698704728316301, 0.0 ], [ -46.751386051032306, -23.698682983116999, 0.0 ], [ -46.751451747935903, -23.698667795058899, 0.0 ], [ -46.751513663306703, -23.698696435374401, 0.0 ], [ -46.751590144333605, -23.698774384073499, 0.0 ], [ -46.751645986262396, -23.698820517020401, 0.0 ], [ -46.751700468708705, -23.698849602483602, 0.0 ], [ -46.751736554370716, -23.698881604502802, 0.0 ], [ -46.751829486900604, -23.698919914709901, 0.0 ], [ -46.751882626745918, -23.698933216369202, 0.0 ], [ -46.751888850577707, -23.6989391043846, 0.0 ], [ -46.751895743943805, -23.698952748867701, 0.0 ], [ -46.751892057288003, -23.698967325607001, 0.0 ], [ -46.751853985647202, -23.6989803956236, 0.0 ], [ -46.751780761638706, -23.6989889883499, 0.0 ], [ -46.751748819040898, -23.6989826691449, 0.0 ], [ -46.751731555541092, -23.698973565709199, 0.0 ], [ -46.751669856857212, -23.698906644485199, 0.0 ], [ -46.751575619427314, -23.698891731364, 0.0 ], [ -46.751471652172206, -23.6988990467806, 0.0 ], [ -46.751386691008115, -23.698858208613292, 0.0 ], [ -46.751360111553602, -23.6988720512797, 0.0 ], [ -46.751345174704106, -23.6989039987008, 0.0 ], [ -46.751347499503602, -23.698969154281301, 0.0 ], [ -46.751333393988205, -23.699002807608601, 0.0 ], [ -46.751291842420208, -23.6990095972882, 0.0 ], [ -46.751247114536802, -23.6989843736268, 0.0 ], [ -46.751168155031806, -23.698999440805899, 0.0 ], [ -46.751107139073397, -23.698995797637501, 0.0 ], [ -46.751089728752703, -23.699018113098301, 0.0 ], [ -46.751070320855902, -23.699060402951599, 0.0 ], [ -46.751068848267103, -23.699077301899599, 0.0 ], [ -46.751047949657298, -23.6990927052857, 0.0 ], [ -46.751030366079405, -23.699095973699599, 0.0 ], [ -46.751008206934003, -23.699095682684799, 0.0 ], [ -46.750992472153214, -23.699092068929499, 0.0 ], [ -46.750983184616402, -23.699086847489699, 0.0 ], [ -46.750976117431009, -23.699078350866799, 0.0 ], [ -46.750960414130205, -23.6990710352873, 0.0 ], [ -46.750949207956403, -23.699067460581301, 0.0 ], [ -46.750941859532603, -23.699062126925, 0.0 ], [ -46.750902011199905, -23.699045063413209, 0.0 ], [ -46.750834594961404, -23.699004116764499, 0.0 ], [ -46.750786315760607, -23.698985433267101, 0.0 ], [ -46.750757349705907, -23.698990094304399, 0.0 ], [ -46.750724561835803, -23.699005270999102, 0.0 ], [ -46.750702543565204, -23.699015541063901, 0.0 ], [ -46.750669759293608, -23.699030988545701, 0.0 ], [ -46.750653165130892, -23.6990356902011, 0.0 ], [ -46.750631180928508, -23.6990363902292, 0.0 ], [ -46.750569154241205, -23.699017591299601, 0.0 ], [ -46.750553347248193, -23.699008561536601, 0.0 ], [ -46.750541802053604, -23.6990038169989, 0.0 ], [ -46.750530446620395, -23.698989049274001, 0.0 ], [ -46.750524692842703, -23.698963836041699, 0.0 ], [ -46.750513244721503, -23.6989421178308, 0.0 ], [ -46.750502943719702, -23.698933657754299, 0.0 ], [ -46.750487174058904, -23.6989274262306, 0.0 ], [ -46.750445266761915, -23.6989257334196, 0.0 ], [ -46.750399277032209, -23.6989332050053, 0.0 ], [ -46.750378394204802, -23.698943733024301, 0.0 ], [ -46.750280878243103, -23.6989679472698, 0.0 ], [ -46.750236285946997, -23.698971069583902, 0.0 ], [ -46.750212958064893, -23.698955895525799, 0.0 ], [ -46.750207615392618, -23.698943316782, 0.0 ], [ -46.750207851530206, -23.6989185774869, 0.0 ], [ -46.750217665256912, -23.698884431096701, 0.0 ], [ -46.750225954526407, -23.698863302212899, 0.0 ], [ -46.750223288619907, -23.698839227687799, 0.0 ], [ -46.750218175046513, -23.698831702014299, 0.0 ], [ -46.750207521389306, -23.698833176666191, 0.0 ], [ -46.750188394104505, -23.698848018233701, 0.0 ], [ -46.750177421047802, -23.698874052561301, 0.0 ], [ -46.750168252878304, -23.698908101370801, 0.0 ], [ -46.750146423117492, -23.698944640606499, 0.0 ], [ -46.750126716646108, -23.698958495639602, 0.0 ], [ -46.750059497555505, -23.698980832450601, 0.0 ], [ -46.750030635392108, -23.698981158754702, 0.0 ], [ -46.750007238075497, -23.698985034458001, 0.0 ], [ -46.749940066749808, -23.698986696635899, 0.0 ], [ -46.749880053665905, -23.6989794304572, 0.0 ], [ -46.749868367038609, -23.698982270958599, 0.0 ], [ -46.749863964790308, -23.698991709808702, 0.0 ], [ -46.749865658734208, -23.698997468558201, 0.0 ], [ -46.749878677193507, -23.699003550688001, 0.0 ], [ -46.749892074395618, -23.6990137813996, 0.0 ], [ -46.749903823382908, -23.699021683471301, 0.0 ], [ -46.749915921028808, -23.6990314774735, 0.0 ], [ -46.749921110191003, -23.699050738658801, 0.0 ], [ -46.749914272923903, -23.699059482800301, 0.0 ], [ -46.749904885874706, -23.699071054435802, 0.0 ], [ -46.749884609602702, -23.699090693779802, 0.0 ], [ -46.749870662654708, -23.699099879410202, 0.0 ], [ -46.749841751885107, -23.699108692518301, 0.0 ], [ -46.749811918106403, -23.699114988224299, 0.0 ], [ -46.749780745054409, -23.699117868436399, 0.0 ], [ -46.749762528345897, -23.699110039465701, 0.0 ], [ -46.749748368177492, -23.699109296732299, 0.0 ], [ -46.749694782078706, -23.699092839588399, 0.0 ], [ -46.749684567976097, -23.699084829871602, 0.0 ], [ -46.749660221384218, -23.699078153532099, 0.0 ], [ -46.749632039886215, -23.699074951162, 0.0 ], [ -46.749609322027418, -23.699075207939501, 0.0 ], [ -46.749583532002404, -23.699075499437299, 0.0 ], [ -46.749568324443004, -23.699075039364601, 0.0 ], [ -46.749545246632707, -23.699084689287201, 0.0 ], [ -46.749524600229108, -23.6990947631244, 0.0 ], [ -46.749514343080314, -23.699107789046799, 0.0 ], [ -46.749502689882604, -23.699119205712702, 0.0 ], [ -46.749487178909519, -23.6991323812926, 0.0 ], [ -46.749473055558312, -23.6991465342645, 0.0 ], [ -46.749461973091705, -23.699158305596001, 0.0 ], [ -46.749450667333008, -23.699171523925202, 0.0 ], [ -46.749437075010107, -23.699183052782001, 0.0 ], [ -46.749425082532518, -23.6991993483797, 0.0 ], [ -46.749407109330015, -23.699227989604299, 0.0 ], [ -46.749397604801707, -23.699248951625499, 0.0 ], [ -46.749391737647706, -23.6992576847822, 0.0 ], [ -46.749370882350107, -23.699270288792402, 0.0 ], [ -46.749339523247897, -23.699277414165199, 0.0 ], [ -46.749308799597102, -23.699295817310702, 0.0 ], [ -46.749293929341597, -23.699308534233602, 0.0 ], [ -46.749267879852006, -23.6993378986704, 0.0 ], [ -46.749262221294899, -23.699350150372901, 0.0 ], [ -46.749266796794608, -23.699384043826502, 0.0 ], [ -46.749288736784308, -23.699404289374602, 0.0 ], [ -46.749312973459205, -23.6994148490387, 0.0 ], [ -46.749368704016902, -23.699428393125402, 0.0 ], [ -46.749412626633507, -23.699429612046401, 0.0 ], [ -46.749480677896813, -23.699427217904102, 0.0 ], [ -46.749528433026597, -23.6994247822897, 0.0 ], [ -46.749581015820603, -23.699396291549899, 0.0 ], [ -46.749624486753206, -23.699375758116201, 0.0 ], [ -46.749639625762896, -23.699371073015499, 0.0 ], [ -46.749657595378402, -23.699372494935702, 0.0 ], [ -46.749673159821718, -23.699381527532299, 0.0 ], [ -46.749690978120107, -23.699395861151299, 0.0 ], [ -46.749704634510103, -23.699413401600701, 0.0 ], [ -46.749724325074908, -23.699440804603402, 0.0 ], [ -46.749739882839407, -23.699467532082299, 0.0 ], [ -46.749748830207807, -23.699501827494501, 0.0 ], [ -46.749747712568904, -23.699508972221601, 0.0 ], [ -46.749759957728898, -23.699511632472902, 0.0 ], [ -46.749781737455905, -23.699495587333601, 0.0 ], [ -46.749803666171807, -23.699496783922502, 0.0 ], [ -46.749814033045702, -23.699485923453, 0.0 ], [ -46.749816811600098, -23.699463863805999, 0.0 ], [ -46.749823467946008, -23.699453677238399, 0.0 ], [ -46.749843534333706, -23.699466811789701, 0.0 ], [ -46.749875598859703, -23.699506533482399, 0.0 ], [ -46.749897692779804, -23.699544381731592, 0.0 ], [ -46.749882648613202, -23.699562246615901, 0.0 ], [ -46.749853734353906, -23.6995647401938, 0.0 ], [ -46.749848387197908, -23.699576085598501, 0.0 ], [ -46.749857621888708, -23.6996076693645, 0.0 ], [ -46.749866788427418, -23.699622010485299, 0.0 ], [ -46.749869765429615, -23.699651227440402, 0.0 ], [ -46.749867507080609, -23.699669850579799, 0.0 ], [ -46.749853924375508, -23.699682101601809, 0.0 ], [ -46.749814002885103, -23.699683816809099, 0.0 ], [ -46.749784588094606, -23.699679093660801, 0.0 ], [ -46.749770375897896, -23.699680518232501, 0.0 ], [ -46.749761196661808, -23.699683420664599, 0.0 ], [ -46.749759127890705, -23.699698069355101, 0.0 ], [ -46.749768272543008, -23.6997168344325, 0.0 ], [ -46.749809764911419, -23.699754102291301, 0.0 ], [ -46.749834184385314, -23.699784431046901, 0.0 ], [ -46.749865884471006, -23.699827136085101, 0.0 ], [ -46.749873083790796, -23.6998516107647, 0.0 ], [ -46.749867644077895, -23.6998863396472, 0.0 ], [ -46.749852344092503, -23.699903214345799, 0.0 ], [ -46.749828006633898, -23.699939691613402, 0.0 ], [ -46.749755440885714, -23.700009846696599, 0.0 ], [ -46.749722246975708, -23.700030986241799, 0.0 ], [ -46.749679913500003, -23.700058006989099, 0.0 ], [ -46.749643497714295, -23.700080085734001, 0.0 ], [ -46.749601994106207, -23.700114770852291, 0.0 ], [ -46.749574687775699, -23.7001287117263, 0.0 ], [ -46.749501774030009, -23.7001424458435, 0.0 ], [ -46.749460268402906, -23.700134518946701, 0.0 ], [ -46.749429813333705, -23.700130620009801, 0.0 ], [ -46.749401977381403, -23.700141226492502, 0.0 ], [ -46.749379195092303, -23.700148796626301, 0.0 ], [ -46.749333705578707, -23.700157435899602, 0.0 ], [ -46.749302592415795, -23.700164829334, 0.0 ], [ -46.749247110101507, -23.700151733832101, 0.0 ], [ -46.749199739472502, -23.7001284353199, 0.0 ], [ -46.749184282775602, -23.700109290137899, 0.0 ], [ -46.749170887207818, -23.700087052153499, 0.0 ], [ -46.749145700297014, -23.700029467499299, 0.0 ], [ -46.749135712099715, -23.7000141425424, 0.0 ], [ -46.749098556441304, -23.699980707520702, 0.0 ], [ -46.749078929411908, -23.699964137281299, 0.0 ], [ -46.749069780972803, -23.699951150101999, 0.0 ], [ -46.749051023767805, -23.6999391742937, 0.0 ], [ -46.749024046632407, -23.699929277515899, 0.0 ], [ -46.748973825251802, -23.699922622601601, 0.0 ], [ -46.748954887803706, -23.699921392100002, 0.0 ], [ -46.748902891818496, -23.699933264549209, 0.0 ], [ -46.748836387325802, -23.6999607387278, 0.0 ], [ -46.748813962358703, -23.699964783833501, 0.0 ], [ -46.748791670486703, -23.6999606119806, 0.0 ], [ -46.748790487713904, -23.699938597099099, 0.0 ], [ -46.748801622020913, -23.699930707251799, 0.0 ], [ -46.748820750560903, -23.699922004847402, 0.0 ], [ -46.748876678776298, -23.699889684788499, 0.0 ], [ -46.748891118178804, -23.6998810353554, 0.0 ], [ -46.748922794147703, -23.699861267329801, 0.0 ], [ -46.748948230716607, -23.699834437700801, 0.0 ], [ -46.748961776240009, -23.699819388503599, 0.0 ], [ -46.748966391049592, -23.699807690281901, 0.0 ], [ -46.748973928635607, -23.6997908130935, 0.0 ], [ -46.748976727523818, -23.6997763367193, 0.0 ], [ -46.748978182083903, -23.699764132526699, 0.0 ], [ -46.748984726650008, -23.699745551244, 0.0 ], [ -46.748991076786105, -23.699730583345399, 0.0 ], [ -46.748999864355795, -23.699716490702599, 0.0 ], [ -46.749017370413704, -23.699695257732209, 0.0 ], [ -46.749028366360406, -23.699676987269601, 0.0 ], [ -46.749039188582103, -23.699657815972401, 0.0 ], [ -46.749049784843905, -23.699645959882201, 0.0 ], [ -46.749061818304213, -23.699632733356601, 0.0 ], [ -46.749067509623508, -23.699616870102702, 0.0 ], [ -46.749072514472608, -23.699598035375999, 0.0 ], [ -46.749076527507306, -23.6995775868218, 0.0 ], [ -46.749080850696615, -23.699556141686401, 0.0 ], [ -46.749085435416106, -23.699542186809602, 0.0 ], [ -46.749089394757398, -23.699535912772301, 0.0 ], [ -46.749113377635105, -23.699527426321701, 0.0 ], [ -46.749142954574005, -23.6995200502909, 0.0 ], [ -46.749164609980802, -23.699506805309799, 0.0 ], [ -46.749181912439703, -23.699476366095901, 0.0 ], [ -46.749187578477205, -23.699458607250701, 0.0 ], [ -46.749191011128808, -23.699437081896601, 0.0 ], [ -46.749185927709902, -23.699401478865799, 0.0 ], [ -46.749171561811004, -23.699385300580001, 0.0 ], [ -46.749163750259008, -23.699375548365602, 0.0 ], [ -46.749142461624608, -23.6993617052959, 0.0 ], [ -46.749118358998906, -23.6993490676563, 0.0 ], [ -46.749072532939905, -23.699332432331701, 0.0 ], [ -46.749022934505597, -23.6993239647894, 0.0 ], [ -46.748959960035208, -23.699318988712001, 0.0 ], [ -46.748916430596303, -23.699323001440199, 0.0 ], [ -46.748861465162193, -23.699336532449799, 0.0 ], [ -46.748791076039915, -23.699351591887499, 0.0 ], [ -46.748732665438304, -23.699367509046699, 0.0 ], [ -46.748700014198107, -23.699368690429999, 0.0 ], [ -46.748674157033207, -23.6993578781343, 0.0 ], [ -46.748645249995405, -23.699360913081801, 0.0 ], [ -46.748604616855197, -23.699357760908299, 0.0 ], [ -46.748573720191615, -23.699357116850301, 0.0 ], [ -46.748522657548506, -23.699360131209001, 0.0 ], [ -46.748483942802906, -23.6993613810392, 0.0 ], [ -46.748455617600307, -23.6993595342751, 0.0 ], [ -46.748409727937307, -23.699362399885601, 0.0 ], [ -46.748390261917713, -23.6993639739519, 0.0 ], [ -46.748364710752107, -23.699363991712101, 0.0 ], [ -46.748330827276014, -23.699369791200699, 0.0 ], [ -46.748284304965708, -23.699379796017201, 0.0 ], [ -46.748176661332707, -23.699414686079802, 0.0 ], [ -46.748108242445603, -23.699431979953999, 0.0 ], [ -46.748088196957106, -23.699438616191202, 0.0 ], [ -46.748039152721503, -23.699447475779902, 0.0 ], [ -46.747850129082813, -23.699595050908101, 0.0 ], [ -46.747824316356905, -23.699611863563401, 0.0 ], [ -46.747810300058504, -23.699628001338901, 0.0 ], [ -46.747705761595903, -23.699671432600692, 0.0 ], [ -46.747639898436297, -23.699662064899702, 0.0 ], [ -46.747504462357107, -23.699607620518101, 0.0 ], [ -46.747362906987306, -23.699603711464501, 0.0 ], [ -46.747323807660706, -23.699618597590401, 0.0 ], [ -46.747295466445408, -23.699621625902399, 0.0 ], [ -46.747267025155608, -23.699623210863102, 0.0 ], [ -46.747240779426917, -23.699613576347399, 0.0 ], [ -46.747190852426506, -23.699610799549699, 0.0 ], [ -46.747163110264907, -23.699604161142801, 0.0 ], [ -46.747122041238406, -23.699604714971201, 0.0 ], [ -46.747048046745007, -23.699610154391202, 0.0 ], [ -46.746894477247508, -23.6996148668016, 0.0 ], [ -46.746753517694806, -23.6995949709478, 0.0 ], [ -46.746684105392596, -23.699592323587201, 0.0 ], [ -46.746451096599607, -23.699606508514901, 0.0 ], [ -46.746344843362508, -23.699624409048202, 0.0 ], [ -46.746246250523207, -23.699634639589799, 0.0 ], [ -46.746205129828205, -23.699631311727501, 0.0 ], [ -46.746161481685206, -23.6996385750999, 0.0 ], [ -46.746046638964707, -23.699642940079499, 0.0 ], [ -46.745948099308997, -23.6996693299144, 0.0 ], [ -46.745883390492608, -23.6996677125004, 0.0 ], [ -46.745855419428608, -23.699674257287299, 0.0 ], [ -46.745827070135704, -23.699688841236402, 0.0 ], [ -46.745662666504906, -23.699699723368902, 0.0 ], [ -46.745481454991605, -23.699729663338701, 0.0 ], [ -46.745411483029507, -23.699739660892199, 0.0 ], [ -46.745354498199504, -23.699753394009502, 0.0 ], [ -46.745215837729205, -23.699778701010501, 0.0 ], [ -46.745181501282708, -23.699786942482099, 0.0 ], [ -46.745116428090704, -23.699800495865901, 0.0 ], [ -46.745066436531502, -23.699805031776009, 0.0 ], [ -46.745025659898609, -23.699815422254101, 0.0 ], [ -46.744978086412203, -23.699837625719901, 0.0 ], [ -46.744927437116907, -23.699859593005399, 0.0 ], [ -46.744887076994708, -23.699883069326599, 0.0 ], [ -46.744811833466002, -23.6999344741964, 0.0 ], [ -46.744591112374003, -23.700076263803901, 0.0 ], [ -46.744460491248908, -23.700104187934802, 0.0 ], [ -46.744364785790502, -23.700124857219802, 0.0 ], [ -46.744317235808005, -23.700136678046199, 0.0 ], [ -46.744252651509605, -23.700174871964201, 0.0 ], [ -46.744201720076106, -23.700236475050801, 0.0 ], [ -46.744139599974808, -23.700332329974501, 0.0 ], [ -46.744102991871316, -23.700406952494401, 0.0 ], [ -46.744068888804016, -23.700481456501599, 0.0 ], [ -46.744036727242808, -23.700556028906799, 0.0 ], [ -46.743993904549406, -23.700631533945, 0.0 ], [ -46.743863674817007, -23.7008532840144, 0.0 ], [ -46.743821888352898, -23.7009155062003, 0.0 ], [ -46.743812759671712, -23.700946575030301, 0.0 ], [ -46.743803591481104, -23.701047701462301, 0.0 ], [ -46.743802251283313, -23.701086807732199, 0.0 ], [ -46.743795734064406, -23.7011744526007, 0.0 ], [ -46.743788703956007, -23.701247839032, 0.0 ], [ -46.743783184347208, -23.701294937012101, 0.0 ], [ -46.743774001736107, -23.7013949802448, 0.0 ], [ -46.743744963121607, -23.701479448199201, 0.0 ], [ -46.743659158914902, -23.7016429185391, 0.0 ], [ -46.743620835310807, -23.701734532899302, 0.0 ], [ -46.743599458250905, -23.7017992335178, 0.0 ], [ -46.743588879191506, -23.7018428675729, 0.0 ], [ -46.743583968915196, -23.701874972229799, 0.0 ], [ -46.743581180977095, -23.701939012041901, 0.0 ], [ -46.743521805156995, -23.701858067914799, 0.0 ], [ -46.743437305223118, -23.703288420402401, 0.0 ], [ -46.741374903046207, -23.706753287978302, 0.0 ], [ -46.744444899715297, -23.7081894603221, 0.0 ], [ -46.746412614486715, -23.708417341035201, 0.0 ], [ -46.748677189229802, -23.708141693043402, 0.0 ], [ -46.747932047864602, -23.706164591235598, 0.0 ], [ -46.750828235377803, -23.705352289018201, 0.0 ], [ -46.750544235781405, -23.704763538441501, 0.0 ], [ -46.760443945619315, -23.702028363234902, 0.0 ], [ -46.761401944233107, -23.7017307371292, 0.0 ], [ -46.766059439714404, -23.706733202570891, 0.0 ], [ -46.769638953094308, -23.703522256843499, 0.0 ], [ -46.771814459177307, -23.701547884273801, 0.0 ], [ -46.772196877711707, -23.701927642856401, 0.0 ], [ -46.772274605825608, -23.704479929886102, 0.0 ], [ -46.771715059472115, -23.706103953360302, 0.0 ], [ -46.771901467938903, -23.707081525344702, 0.0 ], [ -46.771482508448607, -23.7081229939755, 0.0 ], [ -46.775492222339615, -23.7082137225511, 0.0 ], [ -46.775344409545106, -23.7086802635624, 0.0 ], [ -46.772762024464505, -23.7112356891333, 0.0 ], [ -46.772725316761303, -23.715544212042001, 0.0 ], [ -46.774698694389102, -23.717602510961701, 0.0 ], [ -46.775087256524998, -23.718879919201502, 0.0 ] ] ] ] } },
{ "type": "Feature", "properties": { "Name": "Lote 03", "Codigo": "3" }, "geometry": { "type": "MultiPolygon", "coordinates": [ [ [ [ -46.7721520750802, -23.741747015792999, 0.0 ], [ -46.772078840129502, -23.741840119962799, 0.0 ], [ -46.772018715057101, -23.7419038235908, 0.0 ], [ -46.7719634288121, -23.741966478666601, 0.0 ], [ -46.771917023009401, -23.742069747526202, 0.0 ], [ -46.771870269803003, -23.742159298026699, 0.0 ], [ -46.771819481543503, -23.7422734505137, 0.0 ], [ -46.771789685148107, -23.742372827541502, 0.0 ], [ -46.771747769790601, -23.7424792046356, 0.0 ], [ -46.7717099415961, -23.742570819481799, 0.0 ], [ -46.771670536827102, -23.742677438618401, 0.0 ], [ -46.771627260774501, -23.742766949204199, 0.0 ], [ -46.771594877444898, -23.742866446129, 0.0 ], [ -46.771565536410407, -23.742969609598799, 0.0 ], [ -46.771561429744892, -23.743078622795299, 0.0 ], [ -46.771563333860101, -23.7431536223921, 0.0 ], [ -46.771566472453209, -23.743242149612101, 0.0 ], [ -46.7715559142177, -23.7433047433287, 0.0 ], [ -46.771509692899699, -23.743379843087109, 0.0 ], [ -46.771443729081703, -23.743448488480801, 0.0 ], [ -46.7713875724803, -23.743476757255301, 0.0 ], [ -46.771332296917002, -23.743480460165699, 0.0 ], [ -46.7712823211208, -23.743481303692299, 0.0 ], [ -46.771241859031313, -23.743479871502199, 0.0 ], [ -46.7711535449032, -23.743474834804601, 0.0 ], [ -46.770900674002398, -23.743449204079901, 0.0 ], [ -46.770590848981797, -23.7434467046889, 0.0 ], [ -46.770379326709502, -23.743476120749101, 0.0 ], [ -46.770170440178802, -23.743706556612899, 0.0 ], [ -46.770033529019393, -23.7439540431773, 0.0 ], [ -46.769995141422697, -23.744010365167799, 0.0 ], [ -46.769985143259987, -23.744078549665598, 0.0 ], [ -46.770052462709401, -23.744122105528898, 0.0 ], [ -46.770200486670603, -23.7441821608708, 0.0 ], [ -46.770494165690799, -23.7442287212595, 0.0 ], [ -46.770538671007301, -23.7442420240837, 0.0 ], [ -46.770646973013797, -23.744301540913501, 0.0 ], [ -46.770784957092097, -23.744312960293499, 0.0 ], [ -46.770924485174298, -23.744300979729701, 0.0 ], [ -46.770973624228702, -23.744280104066, 0.0 ], [ -46.771009100279898, -23.744241780629409, 0.0 ], [ -46.771161046679403, -23.744029600445401, 0.0 ], [ -46.771189639529403, -23.743996682274499, 0.0 ], [ -46.771260054224797, -23.743904242729101, 0.0 ], [ -46.771322232278898, -23.743806841948899, 0.0 ], [ -46.771384491116699, -23.7437094402211, 0.0 ], [ -46.77143803663769, -23.743607714683201, 0.0 ], [ -46.7715269449236, -23.743519125620001, 0.0 ], [ -46.771632314672303, -23.743499410874101, 0.0 ], [ -46.7717543845636, -23.743506407622299, 0.0 ], [ -46.771903090854501, -23.743491341825301, 0.0 ], [ -46.771946196424203, -23.7435626190709, 0.0 ], [ -46.771916950874697, -23.743619017253302, 0.0 ], [ -46.771917648233199, -23.7436944820567, 0.0 ], [ -46.771954958167797, -23.7437618534798, 0.0 ], [ -46.772043113295702, -23.7438448018417, 0.0 ], [ -46.772021227863497, -23.743913122699499, 0.0 ], [ -46.771924372685, -23.743988261370699, 0.0 ], [ -46.771873258581103, -23.744036514340099, 0.0 ], [ -46.771824344635107, -23.7441995762799, 0.0 ], [ -46.771763481451899, -23.744274573117899, 0.0 ], [ -46.771623298807, -23.744369708407199, 0.0 ], [ -46.771505657468801, -23.744516766189399, 0.0 ], [ -46.771282203243807, -23.744722634173591, 0.0 ], [ -46.771171354976197, -23.744791884112001, 0.0 ], [ -46.771149256607792, -23.744796651258898, 0.0 ], [ -46.771121087513002, -23.744807085230899, 0.0 ], [ -46.771086631605002, -23.744831133007199, 0.0 ], [ -46.771059557797308, -23.744844804443591, 0.0 ], [ -46.770995126670798, -23.744877320725209, 0.0 ], [ -46.770932972182692, -23.744910713681801, 0.0 ], [ -46.770880146545899, -23.744940117758102, 0.0 ], [ -46.770837100842698, -23.7449629999976, 0.0 ], [ -46.7707872223396, -23.744989029974999, 0.0 ], [ -46.770747954487803, -23.745010153618509, 0.0 ], [ -46.770705411065109, -23.745034293967901, 0.0 ], [ -46.7706629228731, -23.745056537825199, 0.0 ], [ -46.770620973050697, -23.745070740718301, 0.0 ], [ -46.770578171433797, -23.7450877519911, 0.0 ], [ -46.770506790117899, -23.745114750428598, 0.0 ], [ -46.770461782568198, -23.745136120306999, 0.0 ], [ -46.770423443617602, -23.7451541637631, 0.0 ], [ -46.770368338646001, -23.745182510439701, 0.0 ], [ -46.770324914018708, -23.745207292732601, 0.0 ], [ -46.770281616611292, -23.745235504139899, 0.0 ], [ -46.770245685693901, -23.745270131219002, 0.0 ], [ -46.770205006719308, -23.745300569579801, 0.0 ], [ -46.77016307521999, -23.745334091744599, 0.0 ], [ -46.770133835192091, -23.745361058776801, 0.0 ], [ -46.770094940273701, -23.7453918377931, 0.0 ], [ -46.770051779386101, -23.745430158770201, 0.0 ], [ -46.770000166939298, -23.7454715557116, 0.0 ], [ -46.769951270390187, -23.745504435356398, 0.0 ], [ -46.769912090923199, -23.745538106501002, 0.0 ], [ -46.769874672372602, -23.7455704032947, 0.0 ], [ -46.76982623660389, -23.745601472056201, 0.0 ], [ -46.769788450975199, -23.745624564625299, 0.0 ], [ -46.769752601065598, -23.745653232289801, 0.0 ], [ -46.769718946571402, -23.7456887359766, 0.0 ], [ -46.769687669502297, -23.7457206012953, 0.0 ], [ -46.769656951596303, -23.7457459601527, 0.0 ], [ -46.769622648749802, -23.745763415539901, 0.0 ], [ -46.769597810638402, -23.745780943114209, 0.0 ], [ -46.7695817057376, -23.7457982804195, 0.0 ], [ -46.769568297279491, -23.7458056562146, 0.0 ], [ -46.769554646196497, -23.745813034786401, 0.0 ], [ -46.769545976016893, -23.745823877194098, 0.0 ], [ -46.769524396796491, -23.7458311659739, 0.0 ], [ -46.769505376285899, -23.745836258772702, 0.0 ], [ -46.769485749860003, -23.745850386358399, 0.0 ], [ -46.7694545966379, -23.7458794515818, 0.0 ], [ -46.7694218783517, -23.745912416692899, 0.0 ], [ -46.769385192707396, -23.745939107718598, 0.0 ], [ -46.769351208833207, -23.7459682053276, 0.0 ], [ -46.769311466997898, -23.745996195222499, 0.0 ], [ -46.769269583426897, -23.746039286138899, 0.0 ], [ -46.769227210097398, -23.746076063154099, 0.0 ], [ -46.769199671339003, -23.7461092397686, 0.0 ], [ -46.769172011056703, -23.7461453969613, 0.0 ], [ -46.769150576067801, -23.746175343952402, 0.0 ], [ -46.769118103514998, -23.746214535411099, 0.0 ], [ -46.769091680696, -23.746252483997509, 0.0 ], [ -46.7690640398637, -23.746290085407001, 0.0 ], [ -46.769037890938208, -23.746336336475299, 0.0 ], [ -46.7690178766901, -23.746375656156399, 0.0 ], [ -46.769001991923602, -23.746415289685501, 0.0 ], [ -46.768984463635903, -23.746441039129799, 0.0 ], [ -46.76897387107131, -23.746465264734201, 0.0 ], [ -46.768960806739898, -23.746492136705498, 0.0 ], [ -46.7689339806671, -23.7465122147341, 0.0 ], [ -46.76890794626599, -23.746531019798201, 0.0 ], [ -46.768879685965203, -23.746558697629599, 0.0 ], [ -46.7688631846259, -23.746582629737901, 0.0 ], [ -46.768844695543713, -23.746609112392498, 0.0 ], [ -46.768817927948113, -23.7466335231031, 0.0 ], [ -46.768788602014503, -23.7466541713891, 0.0 ], [ -46.768767465170903, -23.746676260688599, 0.0 ], [ -46.7687467960886, -23.7467030391165, 0.0 ], [ -46.768727781486298, -23.746726548580899, 0.0 ], [ -46.768707680148502, -23.746747452401902, 0.0 ], [ -46.768689049600702, -23.746763464348199, 0.0 ], [ -46.768649116793398, -23.746783331205101, 0.0 ], [ -46.768615252462297, -23.746797350783009, 0.0 ], [ -46.768592393230101, -23.746811695815602, 0.0 ], [ -46.768570280153497, -23.746827386484998, 0.0 ], [ -46.768545446573299, -23.7468452749664, 0.0 ], [ -46.768517924603898, -23.746861749749499, 0.0 ], [ -46.768471922872912, -23.746875456787102, 0.0 ], [ -46.768438596588098, -23.746887393765199, 0.0 ], [ -46.768409742807698, -23.746901085133601, 0.0 ], [ -46.768388818443007, -23.746914956606599, 0.0 ], [ -46.7683657510972, -23.746925873403899, 0.0 ], [ -46.768334356474398, -23.7469311076465, 0.0 ], [ -46.7683119633693, -23.746938044465601, 0.0 ], [ -46.768274179601491, -23.7469433517958, 0.0 ], [ -46.768220093948898, -23.7469574220844, 0.0 ], [ -46.7681432010354, -23.7469777116595, 0.0 ], [ -46.7680919150744, -23.7469954512963, 0.0 ], [ -46.768060115599702, -23.7470066485008, 0.0 ], [ -46.7680165570791, -23.747021591357498, 0.0 ], [ -46.767973819486308, -23.747037427597299, 0.0 ], [ -46.767911638016201, -23.747062965488499, 0.0 ], [ -46.767845290762203, -23.747097488583002, 0.0 ], [ -46.7677879194136, -23.747131818706599, 0.0 ], [ -46.7677451136664, -23.747172572549999, 0.0 ], [ -46.76770374567149, -23.7472239628095, 0.0 ], [ -46.767664090354003, -23.747264409764199, 0.0 ], [ -46.767634964194201, -23.7473118682951, 0.0 ], [ -46.767607810412208, -23.747349644456701, 0.0 ], [ -46.767584439022713, -23.747391981563101, 0.0 ], [ -46.76757243207949, -23.747431299781699, 0.0 ], [ -46.76757120669631, -23.747478348930699, 0.0 ], [ -46.767574110263901, -23.747501697873101, 0.0 ], [ -46.767578016016692, -23.747527382596399, 0.0 ], [ -46.767584210944598, -23.747566853759601, 0.0 ], [ -46.767590427053001, -23.747601901030201, 0.0 ], [ -46.7676088748808, -23.747638252864402, 0.0 ], [ -46.767633268991403, -23.7476656893881, 0.0 ], [ -46.767664852057891, -23.747698370120499, 0.0 ], [ -46.767691174264399, -23.7477188331322, 0.0 ], [ -46.767711284890289, -23.747740540806198, 0.0 ], [ -46.767730608698209, -23.747763882490698, 0.0 ], [ -46.7677583393289, -23.7478107809984, 0.0 ], [ -46.767789998774489, -23.747855106761801, 0.0 ], [ -46.767817990805298, -23.747897398060001, 0.0 ], [ -46.767846496452698, -23.747953766931609, 0.0 ], [ -46.767876945713901, -23.747992328688699, 0.0 ], [ -46.767912541802502, -23.748028664878799, 0.0 ], [ -46.767955830096597, -23.748059586631602, 0.0 ], [ -46.768008110259792, -23.748091488849699, 0.0 ], [ -46.768060162548707, -23.748106511567499, 0.0 ], [ -46.768108785153899, -23.748119135983291, 0.0 ], [ -46.768161697064897, -23.748125933483909, 0.0 ], [ -46.768210609061803, -23.748136026756701, 0.0 ], [ -46.76824879425169, -23.748142451043599, 0.0 ], [ -46.768293254427, -23.7481523243884, 0.0 ], [ -46.768335923148697, -23.748161315432299, 0.0 ], [ -46.768365883810297, -23.748163680980401, 0.0 ], [ -46.768389295960098, -23.748166302009199, 0.0 ], [ -46.7684232219816, -23.748168802730699, 0.0 ], [ -46.768450195907803, -23.748177612213599, 0.0 ], [ -46.768495070194703, -23.748206168416399, 0.0 ], [ -46.768559415583603, -23.748292912000299, 0.0 ], [ -46.768573797590591, -23.748351609021299, 0.0 ], [ -46.768581437640009, -23.748408216507201, 0.0 ], [ -46.768572128919303, -23.748557463155901, 0.0 ], [ -46.768565916023391, -23.748594548448391, 0.0 ], [ -46.768556824527302, -23.7486161387754, 0.0 ], [ -46.7685534728015, -23.748637482862499, 0.0 ], [ -46.768549173722697, -23.748660553082399, 0.0 ], [ -46.76854733994039, -23.748686484003599, 0.0 ], [ -46.768547195223498, -23.748705714985299, 0.0 ], [ -46.768551589330499, -23.748725616255498, 0.0 ], [ -46.768562939602297, -23.7487514865836, 0.0 ], [ -46.768576352016908, -23.748780312503499, 0.0 ], [ -46.768588501309203, -23.748805451457301, 0.0 ], [ -46.768597322485597, -23.748829725710799, 0.0 ], [ -46.768599066778187, -23.748857060141301, 0.0 ], [ -46.768599309775787, -23.748887029829401, 0.0 ], [ -46.768599719403198, -23.748917358724501, 0.0 ], [ -46.768603140158902, -23.7489430489561, 0.0 ], [ -46.768602826777098, -23.748973747239098, 0.0 ], [ -46.768599577461103, -23.749002673549999, 0.0 ], [ -46.7685927374689, -23.7490352520927, 0.0 ], [ -46.768583321617797, -23.749068762897799, 0.0 ], [ -46.768575724885999, -23.7490932250331, 0.0 ], [ -46.768565526278401, -23.749122682261699, 0.0 ], [ -46.768549478539597, -23.749156268958199, 0.0 ], [ -46.768534992245499, -23.7491856849729, 0.0 ], [ -46.768513889081099, -23.7492282670914, 0.0 ], [ -46.768491382161102, -23.749262740204198, 0.0 ], [ -46.768472948736793, -23.7492933750028, 0.0 ], [ -46.768453158687109, -23.749325379501101, 0.0 ], [ -46.768433728706, -23.749360088232699, 0.0 ], [ -46.768415260702099, -23.749394154004801, 0.0 ], [ -46.768390638745103, -23.749427748521601, 0.0 ], [ -46.76836719701361, -23.7494588920101, 0.0 ], [ -46.768344373824988, -23.7494939103943, 0.0 ], [ -46.768318037148397, -23.749532309283001, 0.0 ], [ -46.768290896564601, -23.7495710784804, 0.0 ], [ -46.768269933930902, -23.7496001171838, 0.0 ], [ -46.768245735786898, -23.749635151287499, 0.0 ], [ -46.768218533787298, -23.749675365632701, 0.0 ], [ -46.768195623122601, -23.7497158919887, 0.0 ], [ -46.768179696754601, -23.749746498072401, 0.0 ], [ -46.768157959860091, -23.749772115037299, 0.0 ], [ -46.768132077434302, -23.7498142101207, 0.0 ], [ -46.768102477874201, -23.749862576946299, 0.0 ], [ -46.768076312561803, -23.7499016960668, 0.0 ], [ -46.768053155964701, -23.749935995999799, 0.0 ], [ -46.768025678745403, -23.7499678175611, 0.0 ], [ -46.7679803918342, -23.7500105860105, 0.0 ], [ -46.767945286100002, -23.750046557364399, 0.0 ], [ -46.767904916797598, -23.750088095915299, 0.0 ], [ -46.767866930798291, -23.750114440399599, 0.0 ], [ -46.767831259754793, -23.750138501430499, 0.0 ], [ -46.767791973597198, -23.750164409377899, 0.0 ], [ -46.767751996087497, -23.7501930335801, 0.0 ], [ -46.767723296283798, -23.750218188466, 0.0 ], [ -46.767679872703397, -23.750249199311199, 0.0 ], [ -46.767643261524, -23.750275528018602, 0.0 ], [ -46.767607012067593, -23.750298692831901, 0.0 ], [ -46.767570046887499, -23.750322768608701, 0.0 ], [ -46.767538784230403, -23.750337841579402, 0.0 ], [ -46.767494318607802, -23.750357579476599, 0.0 ], [ -46.767454986475897, -23.750374098901201, 0.0 ], [ -46.767404570018201, -23.750396432632201, 0.0 ], [ -46.767372261543898, -23.750417927308099, 0.0 ], [ -46.767338802500298, -23.7504380809577, 0.0 ], [ -46.767308983396397, -23.750452234590099, 0.0 ], [ -46.7672809545533, -23.750467180250698, 0.0 ], [ -46.767249113030502, -23.750487315384301, 0.0 ], [ -46.767228339993501, -23.7505004627685, 0.0 ], [ -46.767207764036797, -23.750516225974401, 0.0 ], [ -46.767188742547397, -23.7505392839645, 0.0 ], [ -46.767181672642302, -23.750560851105501, 0.0 ], [ -46.767187967483402, -23.750577751489701, 0.0 ], [ -46.767206249249398, -23.750595778698202, 0.0 ], [ -46.767226661855801, -23.750615857943501, 0.0 ], [ -46.767243876857201, -23.7506267653409, 0.0 ], [ -46.767268906521693, -23.750635326405501, 0.0 ], [ -46.767293109139203, -23.750642542745801, 0.0 ], [ -46.767325811207897, -23.750650203552301, 0.0 ], [ -46.767365587568591, -23.7506426166517, 0.0 ], [ -46.767399873245701, -23.750629766102399, 0.0 ], [ -46.767432785216897, -23.750617021535199, 0.0 ], [ -46.767463595125207, -23.750610349664999, 0.0 ], [ -46.767500127835099, -23.7506021678788, 0.0 ], [ -46.767534982827513, -23.750595540008199, 0.0 ], [ -46.767574101932802, -23.750593196727699, 0.0 ], [ -46.767607491686498, -23.750597870417, 0.0 ], [ -46.767658142463013, -23.750604874461509, 0.0 ], [ -46.767695177351101, -23.750615916213, 0.0 ], [ -46.767735957752592, -23.750634769343101, 0.0 ], [ -46.767770111531398, -23.750648100995701, 0.0 ], [ -46.767803792683097, -23.7506563824493, 0.0 ], [ -46.767833271089202, -23.750658934147001, 0.0 ], [ -46.767859601809299, -23.750656014857402, 0.0 ], [ -46.767900181590797, -23.7506540158981, 0.0 ], [ -46.767938118445997, -23.750647984630099, 0.0 ], [ -46.767970933202413, -23.750640025824399, 0.0 ], [ -46.767996247069398, -23.750633687561098, 0.0 ], [ -46.768039527134697, -23.7506219978712, 0.0 ], [ -46.768076650753997, -23.750609656377598, 0.0 ], [ -46.768132722487302, -23.7505868063324, 0.0 ], [ -46.768176126062599, -23.750578274940398, 0.0 ], [ -46.768212959849599, -23.7505744229118, 0.0 ], [ -46.768259726928797, -23.750569373873699, 0.0 ], [ -46.7683056307485, -23.750572279208701, 0.0 ], [ -46.768347248066, -23.750575233579401, 0.0 ], [ -46.768393917576198, -23.750580928760002, 0.0 ], [ -46.768435155695101, -23.7505917416762, 0.0 ], [ -46.768471141663603, -23.750602975798799, 0.0 ], [ -46.7685187971529, -23.750615791659602, 0.0 ], [ -46.768560003591801, -23.7506242576628, 0.0 ], [ -46.768596883296098, -23.750629793981201, 0.0 ], [ -46.768636712794503, -23.7506321367838, 0.0 ], [ -46.768664197712802, -23.750630829161601, 0.0 ], [ -46.768694441402197, -23.750624163528698, 0.0 ], [ -46.768727247146103, -23.750603565677999, 0.0 ], [ -46.768754078494098, -23.7505538762457, 0.0 ], [ -46.768771367129602, -23.7505283101112, 0.0 ], [ -46.768787334076087, -23.7504947243165, 0.0 ], [ -46.768811284702501, -23.7504593318498, 0.0 ], [ -46.7688280827753, -23.7504393685916, 0.0 ], [ -46.768856239000407, -23.750403927981999, 0.0 ], [ -46.768881786834797, -23.750378989529501, 0.0 ], [ -46.768907005053393, -23.7503536034536, 0.0 ], [ -46.768932249264587, -23.750324154544199, 0.0 ], [ -46.7689646659285, -23.750292727682002, 0.0 ], [ -46.768995531667898, -23.750254276844501, 0.0 ], [ -46.76901905181051, -23.750222951809299, 0.0 ], [ -46.769061812945203, -23.750178857804698, 0.0 ], [ -46.769084690476198, -23.750135894191299, 0.0 ], [ -46.769103023525503, -23.7501217814368, 0.0 ], [ -46.7691425999042, -23.7500754669075, 0.0 ], [ -46.769169805792792, -23.750047530240899, 0.0 ], [ -46.769199918294198, -23.750001233761498, 0.0 ], [ -46.769224134145389, -23.749973511873598, 0.0 ], [ -46.769246410158303, -23.749945902468799, 0.0 ], [ -46.769278289707287, -23.749898682961302, 0.0 ], [ -46.769294203629798, -23.749867174133801, 0.0 ], [ -46.769306700820898, -23.749840218346499, 0.0 ], [ -46.769335942721099, -23.749801334647199, 0.0 ], [ -46.769361092439397, -23.749770893693999, 0.0 ], [ -46.7693982785363, -23.749733273207699, 0.0 ], [ -46.769423920806886, -23.749703368276801, 0.0 ], [ -46.769454135231697, -23.7496706123598, 0.0 ], [ -46.769498743641407, -23.749631552691401, 0.0 ], [ -46.769535631768697, -23.749595831434998, 0.0 ], [ -46.769571482748802, -23.7495671637679, 0.0 ], [ -46.7696060531039, -23.749539503820301, 0.0 ], [ -46.769633764417797, -23.749519054406601, 0.0 ], [ -46.769684208536908, -23.749492837688209, 0.0 ], [ -46.769712039742693, -23.749475275799799, 0.0 ], [ -46.769738013577502, -23.749451957353699, 0.0 ], [ -46.769773967667497, -23.7494189550955, 0.0 ], [ -46.769810922401597, -23.749394156711599, 0.0 ], [ -46.769853113005396, -23.749373722003099, 0.0 ], [ -46.769900608156298, -23.749356747394302, 0.0 ], [ -46.769919957536899, -23.749352011872499, 0.0 ], [ -46.7699612675259, -23.749344226206901, 0.0 ], [ -46.770014793533512, -23.749336571454599, 0.0 ], [ -46.770049496034197, -23.749330667011591, 0.0 ], [ -46.770087292583909, -23.749326261856901, 0.0 ], [ -46.77012931213779, -23.749317113843109, 0.0 ], [ -46.770186556682397, -23.749297319126502, 0.0 ], [ -46.770260091897207, -23.749273907203801, 0.0 ], [ -46.770313687863599, -23.749241515250599, 0.0 ], [ -46.770345419969601, -23.7492133459894, 0.0 ], [ -46.770384325992197, -23.7491773305943, 0.0 ], [ -46.770422982931997, -23.749146825029609, 0.0 ], [ -46.770471794326198, -23.749101578016798, 0.0 ], [ -46.770511630522407, -23.749062572747299, 0.0 ], [ -46.7705438322592, -23.749027266070701, 0.0 ], [ -46.770571763075203, -23.7489991403163, 0.0 ], [ -46.770603725490702, -23.748970065583599, 0.0 ], [ -46.770637342676203, -23.748931763483899, 0.0 ], [ -46.770655558853399, -23.748897068410901, 0.0 ], [ -46.770665539388908, -23.748857502378701, 0.0 ], [ -46.770666610368103, -23.7488350107736, 0.0 ], [ -46.770676088232001, -23.748800144979501, 0.0 ], [ -46.77069089717989, -23.748776683468598, 0.0 ], [ -46.770701452321212, -23.748761666590099, 0.0 ], [ -46.770712049596099, -23.7487378019399, 0.0 ], [ -46.770711807338209, -23.748707922547801, 0.0 ], [ -46.77070398559519, -23.7486858036652, 0.0 ], [ -46.770688438541598, -23.748648696791399, 0.0 ], [ -46.770694630663897, -23.7486220839811, 0.0 ], [ -46.770716116591402, -23.7486018862711, 0.0 ], [ -46.770737448669102, -23.748594239026101, 0.0 ], [ -46.770760661327998, -23.748594063342601, 0.0 ], [ -46.770791032583602, -23.748596875100802, 0.0 ], [ -46.770833283767999, -23.748604877159501, 0.0 ], [ -46.77088430528589, -23.7486094384093, 0.0 ], [ -46.770935522738597, -23.748616525193199, 0.0 ], [ -46.770972937545807, -23.748619797874699, 0.0 ], [ -46.771009778896897, -23.748622535447701, 0.0 ], [ -46.771049940134503, -23.748619547425601, 0.0 ], [ -46.771093259199503, -23.7486167940401, 0.0 ], [ -46.7711336346811, -23.748617685513999, 0.0 ], [ -46.771171500561913, -23.748618425181402, 0.0 ], [ -46.771195901943202, -23.7486164302404, 0.0 ], [ -46.771223148342109, -23.7486214444077, 0.0 ], [ -46.771251947554703, -23.7486216560164, 0.0 ], [ -46.771279895272599, -23.748618717633502, 0.0 ], [ -46.771306285295097, -23.748620220742001, 0.0 ], [ -46.771337216588691, -23.748622574580899, 0.0 ], [ -46.771374364351999, -23.748624044656399, 0.0 ], [ -46.771412699614707, -23.748623605264999, 0.0 ], [ -46.771445519714312, -23.7486160970839, 0.0 ], [ -46.771471710414303, -23.748608845441201, 0.0 ], [ -46.771509798440107, -23.7486020893699, 0.0 ], [ -46.771535451086699, -23.748596920287891, 0.0 ], [ -46.771563254413202, -23.748589289031301, 0.0 ], [ -46.77157642922031, -23.7485765893082, 0.0 ], [ -46.771602906107503, -23.748554618980101, 0.0 ], [ -46.771623385394193, -23.7485437313678, 0.0 ], [ -46.771642994580397, -23.748534298182101, 0.0 ], [ -46.771665261681008, -23.748524022019001, 0.0 ], [ -46.771677982692502, -23.748519633105001, 0.0 ], [ -46.771706831548201, -23.748505580070098, 0.0 ], [ -46.771771894789588, -23.748483799313, 0.0 ], [ -46.771824804092709, -23.748472449609, 0.0 ], [ -46.771884823141598, -23.748460476704199, 0.0 ], [ -46.771931010378502, -23.748466447209701, 0.0 ], [ -46.771994080890998, -23.748476738045099, 0.0 ], [ -46.772045092341997, -23.748486535174798, 0.0 ], [ -46.772090830725602, -23.748501177505499, 0.0 ], [ -46.772115591700697, -23.7485138033996, 0.0 ], [ -46.7721350871903, -23.748525857717802, 0.0 ], [ -46.772155646286897, -23.7485388026214, 0.0 ], [ -46.772175596500396, -23.7485485947598, 0.0 ], [ -46.772198377125903, -23.748564312813802, 0.0 ], [ -46.772221495920107, -23.748581110327301, 0.0 ], [ -46.772238449817699, -23.7485966243555, 0.0 ], [ -46.772249746061597, -23.7486124740953, 0.0 ], [ -46.772258891391203, -23.7486367443909, 0.0 ], [ -46.772269586807802, -23.748661989972501, 0.0 ], [ -46.772278644186102, -23.7486797612302, 0.0 ], [ -46.77228492856861, -23.748695848997201, 0.0 ], [ -46.772288358831197, -23.748716212578799, 0.0 ], [ -46.772289696089508, -23.7487373223892, 0.0 ], [ -46.772285772735401, -23.748758221691201, 0.0 ], [ -46.772281249040802, -23.748776600082302, 0.0 ], [ -46.772263161363398, -23.748796849308601, 0.0 ], [ -46.772247034750691, -23.7488066037502, 0.0 ], [ -46.772221527971197, -23.748810597659102, 0.0 ], [ -46.772194351137799, -23.748810728743091, 0.0 ], [ -46.772160498481803, -23.748807686350599, 0.0 ], [ -46.772121292119998, -23.748803531720199, 0.0 ], [ -46.772081230069197, -23.748807873061399, 0.0 ], [ -46.772038333942298, -23.748806017678, 0.0 ], [ -46.7720049785013, -23.748809830709099, 0.0 ], [ -46.771968357474798, -23.7488114242148, 0.0 ], [ -46.771923718449997, -23.748818255510301, 0.0 ], [ -46.7718878839312, -23.748824173343198, 0.0 ], [ -46.7718565916445, -23.748836990529799, 0.0 ], [ -46.771830350316399, -23.7488524581549, 0.0 ], [ -46.7718047032062, -23.748869995366899, 0.0 ], [ -46.7717759177932, -23.748888742173101, 0.0 ], [ -46.771747228854501, -23.7489146198632, 0.0 ], [ -46.77172090024299, -23.748935595454899, 0.0 ], [ -46.771687581795099, -23.748960081752902, 0.0 ], [ -46.771665001562702, -23.7489830907688, 0.0 ], [ -46.771644727930692, -23.748997226054701, 0.0 ], [ -46.771622045101999, -23.749012652853601, 0.0 ], [ -46.771594802663707, -23.749025874957091, 0.0 ], [ -46.771573132416201, -23.749032442856599, 0.0 ], [ -46.771547678354302, -23.749034359649102, 0.0 ], [ -46.771519854454802, -23.7490344980339, 0.0 ], [ -46.771495683422202, -23.749035587605, 0.0 ], [ -46.771464788663302, -23.7490359417368, 0.0 ], [ -46.771453007582899, -23.749038062901398, 0.0 ], [ -46.771429902309301, -23.749046181963202, 0.0 ], [ -46.771402087602702, -23.7490589592012, 0.0 ], [ -46.771377777437102, -23.749073682391199, 0.0 ], [ -46.771361129763207, -23.7490867830189, 0.0 ], [ -46.771331298947587, -23.749105993121301, 0.0 ], [ -46.7713132360728, -23.7491161307765, 0.0 ], [ -46.771295584612687, -23.7491327637611, 0.0 ], [ -46.771277512893299, -23.749148227941099, 0.0 ], [ -46.771260389708999, -23.749162056236099, 0.0 ], [ -46.771244228491398, -23.7491752415552, 0.0 ], [ -46.771234555992898, -23.7491837483058, 0.0 ], [ -46.771202416347109, -23.7492056931994, 0.0 ], [ -46.77118435071101, -23.749221608691801, 0.0 ], [ -46.771165749458198, -23.7492397872815, 0.0 ], [ -46.771139555577903, -23.749258775111301, 0.0 ], [ -46.771108314708997, -23.749293348667091, 0.0 ], [ -46.771080589660897, -23.749324722180599, 0.0 ], [ -46.77106675735331, -23.749348623926899, 0.0 ], [ -46.771043573880902, -23.749374889795899, 0.0 ], [ -46.771023843675593, -23.749399310519799, 0.0 ], [ -46.771002331433699, -23.749429529482601, 0.0 ], [ -46.770985827125003, -23.7494651980392, 0.0 ], [ -46.770973319028599, -23.749497299941101, 0.0 ], [ -46.770961979823703, -23.7495320968006, 0.0 ], [ -46.770946941039199, -23.749568470787199, 0.0 ], [ -46.770936225946301, -23.749595586826199, 0.0 ], [ -46.770921208513087, -23.749621578546002, 0.0 ], [ -46.7709086054751, -23.749640681436698, 0.0 ], [ -46.770888766560013, -23.7496570686105, 0.0 ], [ -46.770874396740503, -23.749671136151701, 0.0 ], [ -46.7708581853719, -23.7496806205932, 0.0 ], [ -46.770839327349996, -23.749685801995099, 0.0 ], [ -46.7708166684288, -23.749685068570301, 0.0 ], [ -46.770788663096504, -23.749683764453799, 0.0 ], [ -46.770774105279102, -23.749683931260599, 0.0 ], [ -46.770747435477404, -23.7496856813009, 0.0 ], [ -46.770724072134009, -23.749704636634, 0.0 ], [ -46.770704061350997, -23.749726261904399, 0.0 ], [ -46.770689978076, -23.749743576170399, 0.0 ], [ -46.770673404704702, -23.749762182863901, 0.0 ], [ -46.770626435650399, -23.749794137906001, 0.0 ], [ -46.770579989412489, -23.749810920166201, 0.0 ], [ -46.77053909649139, -23.749831611041898, 0.0 ], [ -46.770495050903499, -23.749846469926599, 0.0 ], [ -46.770450524925302, -23.749861695416399, 0.0 ], [ -46.770413196087702, -23.749870789788002, 0.0 ], [ -46.770374376068197, -23.749877283158199, 0.0 ], [ -46.770341234513097, -23.749884975367902, 0.0 ], [ -46.770306581586901, -23.749900539109198, 0.0 ], [ -46.770280941715299, -23.749912659295301, 0.0 ], [ -46.770241438262502, -23.749934417520599, 0.0 ], [ -46.770185356783998, -23.749968462943102, 0.0 ], [ -46.770159303620702, -23.7499859142731, 0.0 ], [ -46.7701300781425, -23.750020013171401, 0.0 ], [ -46.770099475299503, -23.750053947284101, 0.0 ], [ -46.770074228971801, -23.750083215837591, 0.0 ], [ -46.770049314338699, -23.7501190709159, 0.0 ], [ -46.770026562630498, -23.750153366483801, 0.0 ], [ -46.7699999410112, -23.750188609156801, 0.0 ], [ -46.769969315786298, -23.7502268768691, 0.0 ], [ -46.769925649799298, -23.750263849475601, 0.0 ], [ -46.769890803060697, -23.7503009919024, 0.0 ], [ -46.769847226444298, -23.750338595414402, 0.0 ], [ -46.7698087124813, -23.7503677450396, 0.0 ], [ -46.7697653226857, -23.750395235202699, 0.0 ], [ -46.769727648317399, -23.750420673777001, 0.0 ], [ -46.769707492081601, -23.7504315574575, 0.0 ], [ -46.7696594817562, -23.750470295035001, 0.0 ], [ -46.769635877919399, -23.750489433526798, 0.0 ], [ -46.769619887523397, -23.750509297340091, 0.0 ], [ -46.769596961190203, -23.7505306850301, 0.0 ], [ -46.769569491079103, -23.750551041404901, 0.0 ], [ -46.769543221921097, -23.750570481238899, 0.0 ], [ -46.769519913135213, -23.750593498310199, 0.0 ], [ -46.769495050225203, -23.750621227654001, 0.0 ], [ -46.76947322246329, -23.7506520819881, 0.0 ], [ -46.769442581490203, -23.750683217787198, 0.0 ], [ -46.769407453686398, -23.750723523079699, 0.0 ], [ -46.769378741170691, -23.750759692381699, 0.0 ], [ -46.769353308024797, -23.750793115777999, 0.0 ], [ -46.769328186178797, -23.750825632821702, 0.0 ], [ -46.769299948751602, -23.750867032822899, 0.0 ], [ -46.769284487058997, -23.750896098956702, 0.0 ], [ -46.7692646059878, -23.750933340749, 0.0 ], [ -46.769239879566598, -23.750971179683098, 0.0 ], [ -46.769214065593196, -23.7510183297479, 0.0 ], [ -46.769189380610889, -23.751059237668802, 0.0 ], [ -46.769169426311301, -23.751091063580301, 0.0 ], [ -46.769139779709398, -23.7511299518914, 0.0 ], [ -46.769115652674493, -23.751164263085698, 0.0 ], [ -46.769092593661298, -23.751187818910999, 0.0 ], [ -46.769059918720913, -23.751212116762499, 0.0 ], [ -46.769012917034203, -23.751241724484998, 0.0 ], [ -46.768964309964304, -23.7512722533559, 0.0 ], [ -46.768919224520197, -23.7513059919266, 0.0 ], [ -46.76887337500019, -23.751349037915201, 0.0 ], [ -46.768824421208301, -23.751395820841399, 0.0 ], [ -46.768780333471199, -23.751443541120501, 0.0 ], [ -46.76873325077861, -23.751491115110401, 0.0 ], [ -46.768693163381393, -23.7515295811748, 0.0 ], [ -46.768651285670487, -23.751567255213601, 0.0 ], [ -46.768602453642792, -23.7516050991116, 0.0 ], [ -46.768568732780302, -23.751635818610701, 0.0 ], [ -46.768525325228502, -23.751662044758, 0.0 ], [ -46.768483371835302, -23.7516941223545, 0.0 ], [ -46.768426178371008, -23.751735763308002, 0.0 ], [ -46.768358910454197, -23.7517801376036, 0.0 ], [ -46.768293968034499, -23.751828999186401, 0.0 ], [ -46.768245619054909, -23.751860698514399, 0.0 ], [ -46.768190484812308, -23.751893107416699, 0.0 ], [ -46.768146840555687, -23.751919787565399, 0.0 ], [ -46.768092166725602, -23.751956343977891, 0.0 ], [ -46.768044897100999, -23.7519901073032, 0.0 ], [ -46.767998921504898, -23.752023855809899, 0.0 ], [ -46.767944672267198, -23.752067900432198, 0.0 ], [ -46.767900361719299, -23.7521051507244, 0.0 ], [ -46.767856681984803, -23.752129213125599, 0.0 ], [ -46.767815443991203, -23.752160379584399, 0.0 ], [ -46.767772138040797, -23.752200146148301, 0.0 ], [ -46.767734096810898, -23.752252401189399, 0.0 ], [ -46.767713786670598, -23.752299849187299, 0.0 ], [ -46.767695833406698, -23.752342124346999, 0.0 ], [ -46.767695333728298, -23.752371019187301, 0.0 ], [ -46.767703787529697, -23.7524100130783, 0.0 ], [ -46.767712584683707, -23.752462454539, 0.0 ], [ -46.7677390747697, -23.752513249143998, 0.0 ], [ -46.767763323430898, -23.7525657846762, 0.0 ], [ -46.767796279077999, -23.752598178767101, 0.0 ], [ -46.767841613623197, -23.7526367507282, 0.0 ], [ -46.767881123792002, -23.752657333607701, 0.0 ], [ -46.767918416904202, -23.752681462702999, 0.0 ], [ -46.767966402732213, -23.7526947263107, 0.0 ], [ -46.7680622079004, -23.752684963428798, 0.0 ], [ -46.768110294601406, -23.752675746491299, 0.0 ], [ -46.768162276507091, -23.752655470992401, 0.0 ], [ -46.768205191028002, -23.752640625662799, 0.0 ], [ -46.768251255348801, -23.752619424784299, 0.0 ], [ -46.768302630825303, -23.752596176989201, 0.0 ], [ -46.768342592639101, -23.752572337562501, 0.0 ], [ -46.7683908556929, -23.7525282710256, 0.0 ], [ -46.768421796462398, -23.752495326408699, 0.0 ], [ -46.768448060889398, -23.752463518644898, 0.0 ], [ -46.768473743303801, -23.752430543917399, 0.0 ], [ -46.768534174617699, -23.752371081018101, 0.0 ], [ -46.768570528481803, -23.7523316646508, 0.0 ], [ -46.768594029560113, -23.7522988954276, 0.0 ], [ -46.768617861456903, -23.752266664085901, 0.0 ], [ -46.768649362979403, -23.752239310276099, 0.0 ], [ -46.7686851595804, -23.752212539250301, 0.0 ], [ -46.768722579831497, -23.7521862010252, 0.0 ], [ -46.7687557769232, -23.752164605611, 0.0 ], [ -46.768801777175113, -23.7521446692114, 0.0 ], [ -46.76887047091229, -23.752127993894401, 0.0 ], [ -46.768942396548503, -23.752123017753199, 0.0 ], [ -46.769002452188701, -23.752125580296902, 0.0 ], [ -46.769040191503301, -23.752128849685, 0.0 ], [ -46.769106560154803, -23.752137659410302, 0.0 ], [ -46.769149677316499, -23.752149804772401, 0.0 ], [ -46.769202646257114, -23.752172670746202, 0.0 ], [ -46.769255443700303, -23.752194816436599, 0.0 ], [ -46.769297969233008, -23.7522230380956, 0.0 ], [ -46.769341336984503, -23.752265694652401, 0.0 ], [ -46.7693685660388, -23.7523052859604, 0.0 ], [ -46.769388094210598, -23.752349659919101, 0.0 ], [ -46.769401117227503, -23.75240349732, 0.0 ], [ -46.769407994707798, -23.752457495366102, 0.0 ], [ -46.769429511216401, -23.752511325787601, 0.0 ], [ -46.7694469473455, -23.7525804599866, 0.0 ], [ -46.769459973712998, -23.752640526553702, 0.0 ], [ -46.769470987524798, -23.752707296769501, 0.0 ], [ -46.769487414984113, -23.752779602255899, 0.0 ], [ -46.769505272162696, -23.752837988486199, 0.0 ], [ -46.769525914474897, -23.7528809954838, 0.0 ], [ -46.769553270248402, -23.752935932632301, 0.0 ], [ -46.7695792465815, -23.752984566080201, 0.0 ], [ -46.769594147254203, -23.753015722062301, 0.0 ], [ -46.769755736165699, -23.7534082979898, 0.0 ], [ -46.769869373074201, -23.753568685138202, 0.0 ], [ -46.769958310187207, -23.753643229491999, 0.0 ], [ -46.770021557191299, -23.753696310965999, 0.0 ], [ -46.770056818894098, -23.7537256989261, 0.0 ], [ -46.770057310271902, -23.753726144689502, 0.0 ], [ -46.770357081440999, -23.753916538260999, 0.0 ], [ -46.770568843481414, -23.754005293137599, 0.0 ], [ -46.770754777382798, -23.754014537592099, 0.0 ], [ -46.771019912876703, -23.753976561271301, 0.0 ], [ -46.771100971701202, -23.753964979357502, 0.0 ], [ -46.771264752464603, -23.753963102037499, 0.0 ], [ -46.771274296232001, -23.7539629926377, 0.0 ], [ -46.771289904456701, -23.753968681814602, 0.0 ], [ -46.771454613732899, -23.7540294468395, 0.0 ], [ -46.770994016643499, -23.754131234115999, 0.0 ], [ -46.771052520322002, -23.7541385983567, 0.0 ], [ -46.771189513306403, -23.7541836117786, 0.0 ], [ -46.7713014972257, -23.754233606237101, 0.0 ], [ -46.771477507579696, -23.7542746512656, 0.0 ], [ -46.771649498997803, -23.754305630990601, 0.0 ], [ -46.771798491829998, -23.7543526729478, 0.0 ], [ -46.771870488810009, -23.754424611729199, 0.0 ], [ -46.771935448847408, -23.754478665776801, 0.0 ], [ -46.771982477354101, -23.754552606110099, 0.0 ], [ -46.772040575180391, -23.7546016832144, 0.0 ], [ -46.772113527016202, -23.754612673034998, 0.0 ], [ -46.772160536657509, -23.754577647563501, 0.0 ], [ -46.7721915696793, -23.754521680185501, 0.0 ], [ -46.772213554393197, -23.754454622065499, 0.0 ], [ -46.772268538961796, -23.754297629337199, 0.0 ], [ -46.772325564210497, -23.754225655383799, 0.0 ], [ -46.772403529052099, -23.7542066151697, 0.0 ], [ -46.772476576228499, -23.7542186870748, 0.0 ], [ -46.772581548170301, -23.754246642820998, 0.0 ], [ -46.772722599331601, -23.754286642988699, 0.0 ], [ -46.772893583351703, -23.7543626817512, 0.0 ], [ -46.773053563818102, -23.754414651988501, 0.0 ], [ -46.77317759764211, -23.754410610619502, 0.0 ], [ -46.7732986009513, -23.754445604158509, 0.0 ], [ -46.773406528191991, -23.754500608900202, 0.0 ], [ -46.773491599929201, -23.754504597815298, 0.0 ], [ -46.7736425692651, -23.754452670252, 0.0 ], [ -46.773812544577709, -23.754376600619999, 0.0 ], [ -46.774031678829097, -23.754334633285701, 0.0 ], [ -46.774189659998001, -23.754322617980201, 0.0 ], [ -46.774396611556988, -23.754348679278401, 0.0 ], [ -46.774605616731009, -23.754448654607302, 0.0 ], [ -46.774708679848892, -23.754544610325901, 0.0 ], [ -46.775056604958898, -23.754640642155699, 0.0 ], [ -46.775185630753597, -23.7546706669938, 0.0 ], [ -46.775214672484687, -23.754527603443801, 0.0 ], [ -46.775294669821399, -23.754121605887999, 0.0 ], [ -46.775348682040097, -23.7539886374243, 0.0 ], [ -46.775440664581701, -23.753762607197, 0.0 ], [ -46.775556618658101, -23.753550565441401, 0.0 ], [ -46.775644752716907, -23.753416572860001, 0.0 ], [ -46.775707900498688, -23.753336944030298, 0.0 ], [ -46.775712189523801, -23.753337075299498, 0.0 ], [ -46.775736690903798, -23.753336432626899, 0.0 ], [ -46.775761091815198, -23.753334346653201, 0.0 ], [ -46.775785230499899, -23.753330819237402, 0.0 ], [ -46.775809189059999, -23.753325939714401, 0.0 ], [ -46.775832723634302, -23.7533196206086, 0.0 ], [ -46.775855754567509, -23.753311953113801, 0.0 ], [ -46.775878202204808, -23.753303028424099, 0.0 ], [ -46.775900065321302, -23.7532927562754, 0.0 ], [ -46.775921102504498, -23.753281229721001, 0.0 ], [ -46.776597218001697, -23.7528956434431, 0.0 ], [ -46.776619061426402, -23.752877968611099, 0.0 ], [ -46.776639675744399, -23.752859134290901, 0.0 ], [ -46.7766589800774, -23.752839141412998, 0.0 ], [ -46.77667697565029, -23.752818080241902, 0.0 ], [ -46.7766934222781, -23.752796134096101, 0.0 ], [ -46.776708480493198, -23.752773210852109, 0.0 ], [ -46.776721910110702, -23.752749493828201, 0.0 ], [ -46.776733712356297, -23.752725073289, 0.0 ], [ -46.776743888455599, -23.752700039499, 0.0 ], [ -46.776752358756298, -23.752674483652399, 0.0 ], [ -46.776759124484087, -23.752648496013599, 0.0 ], [ -46.776764186865101, -23.752622166846901, 0.0 ], [ -46.77676738659359, -23.752595678540601, 0.0 ], [ -46.776768884202298, -23.752568938970601, 0.0 ], [ -46.776768521610691, -23.752542220789302, 0.0 ], [ -46.776766460576397, -23.752515522136601, 0.0 ], [ -46.776762622672109, -23.752489024470702, 0.0 ], [ -46.776712976332199, -23.7521567395167, 0.0 ], [ -46.776710316238997, -23.7521037767876, 0.0 ], [ -46.7767111326771, -23.752050683808498, 0.0 ], [ -46.776715348438898, -23.751997732301799, 0.0 ], [ -46.776723046848197, -23.7519451018658, 0.0 ], [ -46.776734069819497, -23.751893065152601, 0.0 ], [ -46.776748498226901, -23.751841621231598, 0.0 ], [ -46.776766175210597, -23.751791133018699, 0.0 ], [ -46.777208489311498, -23.7509154939927, 0.0 ], [ -46.777257753962601, -23.750647523358101, 0.0 ], [ -46.777148826408997, -23.750161093094398, 0.0 ], [ -46.777148929791402, -23.749691915964899, 0.0 ], [ -46.776756719219499, -23.748143459230999, 0.0 ], [ -46.776185411977508, -23.745973055487799, 0.0 ], [ -46.776200038126198, -23.745960067886799, 0.0 ], [ -46.777170089714602, -23.745123773645599, 0.0 ], [ -46.778098921845313, -23.744672081964001, 0.0 ], [ -46.778767294169697, -23.744387056988199, 0.0 ], [ -46.779328115092, -23.744145878685199, 0.0 ], [ -46.779682118055113, -23.744042226298909, 0.0 ], [ -46.780330252956503, -23.743970755210299, 0.0 ], [ -46.78078266524011, -23.743966265900401, 0.0 ], [ -46.780922428570797, -23.744316740467401, 0.0 ], [ -46.780891096612798, -23.744493053602401, 0.0 ], [ -46.780573942544002, -23.745159349199309, 0.0 ], [ -46.780597286644714, -23.746049403457, 0.0 ], [ -46.781174084071893, -23.746280911116202, 0.0 ], [ -46.781592775374101, -23.746472711165701, 0.0 ], [ -46.781846085750203, -23.746904660658, 0.0 ], [ -46.782437370253987, -23.747374059554001, 0.0 ], [ -46.782759403240092, -23.7478983816466, 0.0 ], [ -46.783175821694513, -23.7487424620683, 0.0 ], [ -46.784911092646091, -23.7481530472561, 0.0 ], [ -46.784523170088598, -23.746925503014001, 0.0 ], [ -46.784515137091198, -23.746888040111301, 0.0 ], [ -46.785465923383597, -23.746600176694901, 0.0 ], [ -46.786749786276708, -23.746115894614899, 0.0 ], [ -46.7865138976289, -23.745254390488601, 0.0 ], [ -46.786380521742409, -23.745106522017, 0.0 ], [ -46.788127262504787, -23.744005155734801, 0.0 ], [ -46.788629675361598, -23.744013606676599, 0.0 ], [ -46.790334319796202, -23.7431902181408, 0.0 ], [ -46.790448338834601, -23.743170390517299, 0.0 ], [ -46.790457337000909, -23.7430594250851, 0.0 ], [ -46.790436353953197, -23.742950431929401, 0.0 ], [ -46.790365350139098, -23.742732420821, 0.0 ], [ -46.790311386274503, -23.7425834554281, 0.0 ], [ -46.790206338661903, -23.7424074566073, 0.0 ], [ -46.790106350715199, -23.742258392188099, 0.0 ], [ -46.790023331779707, -23.742155443741201, 0.0 ], [ -46.7899312682719, -23.742059461092399, 0.0 ], [ -46.789810260943597, -23.741887438420001, 0.0 ], [ -46.789681284374502, -23.7417004314911, 0.0 ], [ -46.789664264846401, -23.741520343578198, 0.0 ], [ -46.789718308155493, -23.741444335838899, 0.0 ], [ -46.789919279189199, -23.741383328271201, 0.0 ], [ -46.790182411975799, -23.741260392176599, 0.0 ], [ -46.790386369454787, -23.741169377183301, 0.0 ], [ -46.790892386190002, -23.7410813627883, 0.0 ], [ -46.791230344817002, -23.740947356685201, 0.0 ], [ -46.790752977719897, -23.7401076157023, 0.0 ], [ -46.792883690099004, -23.739429307436801, 0.0 ], [ -46.792931328891093, -23.739334685456502, 0.0 ], [ -46.793100346071, -23.7394863779502, 0.0 ], [ -46.793346091555101, -23.739913610757299, 0.0 ], [ -46.793514489125101, -23.739931337683899, 0.0 ], [ -46.793936516747287, -23.739847357478698, 0.0 ], [ -46.794303557516997, -23.739705333837499, 0.0 ], [ -46.794662558709703, -23.739478361051599, 0.0 ], [ -46.794946514076003, -23.739317349103999, 0.0 ], [ -46.7952345534679, -23.7391534003511, 0.0 ], [ -46.795451572241397, -23.739030359257299, 0.0 ], [ -46.7955685980127, -23.738923375129598, 0.0 ], [ -46.795673655322702, -23.738828356322099, 0.0 ], [ -46.795723644919597, -23.738728379891, 0.0 ], [ -46.795773646027001, -23.7386233477601, 0.0 ], [ -46.795785651799093, -23.7385433125161, 0.0 ], [ -46.795781637442197, -23.738439268931401, 0.0 ], [ -46.795522610556397, -23.736978333720302, 0.0 ], [ -46.795484595427098, -23.7369133238453, 0.0 ], [ -46.795564637488191, -23.7367813109664, 0.0 ], [ -46.795572625258004, -23.736632350187399, 0.0 ], [ -46.7955596072619, -23.7365322930732, 0.0 ], [ -46.795522581714202, -23.736368327287199, 0.0 ], [ -46.795484609335801, -23.736253303024998, 0.0 ], [ -46.795484599201998, -23.736146323999598, 0.0 ], [ -46.795455651532201, -23.735940285211399, 0.0 ], [ -46.795488592273998, -23.735794374917798, 0.0 ], [ -46.795543603789199, -23.735612368031699, 0.0 ], [ -46.795659635479097, -23.7354212566173, 0.0 ], [ -46.795756652666803, -23.735253206248402, 0.0 ], [ -46.795864632764491, -23.7350352854465, 0.0 ], [ -46.796010606264801, -23.734798235754599, 0.0 ], [ -46.795961600212209, -23.734633506432399, 0.0 ], [ -46.7949277249161, -23.734686949697799, 0.0 ], [ -46.794320295286298, -23.734673236292402, 0.0 ], [ -46.793660172422904, -23.734101131410299, 0.0 ], [ -46.793181965418299, -23.7336719000035, 0.0 ], [ -46.792592598164099, -23.7316909050909, 0.0 ], [ -46.792331642907698, -23.730700060498702, 0.0 ], [ -46.792189037871509, -23.730142712396901, 0.0 ], [ -46.791683275870703, -23.7293410368781, 0.0 ], [ -46.791022343676502, -23.728706816614899, 0.0 ], [ -46.790430634695603, -23.728196014293399, 0.0 ], [ -46.789376173054798, -23.726738040652599, 0.0 ], [ -46.788957252144897, -23.725707578032299, 0.0 ], [ -46.788457742015503, -23.725361360768598, 0.0 ], [ -46.788564771851199, -23.724966691080699, 0.0 ], [ -46.789573223338209, -23.7230500679172, 0.0 ], [ -46.789922533779098, -23.722566017387599, 0.0 ], [ -46.786926700695702, -23.721948125901001, 0.0 ], [ -46.785404292636301, -23.721407786540698, 0.0 ], [ -46.786114938092091, -23.719818810360799, 0.0 ], [ -46.785669602847413, -23.7186383273303, 0.0 ], [ -46.786775032041398, -23.718230415341601, 0.0 ], [ -46.786075573053807, -23.717854900309199, 0.0 ], [ -46.784094886662402, -23.717959096500099, 0.0 ], [ -46.783054362731903, -23.718787390066399, 0.0 ], [ -46.782364996587702, -23.718862411233701, 0.0 ], [ -46.781540845560308, -23.719058420015301, 0.0 ], [ -46.780327847384797, -23.7194554363641, 0.0 ], [ -46.779766289469102, -23.719938478260801, 0.0 ], [ -46.779464734173203, -23.720046580247899, 0.0 ], [ -46.779197789073301, -23.719910170598801, 0.0 ], [ -46.777570678507601, -23.718413280667701, 0.0 ], [ -46.776877041407701, -23.718477673606699, 0.0 ], [ -46.775087256524991, -23.718879919201498, 0.0 ], [ -46.776452923924303, -23.7203374983476, 0.0 ], [ -46.774371935204996, -23.720772601977998, 0.0 ], [ -46.774387787663102, -23.723420020972402, 0.0 ], [ -46.774179025245601, -23.724224631386999, 0.0 ], [ -46.773931312754101, -23.724344383467201, 0.0 ], [ -46.773548133235309, -23.723860099651809, 0.0 ], [ -46.773209231721097, -23.723061679120001, 0.0 ], [ -46.772898211044797, -23.722805693287601, 0.0 ], [ -46.772430588038802, -23.7215839847666, 0.0 ], [ -46.770124644908599, -23.723922970866099, 0.0 ], [ -46.770163915306703, -23.725310015152999, 0.0 ], [ -46.770615070997401, -23.725582367600499, 0.0 ], [ -46.770610831893798, -23.727735382297201, 0.0 ], [ -46.770042962273301, -23.728025809345301, 0.0 ], [ -46.76976028020249, -23.7285513970895, 0.0 ], [ -46.769333139274607, -23.7300407373701, 0.0 ], [ -46.767902188665502, -23.730173382238998, 0.0 ], [ -46.768897904513501, -23.731320542135499, 0.0 ], [ -46.768985970722888, -23.731691302343101, 0.0 ], [ -46.769528257593798, -23.732146421611901, 0.0 ], [ -46.770042699031798, -23.732282180838599, 0.0 ], [ -46.770657650942397, -23.733020841640499, 0.0 ], [ -46.770794743979899, -23.733302385414198, 0.0 ], [ -46.771756200388097, -23.733886036500198, 0.0 ], [ -46.771781763712987, -23.734263288560101, 0.0 ], [ -46.773045024037003, -23.7344187117993, 0.0 ], [ -46.773361490973201, -23.734315956642501, 0.0 ], [ -46.7742144678136, -23.733702117843201, 0.0 ], [ -46.775633114124901, -23.733978425364199, 0.0 ], [ -46.776458349341198, -23.735101669474599, 0.0 ], [ -46.77512090527209, -23.735948675489698, 0.0 ], [ -46.774346447374697, -23.7371353381277, 0.0 ], [ -46.774207894049397, -23.739195637928301, 0.0 ], [ -46.771863504793302, -23.739548250594801, 0.0 ], [ -46.771863754729701, -23.739548789401201, 0.0 ], [ -46.771799502702507, -23.7395584633874, 0.0 ], [ -46.772422032306899, -23.740973303663399, 0.0 ], [ -46.772301145761503, -23.7412688169488, 0.0 ], [ -46.772235144817593, -23.741430269329001, 0.0 ], [ -46.7721520750802, -23.741747015792999, 0.0 ] ] ] ] } },
{ "type": "Feature", "properties": { "Name": "Lote 04", "Codigo": "4" }, "geometry": { "type": "MultiPolygon", "coordinates": [ [ [ [ -46.755947092381909, -23.7989936310722, 0.0 ], [ -46.755724645353801, -23.798506131125599, 0.0 ], [ -46.755704197835712, -23.798056416126698, 0.0 ], [ -46.755621043635507, -23.797197640734201, 0.0 ], [ -46.755212076647318, -23.7967518036535, 0.0 ], [ -46.754733039456511, -23.796426651945499, 0.0 ], [ -46.754324947549406, -23.796033524900299, 0.0 ], [ -46.753760974686315, -23.795788509724908, 0.0 ], [ -46.752938142311407, -23.795573336063899, 0.0 ], [ -46.752687637013516, -23.794838695920198, 0.0 ], [ -46.752792922833102, -23.793144506207799, 0.0 ], [ -46.750355016180812, -23.793551797176001, 0.0 ], [ -46.74841070694481, -23.792376018923498, 0.0 ], [ -46.747859744417312, -23.792139861256498, 0.0 ], [ -46.747268092723509, -23.791571575194098, 0.0 ], [ -46.74687292828461, -23.790726254160198, 0.0 ], [ -46.746831701379911, -23.789155237677498, 0.0 ], [ -46.746850303780406, -23.788973025064898, 0.0 ], [ -46.746875974423311, -23.788720314979798, 0.0 ], [ -46.742372979197611, -23.7884989307036, 0.0 ], [ -46.742322511158612, -23.788415631233708, 0.0 ], [ -46.742192716084709, -23.788354262129499, 0.0 ], [ -46.741935185509412, -23.788392106633498, 0.0 ], [ -46.741534709116401, -23.788529335753108, 0.0 ], [ -46.741247397637309, -23.788609404597398, 0.0 ], [ -46.74100220281241, -23.7887168940882, 0.0 ], [ -46.74088893133181, -23.7887600611447, 0.0 ], [ -46.740756043038708, -23.7887580390158, 0.0 ], [ -46.740619945340207, -23.788794511825298, 0.0 ], [ -46.740499441466312, -23.788865746659699, 0.0 ], [ -46.740360982291712, -23.789010490425099, 0.0 ], [ -46.74019510345191, -23.789089188135598, 0.0 ], [ -46.740131426632509, -23.789156261122098, 0.0 ], [ -46.740056050854307, -23.789195479474198, 0.0 ], [ -46.739926860346209, -23.789179511992398, 0.0 ], [ -46.739831263594105, -23.7891281374689, 0.0 ], [ -46.739433403426112, -23.788884715356399, 0.0 ], [ -46.739314842889719, -23.788816265696699, 0.0 ], [ -46.739276156178811, -23.788760818896598, 0.0 ], [ -46.739274437291812, -23.788631648929901, 0.0 ], [ -46.739238715860196, -23.7885132441954, 0.0 ], [ -46.739142179846112, -23.7883851425809, 0.0 ], [ -46.739034330526209, -23.788264210124698, 0.0 ], [ -46.738819826871207, -23.788118207876, 0.0 ], [ -46.738529774426809, -23.78799228568549, 0.0 ], [ -46.738205720017199, -23.787877127917699, 0.0 ], [ -46.737866876672307, -23.7877937336367, 0.0 ], [ -46.737637826006917, -23.787691498234597, 0.0 ], [ -46.737502897639708, -23.787535931413398, 0.0 ], [ -46.73742050568201, -23.787327320951999, 0.0 ], [ -46.737752947100212, -23.787215334056899, 0.0 ], [ -46.738503715391907, -23.7868908130684, 0.0 ], [ -46.739216201379996, -23.7865353930782, 0.0 ], [ -46.739512733103609, -23.786291096891699, 0.0 ], [ -46.739860521520306, -23.785909991353201, 0.0 ], [ -46.740014281220311, -23.785772117413998, 0.0 ], [ -46.740136354793911, -23.785533307415108, 0.0 ], [ -46.740283391194801, -23.785461773856799, 0.0 ], [ -46.740525940653022, -23.785441615400799, 0.0 ], [ -46.740776081764508, -23.785414329191799, 0.0 ], [ -46.741109026010108, -23.785340698317498, 0.0 ], [ -46.741400552496209, -23.7852920898668, 0.0 ], [ -46.7416043679411, -23.785212963085499, 0.0 ], [ -46.741838228638407, -23.785105510536098, 0.0 ], [ -46.742012125855908, -23.785058228195098, 0.0 ], [ -46.742288474878421, -23.785006178220598, 0.0 ], [ -46.742423870314106, -23.784917350237198, 0.0 ], [ -46.742551370095406, -23.7848007150602, 0.0 ], [ -46.742710661540507, -23.784798916883901, 0.0 ], [ -46.742995731092918, -23.784830546125999, 0.0 ], [ -46.743162115556999, -23.784790298830099, 0.0 ], [ -46.743342684632012, -23.784673063766601, 0.0 ], [ -46.7435182270033, -23.784458022878098, 0.0 ], [ -46.743675608447511, -23.7843130628615, 0.0 ], [ -46.743886966573811, -23.784223375634699, 0.0 ], [ -46.744223709080508, -23.7841497856198, 0.0 ], [ -46.744443475438509, -23.7841263576782, 0.0 ], [ -46.74465869376801, -23.784047098166198, 0.0 ], [ -46.744869316823802, -23.783908486769597, 0.0 ], [ -46.744987223519011, -23.783928098761297, 0.0 ], [ -46.745243832766512, -23.784106839129798, 0.0 ], [ -46.745427287682006, -23.784205967667198, 0.0 ], [ -46.745551421953508, -23.7844071499498, 0.0 ], [ -46.745658247811107, -23.784451261998399, 0.0 ], [ -46.745744746226102, -23.784390970607799, 0.0 ], [ -46.745719554414912, -23.784213135226398, 0.0 ], [ -46.745693838504607, -23.783989985751997, 0.0 ], [ -46.745785202314302, -23.783730574357097, 0.0 ], [ -46.745855137529311, -23.783569087026198, 0.0 ], [ -46.745799131615208, -23.783349800980698, 0.0 ], [ -46.74575862517721, -23.7831581455326, 0.0 ], [ -46.745781966915295, -23.7829187327469, 0.0 ], [ -46.745786960591211, -23.782723132155798, 0.0 ], [ -46.745416843969309, -23.781714658355099, 0.0 ], [ -46.745406535547509, -23.781512188964697, 0.0 ], [ -46.74561492319291, -23.780636835616399, 0.0 ], [ -46.745726228820196, -23.780447074685497, 0.0 ], [ -46.745824468444212, -23.780417977379699, 0.0 ], [ -46.745984675291908, -23.7804790901362, 0.0 ], [ -46.746348356331112, -23.781005726657298, 0.0 ], [ -46.747687026376106, -23.7812315330122, 0.0 ], [ -46.747172416318399, -23.7807694421249, 0.0 ], [ -46.746695656399012, -23.780299879361699, 0.0 ], [ -46.74657022017481, -23.780001030744998, 0.0 ], [ -46.74646526444571, -23.7795272606072, 0.0 ], [ -46.746285468175707, -23.7791382059463, 0.0 ], [ -46.746046481448822, -23.778854634232598, 0.0 ], [ -46.74573153352911, -23.7785718306814, 0.0 ], [ -46.745388301739709, -23.778443000948698, 0.0 ], [ -46.744666590707808, -23.778381371952101, 0.0 ], [ -46.744202774078708, -23.7783167361892, 0.0 ], [ -46.743973922822512, -23.7782285005345, 0.0 ], [ -46.743735420262212, -23.77798680889369, 0.0 ], [ -46.74262995906841, -23.7770320392892, 0.0 ], [ -46.742342380569909, -23.7765253882894, 0.0 ], [ -46.742042097550708, -23.7762006117824, 0.0 ], [ -46.741726873956907, -23.7758899061152, 0.0 ], [ -46.741371120960416, -23.775391063673798, 0.0 ], [ -46.741053309856106, -23.7748917924716, 0.0 ], [ -46.740618605877607, -23.7741564038928, 0.0 ], [ -46.740319446140411, -23.773915299624498, 0.0 ], [ -46.739591457703611, -23.7733857991463, 0.0 ], [ -46.739294901467311, -23.773340208167198, 0.0 ], [ -46.738273421816608, -23.7735612477139, 0.0 ], [ -46.738015361971009, -23.773557200797299, 0.0 ], [ -46.7377936170464, -23.773430506661899, 0.0 ], [ -46.737007392749419, -23.772517419944197, 0.0 ], [ -46.73661742520521, -23.772291322599699, 0.0 ], [ -46.736101402492309, -23.772290172968297, 0.0 ], [ -46.735736311156408, -23.772231442385898, 0.0 ], [ -46.735296635818408, -23.771691637742599, 0.0 ], [ -46.734944160898806, -23.7714372182785, 0.0 ], [ -46.734412643409009, -23.7714082502896, 0.0 ], [ -46.733895789746008, -23.771344177690001, 0.0 ], [ -46.73222541884811, -23.7707064098025, 0.0 ], [ -46.731813763177996, -23.7705644125245, 0.0 ], [ -46.731548011732208, -23.7705533989438, 0.0 ], [ -46.731485748023708, -23.771008112631499, 0.0 ], [ -46.731542381882711, -23.771845542222799, 0.0 ], [ -46.73147937702921, -23.7722442908963, 0.0 ], [ -46.731155309893808, -23.772412052061497, 0.0 ], [ -46.7305327144716, -23.772391043307, 0.0 ], [ -46.73022928663211, -23.7723944431383, 0.0 ], [ -46.729991065083212, -23.772746313163598, 0.0 ], [ -46.729935937317812, -23.7731660082929, 0.0 ], [ -46.730087201145722, -23.773702108842897, 0.0 ], [ -46.730083106311206, -23.7739674862163, 0.0 ], [ -46.729836434620907, -23.774249574413197, 0.0 ], [ -46.729666945380501, -23.774635612288598, 0.0 ], [ -46.729457071595206, -23.775406241671497, 0.0 ], [ -46.729107966921511, -23.775975842711897, 0.0 ], [ -46.728797306116107, -23.776014169008398, 0.0 ], [ -46.728447957163709, -23.775990183464501, 0.0 ], [ -46.728307024140008, -23.7759600728116, 0.0 ], [ -46.728233768017411, -23.775896162278798, 0.0 ], [ -46.728522287771419, -23.775296726739999, 0.0 ], [ -46.728939365250412, -23.774385199519198, 0.0 ], [ -46.72848247906731, -23.774090495761499, 0.0 ], [ -46.728500499550911, -23.773048106699598, 0.0 ], [ -46.727659303684412, -23.773137958862797, 0.0 ], [ -46.727241953169006, -23.771621415700999, 0.0 ], [ -46.726733972842602, -23.770464294239098, 0.0 ], [ -46.726455576480411, -23.769838428099398, 0.0 ], [ -46.726332564476607, -23.769547296959999, 0.0 ], [ -46.726102202663512, -23.769557184310898, 0.0 ], [ -46.726101623836207, -23.7695133148503, 0.0 ], [ -46.726107396969709, -23.768141992001699, 0.0 ], [ -46.726057259083909, -23.767959645623797, 0.0 ], [ -46.725900820640909, -23.767544572319, 0.0 ], [ -46.725760718620812, -23.7671657892738, 0.0 ], [ -46.725638482514306, -23.7669331498976, 0.0 ], [ -46.725564469177307, -23.766743847637098, 0.0 ], [ -46.725513450539211, -23.7664884745205, 0.0 ], [ -46.725422826429806, -23.766248078824098, 0.0 ], [ -46.725350163643419, -23.7661611385642, 0.0 ], [ -46.724467060081906, -23.766075935629999, 0.0 ], [ -46.724043929444306, -23.7659270930228, 0.0 ], [ -46.723352927167312, -23.765949429343198, 0.0 ], [ -46.7232110712213, -23.7660387639378, 0.0 ], [ -46.722935382818406, -23.766040394799401, 0.0 ], [ -46.722785372200711, -23.765811493279898, 0.0 ], [ -46.722663991029407, -23.7656555795343, 0.0 ], [ -46.723090695216811, -23.764791988141798, 0.0 ], [ -46.723159630815907, -23.764417912035498, 0.0 ], [ -46.723410438719107, -23.7638480664016, 0.0 ], [ -46.723283560912712, -23.763821404834999, 0.0 ], [ -46.722984360245512, -23.7638310619277, 0.0 ], [ -46.722856224997209, -23.763622861237899, 0.0 ], [ -46.722710374551106, -23.763513082467799, 0.0 ], [ -46.722639737828807, -23.7632172105391, 0.0 ], [ -46.722712955881008, -23.762885698885999, 0.0 ], [ -46.72271249793441, -23.762709567964198, 0.0 ], [ -46.722530144092708, -23.7624200876636, 0.0 ], [ -46.722316390781707, -23.762252654462799, 0.0 ], [ -46.722299857771311, -23.7621151619527, 0.0 ], [ -46.7223389269964, -23.7619119577395, 0.0 ], [ -46.722313551211812, -23.761846336327, 0.0 ], [ -46.722286081025501, -23.761627713833597, 0.0 ], [ -46.722195309967901, -23.761436880974099, 0.0 ], [ -46.722183710104517, -23.761299243153999, 0.0 ], [ -46.722137081656008, -23.761112432139701, 0.0 ], [ -46.722164593932007, -23.7609654205997, 0.0 ], [ -46.722302572967109, -23.7606432984809, 0.0 ], [ -46.720984717633911, -23.760148444543098, 0.0 ], [ -46.720451415553107, -23.7598201678789, 0.0 ], [ -46.71896542086531, -23.758600775056998, 0.0 ], [ -46.717955660210606, -23.757946461531599, 0.0 ], [ -46.716451313870522, -23.7571440695781, 0.0 ], [ -46.71617373265601, -23.756580374250799, 0.0 ], [ -46.71599442276991, -23.756231266231399, 0.0 ], [ -46.71601024603131, -23.755624046707197, 0.0 ], [ -46.716227305718412, -23.7552121251633, 0.0 ], [ -46.716759977460612, -23.7546248037523, 0.0 ], [ -46.717469986185016, -23.7542365636161, 0.0 ], [ -46.718615762186708, -23.753755812461499, 0.0 ], [ -46.719013381098506, -23.7534807299735, 0.0 ], [ -46.719439809023406, -23.752978722973999, 0.0 ], [ -46.719823109527809, -23.752519175135198, 0.0 ], [ -46.720208184814211, -23.751893220525599, 0.0 ], [ -46.720478445026608, -23.7515977044804, 0.0 ], [ -46.720412903216008, -23.751448478967699, 0.0 ], [ -46.720301069383218, -23.751402236624099, 0.0 ], [ -46.719654440690306, -23.751471546222998, 0.0 ], [ -46.719420386944407, -23.7514997900978, 0.0 ], [ -46.719297238868812, -23.751497458746901, 0.0 ], [ -46.719197246106006, -23.751447382364699, 0.0 ], [ -46.71912418845281, -23.751329386479799, 0.0 ], [ -46.71898804191531, -23.7509469396288, 0.0 ], [ -46.718775871638108, -23.750214238717898, 0.0 ], [ -46.718702550903522, -23.7500761130222, 0.0 ], [ -46.71860607132421, -23.7496896133121, 0.0 ], [ -46.718527155575806, -23.749427143677899, 0.0 ], [ -46.718440986906607, -23.7492160337539, 0.0 ], [ -46.718392986143108, -23.748893003394098, 0.0 ], [ -46.71824186561151, -23.747973103635697, 0.0 ], [ -46.71820905882911, -23.747889417516898, 0.0 ], [ -46.718092752645006, -23.747810270829898, 0.0 ], [ -46.718004061683608, -23.747708879001099, 0.0 ], [ -46.717966826387922, -23.747595900983899, 0.0 ], [ -46.717980568237408, -23.747434868944698, 0.0 ], [ -46.718081306428608, -23.747239917597099, 0.0 ], [ -46.718225909975608, -23.747059103938799, 0.0 ], [ -46.718426541630606, -23.746907008294698, 0.0 ], [ -46.718505099623819, -23.746840320600498, 0.0 ], [ -46.717861016216112, -23.746799902976399, 0.0 ], [ -46.717247104284496, -23.746938353656699, 0.0 ], [ -46.716588588527216, -23.747315005203198, 0.0 ], [ -46.71681986329191, -23.747679967171408, 0.0 ], [ -46.715349681439612, -23.7470490718406, 0.0 ], [ -46.71433924570551, -23.745729189757299, 0.0 ], [ -46.7140744921223, -23.745530981426999, 0.0 ], [ -46.712047016831612, -23.7435934642997, 0.0 ], [ -46.711777608682809, -23.743651248181401, 0.0 ], [ -46.711624401820309, -23.7434774395633, 0.0 ], [ -46.711164702831105, -23.742956013529799, 0.0 ], [ -46.710947260126218, -23.742731635908999, 0.0 ], [ -46.710647773778511, -23.7423071112649, 0.0 ], [ -46.710829729497412, -23.742248401456898, 0.0 ], [ -46.711370687622811, -23.74199378113909, 0.0 ], [ -46.711539454774012, -23.741841956827699, 0.0 ], [ -46.711648514515709, -23.741367228326798, 0.0 ], [ -46.711671859656001, -23.741030584862099, 0.0 ], [ -46.711894600943907, -23.7404412051912, 0.0 ], [ -46.712320352131321, -23.740191468859898, 0.0 ], [ -46.712722579200417, -23.739967631687598, 0.0 ], [ -46.713149092074822, -23.739776386477498, 0.0 ], [ -46.713473667682706, -23.7396886479948, 0.0 ], [ -46.713897794537708, -23.739618132145399, 0.0 ], [ -46.714150351922505, -23.739491015903198, 0.0 ], [ -46.714500375382599, -23.739221800425899, 0.0 ], [ -46.714712871163911, -23.739037348156501, 0.0 ], [ -46.715423139212611, -23.7381001226005, 0.0 ], [ -46.716164466688916, -23.7376823836494, 0.0 ], [ -46.716660179579407, -23.736711512631299, 0.0 ], [ -46.717472857565696, -23.735678527766499, 0.0 ], [ -46.71833112798771, -23.734484243186198, 0.0 ], [ -46.719087515488511, -23.7327937329379, 0.0 ], [ -46.7195340389679, -23.7317137102781, 0.0 ], [ -46.718495764263011, -23.7312863996872, 0.0 ], [ -46.717364181352806, -23.7310210879754, 0.0 ], [ -46.716676878237408, -23.730706869801399, 0.0 ], [ -46.716433199895299, -23.7303000627535, 0.0 ], [ -46.716633987509809, -23.729858980899099, 0.0 ], [ -46.717514404374207, -23.7291470946424, 0.0 ], [ -46.71821641835971, -23.728159302951699, 0.0 ], [ -46.720121272491312, -23.727397197227699, 0.0 ], [ -46.721038266333906, -23.726837459237899, 0.0 ], [ -46.721022851832608, -23.725022635273298, 0.0 ], [ -46.721029710806206, -23.724768871229998, 0.0 ], [ -46.720975110113208, -23.724084251034199, 0.0 ], [ -46.721249137814809, -23.7231743358297, 0.0 ], [ -46.720587042455108, -23.722362588509199, 0.0 ], [ -46.720004250545209, -23.721535330675398, 0.0 ], [ -46.719797619176006, -23.721523002736397, 0.0 ], [ -46.719508037604612, -23.722462339608597, 0.0 ], [ -46.719246502036611, -23.723462303564499, 0.0 ], [ -46.717756717010907, -23.723388665505301, 0.0 ], [ -46.715730842427902, -23.7233418152558, 0.0 ], [ -46.714559531465412, -23.722716881093898, 0.0 ], [ -46.71545955819311, -23.721522150532, 0.0 ], [ -46.71706014076301, -23.720911971138808, 0.0 ], [ -46.717802784689809, -23.720843057405897, 0.0 ], [ -46.718278174012916, -23.719536023455397, 0.0 ], [ -46.719097643659012, -23.7190295639796, 0.0 ], [ -46.718975342225406, -23.718182557537197, 0.0 ], [ -46.718672343686912, -23.7180981714131, 0.0 ], [ -46.717905182698708, -23.718955058182498, 0.0 ], [ -46.717283909361612, -23.7188303271503, 0.0 ], [ -46.716341381530206, -23.7184311843282, 0.0 ], [ -46.715906603576911, -23.7191966211156, 0.0 ], [ -46.714108928131708, -23.7202258878227, 0.0 ], [ -46.713333617082895, -23.7204684843446, 0.0 ], [ -46.712824368541106, -23.720400996573499, 0.0 ], [ -46.712565446119207, -23.720038136384098, 0.0 ], [ -46.7113678233858, -23.719568749778198, 0.0 ], [ -46.711076460628512, -23.719155056506899, 0.0 ], [ -46.711278889980299, -23.718845682383201, 0.0 ], [ -46.711165226524109, -23.7186568085144, 0.0 ], [ -46.711951687642518, -23.7180483726703, 0.0 ], [ -46.71242628459671, -23.717896865305899, 0.0 ], [ -46.712126426161809, -23.716832344134097, 0.0 ], [ -46.713027410975606, -23.7164859847035, 0.0 ], [ -46.713819694438712, -23.716330955457099, 0.0 ], [ -46.714846631710806, -23.715895347436501, 0.0 ], [ -46.715890257239707, -23.715518139907598, 0.0 ], [ -46.716709330116011, -23.714982447098897, 0.0 ], [ -46.717180846543016, -23.714596952816599, 0.0 ], [ -46.717077474291607, -23.713983740816808, 0.0 ], [ -46.716590648463217, -23.713199277866998, 0.0 ], [ -46.715709613285021, -23.712638566630599, 0.0 ], [ -46.715074244714806, -23.7126456106066, 0.0 ], [ -46.714036181381111, -23.713446979076608, 0.0 ], [ -46.712962589677808, -23.713956224963098, 0.0 ], [ -46.71202823654761, -23.712928157485997, 0.0 ], [ -46.71173427276991, -23.7123450363366, 0.0 ], [ -46.711406099290009, -23.7118916651932, 0.0 ], [ -46.711076188390308, -23.711577705975198, 0.0 ], [ -46.71092849689331, -23.711470189618598, 0.0 ], [ -46.714347419191412, -23.704440557695399, 0.0 ], [ -46.714946643647217, -23.702883527754597, 0.0 ], [ -46.715035165635506, -23.701149246514198, 0.0 ], [ -46.714689683299611, -23.689290441649398, 0.0 ], [ -46.714462863152107, -23.684085728870897, 0.0 ], [ -46.712494092831506, -23.684136762297808, 0.0 ], [ -46.712343924629707, -23.683582562344, 0.0 ], [ -46.711677497670308, -23.683633805813599, 0.0 ], [ -46.710751054598312, -23.684448537035799, 0.0 ], [ -46.710574266472911, -23.684289608905498, 0.0 ], [ -46.706120701295312, -23.680126121731, 0.0 ], [ -46.704653670391799, -23.682116907114597, 0.0 ], [ -46.703324129436112, -23.6836966519671, 0.0 ], [ -46.702323360717209, -23.686135772344898, 0.0 ], [ -46.70203559505601, -23.687214095876598, 0.0 ], [ -46.701628984191807, -23.688929937542998, 0.0 ], [ -46.701457874677111, -23.6904383423269, 0.0 ], [ -46.701532882664111, -23.691322455526301, 0.0 ], [ -46.701513315142506, -23.693487525820199, 0.0 ], [ -46.701451054693301, -23.697262057376498, 0.0 ], [ -46.70102071589011, -23.698378419685397, 0.0 ], [ -46.700753037745521, -23.6985568675927, 0.0 ], [ -46.701224525113908, -23.700621474253101, 0.0 ], [ -46.702742084620006, -23.706177662342199, 0.0 ], [ -46.702108532275808, -23.706316351776998, 0.0 ], [ -46.701713739259709, -23.7064961998657, 0.0 ], [ -46.700610377591609, -23.707166568319998, 0.0 ], [ -46.700231223711306, -23.7073243026312, 0.0 ], [ -46.69968038870531, -23.7077252433564, 0.0 ], [ -46.698779044503219, -23.708042367267499, 0.0 ], [ -46.696589059183296, -23.708212647729997, 0.0 ], [ -46.696378730818012, -23.709151080159099, 0.0 ], [ -46.696063355303806, -23.7105587721897, 0.0 ], [ -46.696130914902206, -23.7120938966208, 0.0 ], [ -46.694638569219606, -23.7121687502997, 0.0 ], [ -46.694226779991411, -23.7122683259119, 0.0 ], [ -46.692138755329218, -23.714192680776097, 0.0 ], [ -46.692073314339709, -23.714047140646599, 0.0 ], [ -46.69169828333181, -23.713297933696801, 0.0 ], [ -46.691442639120311, -23.713183723858599, 0.0 ], [ -46.690447033295818, -23.713589495300401, 0.0 ], [ -46.691589085634007, -23.717146107081, 0.0 ], [ -46.69182805296191, -23.7184306350307, 0.0 ], [ -46.691735547991811, -23.7198797590938, 0.0 ], [ -46.6916215462088, -23.722126301921598, 0.0 ], [ -46.690601081732012, -23.7218448565648, 0.0 ], [ -46.689771108545209, -23.7215467881785, 0.0 ], [ -46.688884972136002, -23.721477920832299, 0.0 ], [ -46.689831663166011, -23.719122794073499, 0.0 ], [ -46.688034550599006, -23.7177940607178, 0.0 ], [ -46.687536264962411, -23.716710431381198, 0.0 ], [ -46.687726969932505, -23.7157748405821, 0.0 ], [ -46.687741255887111, -23.715131609682999, 0.0 ], [ -46.687396450720207, -23.71485703270649, 0.0 ], [ -46.687064852664008, -23.714798083710498, 0.0 ], [ -46.686655793816605, -23.714821863780998, 0.0 ], [ -46.686068585687508, -23.714714148134398, 0.0 ], [ -46.68711041046371, -23.713385583888797, 0.0 ], [ -46.685428651473707, -23.712252551116197, 0.0 ], [ -46.684926026068212, -23.713018557424199, 0.0 ], [ -46.683818554006109, -23.714243095632998, 0.0 ], [ -46.681483565364708, -23.715899698775598, 0.0 ], [ -46.68154338414201, -23.716086924816199, 0.0 ], [ -46.681722254362406, -23.716318990722097, 0.0 ], [ -46.681921078873607, -23.7164547797681, 0.0 ], [ -46.68216065879821, -23.7167604868953, 0.0 ], [ -46.682935169439212, -23.7174540936754, 0.0 ], [ -46.683278721491796, -23.717713075556198, 0.0 ], [ -46.683416600070707, -23.717756535546698, 0.0 ], [ -46.683591245800805, -23.7177346828258, 0.0 ], [ -46.683664575314111, -23.717770809971, 0.0 ], [ -46.683676415342809, -23.717930840662397, 0.0 ], [ -46.683625087935212, -23.718090385143199, 0.0 ], [ -46.683551266104402, -23.718223812180199, 0.0 ], [ -46.683532960566708, -23.718429492293499, 0.0 ], [ -46.683595274288209, -23.718760328150999, 0.0 ], [ -46.683695033473512, -23.718908568186897, 0.0 ], [ -46.683954408031106, -23.719086127622997, 0.0 ], [ -46.683987024852406, -23.719258120090998, 0.0 ], [ -46.683964837100511, -23.719299981420001, 0.0 ], [ -46.68400431892011, -23.719414570352999, 0.0 ], [ -46.684071308637208, -23.719498525210508, 0.0 ], [ -46.6840922839691, -23.719620447820297, 0.0 ], [ -46.684031620328099, -23.7197772050399, 0.0 ], [ -46.684090922848895, -23.719917488970498, 0.0 ], [ -46.684207053087199, -23.720106086781499, 0.0 ], [ -46.684210137525206, -23.7202077102279, 0.0 ], [ -46.684258048275417, -23.720449594556399, 0.0 ], [ -46.684334094303409, -23.720608926024997, 0.0 ], [ -46.684861754558611, -23.7210526012176, 0.0 ], [ -46.684870326306708, -23.721190999708099, 0.0 ], [ -46.684425382028905, -23.7212433334862, 0.0 ], [ -46.684321041008211, -23.721336737364901, 0.0 ], [ -46.684187655746307, -23.721372677220199, 0.0 ], [ -46.684129758574009, -23.7211655697431, 0.0 ], [ -46.683953306713008, -23.7209652600352, 0.0 ], [ -46.683657486427499, -23.720991772689999, 0.0 ], [ -46.682315610621309, -23.721621099362999, 0.0 ], [ -46.682293438203509, -23.722155897818798, 0.0 ], [ -46.682194445782208, -23.7223574898136, 0.0 ], [ -46.681790938146001, -23.7225890259834, 0.0 ], [ -46.681272075637708, -23.722875352023998, 0.0 ], [ -46.68049416456401, -23.7233381928996, 0.0 ], [ -46.680962063027501, -23.723340782680101, 0.0 ], [ -46.680972466932509, -23.7233952899958, 0.0 ], [ -46.681562062489711, -23.7234656207774, 0.0 ], [ -46.682211418658206, -23.7236803818538, 0.0 ], [ -46.682518939962712, -23.723890823801501, 0.0 ], [ -46.68271992358541, -23.7237149357051, 0.0 ], [ -46.684062185342512, -23.7244994091539, 0.0 ], [ -46.685597935707307, -23.725423503468498, 0.0 ], [ -46.685164326005719, -23.7258742188457, 0.0 ], [ -46.685350308496616, -23.7263181827335, 0.0 ], [ -46.685626911249308, -23.726802688148901, 0.0 ], [ -46.685817661851907, -23.728491309252099, 0.0 ], [ -46.687856783148611, -23.729603814213799, 0.0 ], [ -46.687876745232707, -23.729608922940198, 0.0 ], [ -46.687889688588506, -23.729621691901798, 0.0 ], [ -46.688474186281105, -23.729940594891598, 0.0 ], [ -46.688083449114608, -23.729789215602199, 0.0 ], [ -46.688382182090209, -23.729962273820899, 0.0 ], [ -46.687954459416609, -23.730587807689599, 0.0 ], [ -46.687886937846805, -23.7308211996592, 0.0 ], [ -46.68804372299541, -23.731646916524198, 0.0 ], [ -46.688624018482606, -23.733220774106798, 0.0 ], [ -46.688695584874722, -23.733652800954498, 0.0 ], [ -46.688720894323808, -23.734913844017399, 0.0 ], [ -46.688652643553411, -23.735266415458398, 0.0 ], [ -46.688174034013812, -23.736764803518298, 0.0 ], [ -46.68803156646181, -23.737101392756397, 0.0 ], [ -46.687225441007406, -23.737864853084599, 0.0 ], [ -46.686531736080596, -23.7380879233977, 0.0 ], [ -46.686394184004506, -23.7383669485288, 0.0 ], [ -46.686260942958107, -23.738805002166398, 0.0 ], [ -46.686712669945607, -23.738759809013299, 0.0 ], [ -46.687687339208907, -23.738534212616898, 0.0 ], [ -46.688371772859206, -23.7384327568844, 0.0 ], [ -46.688912640115809, -23.738507380146601, 0.0 ], [ -46.691463319939011, -23.739433134485299, 0.0 ], [ -46.691620300686111, -23.739156149758298, 0.0 ], [ -46.692003748270515, -23.738346014171299, 0.0 ], [ -46.69317279597611, -23.737352672708898, 0.0 ], [ -46.695988866546109, -23.740746886995399, 0.0 ], [ -46.695569289386405, -23.741020165688699, 0.0 ], [ -46.695791960637209, -23.741313212822099, 0.0 ], [ -46.695531271621412, -23.7414637719477, 0.0 ], [ -46.695275471797011, -23.741429652447998, 0.0 ], [ -46.694985239145112, -23.741553721221699, 0.0 ], [ -46.694782767606206, -23.741690279213799, 0.0 ], [ -46.695153510044207, -23.742149626446899, 0.0 ], [ -46.694749110908006, -23.743033848652701, 0.0 ], [ -46.694454548549821, -23.743386284663799, 0.0 ], [ -46.694207065401706, -23.743432603037299, 0.0 ], [ -46.693917869745007, -23.7436372795887, 0.0 ], [ -46.693715740590712, -23.743800646051898, 0.0 ], [ -46.693554935157309, -23.743775594476698, 0.0 ], [ -46.693422115589897, -23.7436628441247, 0.0 ], [ -46.69335114830541, -23.743253926322698, 0.0 ], [ -46.693241810476408, -23.74326189511099, 0.0 ], [ -46.69294663554691, -23.743567298740498, 0.0 ], [ -46.692384935623906, -23.743008922110398, 0.0 ], [ -46.692385263792907, -23.7430092796418, 0.0 ], [ -46.691971140235708, -23.742597527019701, 0.0 ], [ -46.691876792987308, -23.742638825018499, 0.0 ], [ -46.691651883939812, -23.743299435473197, 0.0 ], [ -46.691307232715211, -23.743726263949299, 0.0 ], [ -46.690464316842608, -23.744554875681199, 0.0 ], [ -46.68894073196811, -23.745780395035698, 0.0 ], [ -46.688456445426212, -23.746131553091008, 0.0 ], [ -46.687695370103512, -23.747086733931599, 0.0 ], [ -46.687092161107209, -23.747267923163399, 0.0 ], [ -46.687092779390696, -23.7467507858447, 0.0 ], [ -46.686101761158909, -23.746842221029098, 0.0 ], [ -46.68605117727931, -23.746312280431098, 0.0 ], [ -46.685355307539616, -23.746389566793699, 0.0 ], [ -46.684712712484419, -23.7464833325404, 0.0 ], [ -46.684009171190212, -23.747329261003799, 0.0 ], [ -46.683553595440607, -23.7479269206673, 0.0 ], [ -46.683532660109712, -23.7481294690498, 0.0 ], [ -46.683628649889712, -23.748265741245199, 0.0 ], [ -46.683857639015208, -23.748371674407498, 0.0 ], [ -46.684164685160106, -23.748433331367998, 0.0 ], [ -46.684574093586718, -23.748522852309698, 0.0 ], [ -46.685366678321707, -23.748492543937999, 0.0 ], [ -46.685745356949717, -23.748632954295598, 0.0 ], [ -46.685952206817809, -23.748847463144898, 0.0 ], [ -46.686120656492207, -23.749120260862, 0.0 ], [ -46.686002771672911, -23.749721375101899, 0.0 ], [ -46.686044139576801, -23.749887221733399, 0.0 ], [ -46.686258081369402, -23.7500366502159, 0.0 ], [ -46.686650687741306, -23.750039588473399, 0.0 ], [ -46.687096070840909, -23.749875742021008, 0.0 ], [ -46.687330147230611, -23.749296290089898, 0.0 ], [ -46.687404250044708, -23.749328162812297, 0.0 ], [ -46.687406283678719, -23.749329043420097, 0.0 ], [ -46.687406468702811, -23.74933084702279, 0.0 ], [ -46.687642152593618, -23.7496232220523, 0.0 ], [ -46.688116574330309, -23.7504132367362, 0.0 ], [ -46.688970966204899, -23.7500565000908, 0.0 ], [ -46.689675268644606, -23.7505060750102, 0.0 ], [ -46.69016836138141, -23.750222075790099, 0.0 ], [ -46.690167557502306, -23.750761423518497, 0.0 ], [ -46.691112807129009, -23.750036689172198, 0.0 ], [ -46.69177117507251, -23.749929452262197, 0.0 ], [ -46.69205081311911, -23.7499478777743, 0.0 ], [ -46.692493895113309, -23.749400076265999, 0.0 ], [ -46.692785458764511, -23.7491396725387, 0.0 ], [ -46.693255072738019, -23.748848788918497, 0.0 ], [ -46.694309269128112, -23.748144239208298, 0.0 ], [ -46.694633270330918, -23.747990640108601, 0.0 ], [ -46.694973458150507, -23.747894010668301, 0.0 ], [ -46.695260206174396, -23.747262239739801, 0.0 ], [ -46.695680388716106, -23.746909236458301, 0.0 ], [ -46.695815037808522, -23.747044173610799, 0.0 ], [ -46.69608058059891, -23.747367535014199, 0.0 ], [ -46.697527108508922, -23.748220336693301, 0.0 ], [ -46.697862608056695, -23.7484735003483, 0.0 ], [ -46.698311181950018, -23.748775616842899, 0.0 ], [ -46.698463453940711, -23.749021583726698, 0.0 ], [ -46.698536702856806, -23.749405284605899, 0.0 ], [ -46.698544253401707, -23.749444834888198, 0.0 ], [ -46.698476759487619, -23.749710641047798, 0.0 ], [ -46.698177935867506, -23.750239991017299, 0.0 ], [ -46.698130825235516, -23.7507053644552, 0.0 ], [ -46.698255756461009, -23.751213175238398, 0.0 ], [ -46.698841068249017, -23.752520507553598, 0.0 ], [ -46.698981788400907, -23.753122577503799, 0.0 ], [ -46.698832796855505, -23.753585008393799, 0.0 ], [ -46.698441135744609, -23.754135783035899, 0.0 ], [ -46.698416317029007, -23.7541868838819, 0.0 ], [ -46.698880928717912, -23.754214638721997, 0.0 ], [ -46.699519510564699, -23.7542959112149, 0.0 ], [ -46.699857546935611, -23.7544625526535, 0.0 ], [ -46.699917137158522, -23.754827895017698, 0.0 ], [ -46.699784064755008, -23.756192236091298, 0.0 ], [ -46.699793151659605, -23.7563624957596, 0.0 ], [ -46.699952678171407, -23.756505821775399, 0.0 ], [ -46.700289410100218, -23.7565715425159, 0.0 ], [ -46.700083900517711, -23.757640198949908, 0.0 ], [ -46.700128839011512, -23.757929866474999, 0.0 ], [ -46.700295251410708, -23.758098665655698, 0.0 ], [ -46.699941166997611, -23.7587900489813, 0.0 ], [ -46.699791481680109, -23.760457463908597, 0.0 ], [ -46.699722340375608, -23.760876855886099, 0.0 ], [ -46.699790018285718, -23.761185683535199, 0.0 ], [ -46.701343416687308, -23.761109992267301, 0.0 ], [ -46.701944467609309, -23.7618982019249, 0.0 ], [ -46.702014000410102, -23.762349199709398, 0.0 ], [ -46.701579731694309, -23.7625045715622, 0.0 ], [ -46.701691130957812, -23.763381864460698, 0.0 ], [ -46.701995633313622, -23.7644327155311, 0.0 ], [ -46.702649044045415, -23.764350220940198, 0.0 ], [ -46.702679213947611, -23.764567374111, 0.0 ], [ -46.702965504611718, -23.766312860743501, 0.0 ], [ -46.70307016669711, -23.766671474451698, 0.0 ], [ -46.703289851511016, -23.766786145853001, 0.0 ], [ -46.705395034466711, -23.7675152236265, 0.0 ], [ -46.705556803576812, -23.767748346954001, 0.0 ], [ -46.706002979682211, -23.7712908047395, 0.0 ], [ -46.706421466383112, -23.772708547468099, 0.0 ], [ -46.706855256631208, -23.774027262373, 0.0 ], [ -46.705202886509596, -23.774068989820208, 0.0 ], [ -46.705101256913011, -23.774645287867198, 0.0 ], [ -46.705137453569407, -23.7760253642696, 0.0 ], [ -46.705254245775407, -23.776618118841899, 0.0 ], [ -46.705392709659108, -23.776775573238901, 0.0 ], [ -46.705645349385605, -23.777324936901397, 0.0 ], [ -46.70587425021921, -23.778150729562899, 0.0 ], [ -46.706369171558606, -23.779149177020198, 0.0 ], [ -46.706716828003508, -23.779904591031897, 0.0 ], [ -46.706684126039612, -23.780120451358208, 0.0 ], [ -46.706945048242922, -23.780553349408898, 0.0 ], [ -46.708518011099606, -23.782626658303197, 0.0 ], [ -46.708984739235909, -23.783241807023099, 0.0 ], [ -46.708345803442306, -23.786481989491399, 0.0 ], [ -46.710390587592109, -23.787311409254198, 0.0 ], [ -46.713019767512407, -23.787554628874599, 0.0 ], [ -46.713391863345606, -23.788151131261699, 0.0 ], [ -46.714431738783006, -23.788740216861498, 0.0 ], [ -46.713514989860222, -23.791753466357999, 0.0 ], [ -46.715150099856011, -23.792587365015898, 0.0 ], [ -46.718093411343311, -23.789006724602899, 0.0 ], [ -46.719533392790709, -23.7900103985491, 0.0 ], [ -46.723546081670406, -23.7936301789053, 0.0 ], [ -46.724667443787112, -23.793415786543399, 0.0 ], [ -46.727597109209718, -23.7993122964997, 0.0 ], [ -46.726477703959809, -23.799678088757197, 0.0 ], [ -46.723758840198606, -23.803518368599899, 0.0 ], [ -46.723614986487007, -23.805084246972108, 0.0 ], [ -46.728994242355107, -23.8054277820445, 0.0 ], [ -46.731191627672807, -23.804636308040298, 0.0 ], [ -46.731705950240311, -23.8051891829884, 0.0 ], [ -46.732289087544316, -23.805737762388198, 0.0 ], [ -46.732225237934607, -23.8060916512059, 0.0 ], [ -46.732315078175212, -23.8061231428645, 0.0 ], [ -46.731529823212306, -23.8077317047109, 0.0 ], [ -46.73248423809661, -23.808723628026399, 0.0 ], [ -46.734276578539202, -23.809409920437201, 0.0 ], [ -46.734303538020306, -23.809569140317798, 0.0 ], [ -46.733273653929317, -23.810355490959498, 0.0 ], [ -46.734439202105811, -23.812325005838797, 0.0 ], [ -46.734383383875112, -23.813715658679598, 0.0 ], [ -46.734331769487909, -23.813954665814698, 0.0 ], [ -46.734351668825511, -23.8139722269948, 0.0 ], [ -46.732433610966801, -23.812282003729297, 0.0 ], [ -46.724223637356012, -23.819277656868099, 0.0 ], [ -46.717416168197708, -23.822195891387899, 0.0 ], [ -46.717148109652918, -23.823167755540901, 0.0 ], [ -46.713891083065512, -23.821104634452599, 0.0 ], [ -46.706249843644201, -23.816667623957098, 0.0 ], [ -46.707232694105812, -23.813976068304697, 0.0 ], [ -46.702950441906211, -23.814023410615398, 0.0 ], [ -46.701554776469706, -23.809290897731998, 0.0 ], [ -46.701071143623707, -23.8071968589005, 0.0 ], [ -46.702316715810809, -23.803113564108898, 0.0 ], [ -46.703934843145419, -23.797992620794901, 0.0 ], [ -46.710961939306607, -23.798925187141798, 0.0 ], [ -46.712363762681505, -23.792937534587498, 0.0 ], [ -46.695582116848712, -23.794061553932799, 0.0 ], [ -46.695926550359218, -23.7935348652701, 0.0 ], [ -46.69641666487221, -23.7934406428, 0.0 ], [ -46.696693195163718, -23.793106544787499, 0.0 ], [ -46.697157012700011, -23.7930126091542, 0.0 ], [ -46.697604507527807, -23.7930076875639, 0.0 ], [ -46.698480318384306, -23.791528468313899, 0.0 ], [ -46.69893329160341, -23.791273135465499, 0.0 ], [ -46.699389203285406, -23.791243921195399, 0.0 ], [ -46.700506690471911, -23.791481960265298, 0.0 ], [ -46.701263527311909, -23.791651200963599, 0.0 ], [ -46.701582945782107, -23.791243946504899, 0.0 ], [ -46.7007819443362, -23.791050908561399, 0.0 ], [ -46.70049350639421, -23.7904687093611, 0.0 ], [ -46.699923227613311, -23.78912656454359, 0.0 ], [ -46.698809333482608, -23.788484746889498, 0.0 ], [ -46.698586880568108, -23.788253097995899, 0.0 ], [ -46.698402459335618, -23.787560690613198, 0.0 ], [ -46.698505616052906, -23.787398043960899, 0.0 ], [ -46.699150246462011, -23.787035696238, 0.0 ], [ -46.699344881071802, -23.78648446851, 0.0 ], [ -46.699382254536609, -23.7861663604676, 0.0 ], [ -46.699352861231709, -23.786170927223498, 0.0 ], [ -46.699323406970706, -23.786177029411299, 0.0 ], [ -46.699294054730707, -23.786184755517098, 0.0 ], [ -46.699264883066206, -23.7861939241157, 0.0 ], [ -46.699236213239111, -23.7862043511102, 0.0 ], [ -46.699143414251211, -23.786285992964601, 0.0 ], [ -46.698384667758717, -23.786670902285699, 0.0 ], [ -46.697670947978011, -23.787021728553498, 0.0 ], [ -46.69710073447461, -23.787220476518097, 0.0 ], [ -46.696683930094011, -23.7873254502598, 0.0 ], [ -46.695992691136212, -23.787307948556499, 0.0 ], [ -46.695439048061402, -23.787380928331299, 0.0 ], [ -46.695112119716811, -23.787409616790498, 0.0 ], [ -46.694676595602409, -23.787481386985601, 0.0 ], [ -46.694068313029717, -23.787546565672898, 0.0 ], [ -46.693704869609896, -23.787567346108798, 0.0 ], [ -46.693358514451212, -23.787445656095098, 0.0 ], [ -46.692656606603208, -23.78769783425, 0.0 ], [ -46.691450990435612, -23.787492931912499, 0.0 ], [ -46.690279943855415, -23.786832446410298, 0.0 ], [ -46.689435985267608, -23.786699493294499, 0.0 ], [ -46.689437850705609, -23.786699834001098, 0.0 ], [ -46.689489740178111, -23.786770497546698, 0.0 ], [ -46.689532494399806, -23.7878747038577, 0.0 ], [ -46.689618146458109, -23.788779461861598, 0.0 ], [ -46.689516514033812, -23.790162680725, 0.0 ], [ -46.689535094748805, -23.790717432397297, 0.0 ], [ -46.689304434452907, -23.791358602343198, 0.0 ], [ -46.689289874224912, -23.7919974971561, 0.0 ], [ -46.6887814528856, -23.793154771194597, 0.0 ], [ -46.688498845864508, -23.794178756723099, 0.0 ], [ -46.688530852887311, -23.7964865207082, 0.0 ], [ -46.690265677571709, -23.798885873319499, 0.0 ], [ -46.691379240905299, -23.801229269444299, 0.0 ], [ -46.691981940751312, -23.8031208075286, 0.0 ], [ -46.692520965414111, -23.8061858730076, 0.0 ], [ -46.694837010088222, -23.810719599765697, 0.0 ], [ -46.697732530804309, -23.8150475655534, 0.0 ], [ -46.698535618328407, -23.817013058005799, 0.0 ], [ -46.698451423164208, -23.818622053739599, 0.0 ], [ -46.697752920997111, -23.820491681493099, 0.0 ], [ -46.697896442844709, -23.820804546639799, 0.0 ], [ -46.698383510537695, -23.820847933907299, 0.0 ], [ -46.698570762457912, -23.821255832917899, 0.0 ], [ -46.698998776112106, -23.8213013131402, 0.0 ], [ -46.699551686711708, -23.821161334686899, 0.0 ], [ -46.700848144020696, -23.8215486951309, 0.0 ], [ -46.701800160221808, -23.821329012339298, 0.0 ], [ -46.70249389891341, -23.8215305327201, 0.0 ], [ -46.701852631794196, -23.823261055135799, 0.0 ], [ -46.701891477198508, -23.823453103096899, 0.0 ], [ -46.701645394383512, -23.824108362249699, 0.0 ], [ -46.702420048428607, -23.824815730036399, 0.0 ], [ -46.702432207376006, -23.824817130535401, 0.0 ], [ -46.702456664087407, -23.824849180671599, 0.0 ], [ -46.70394292401231, -23.826206369179999, 0.0 ], [ -46.704145440208812, -23.826126399878, 0.0 ], [ -46.704933083002409, -23.825849921799399, 0.0 ], [ -46.705409923307322, -23.825802848349198, 0.0 ], [ -46.705915292356998, -23.8258516056923, 0.0 ], [ -46.706577328438996, -23.825706241168501, 0.0 ], [ -46.707147252397412, -23.825474051686598, 0.0 ], [ -46.707507267628408, -23.825189746429398, 0.0 ], [ -46.707773446601315, -23.824680690314398, 0.0 ], [ -46.707868746532512, -23.824664919093898, 0.0 ], [ -46.708158429397308, -23.824912777717699, 0.0 ], [ -46.708310108902111, -23.825036585896299, 0.0 ], [ -46.708419879740212, -23.825081321920408, 0.0 ], [ -46.708542480308708, -23.825067414465899, 0.0 ], [ -46.708719023314522, -23.825006956740499, 0.0 ], [ -46.708859148271308, -23.824946812193698, 0.0 ], [ -46.709036074016517, -23.824915600481997, 0.0 ], [ -46.709218214304705, -23.824930283099999, 0.0 ], [ -46.70939618057271, -23.824978505524101, 0.0 ], [ -46.709556267395406, -23.825052023727398, 0.0 ], [ -46.711215950982712, -23.826777993482899, 0.0 ], [ -46.71138655882951, -23.8269622561271, 0.0 ], [ -46.713401879084806, -23.8273707750919, 0.0 ], [ -46.714924986671221, -23.827696811138399, 0.0 ], [ -46.715318052017309, -23.828886744467997, 0.0 ], [ -46.715520581351107, -23.829072723317299, 0.0 ], [ -46.716211848479702, -23.829081820985699, 0.0 ], [ -46.716533110923912, -23.829304123015099, 0.0 ], [ -46.716898738483508, -23.829791532041199, 0.0 ], [ -46.717404990514297, -23.830250289596098, 0.0 ], [ -46.717388844685615, -23.830401055389498, 0.0 ], [ -46.717032649477801, -23.830698160365898, 0.0 ], [ -46.717096875271807, -23.830971713547399, 0.0 ], [ -46.717333424064606, -23.831497212357199, 0.0 ], [ -46.718428332519721, -23.831559580670799, 0.0 ], [ -46.719441410854401, -23.832082555867498, 0.0 ], [ -46.720174227932411, -23.832460774592398, 0.0 ], [ -46.721190882423706, -23.832609671036099, 0.0 ], [ -46.722187592329618, -23.832909188549799, 0.0 ], [ -46.722908100170109, -23.833261530785197, 0.0 ], [ -46.723337656182707, -23.8335735180064, 0.0 ], [ -46.723626914384909, -23.834502144296298, 0.0 ], [ -46.723744564064518, -23.835227755654699, 0.0 ], [ -46.724248935816107, -23.836091862248299, 0.0 ], [ -46.724724330002509, -23.837310455660198, 0.0 ], [ -46.725109842716108, -23.837859009435199, 0.0 ], [ -46.725579382715409, -23.8385178449163, 0.0 ], [ -46.726116845209511, -23.8391463967017, 0.0 ], [ -46.726352990685001, -23.839343990183199, 0.0 ], [ -46.726605206850905, -23.839410318200098, 0.0 ], [ -46.726780094438212, -23.8395236448284, 0.0 ], [ -46.726980344915312, -23.839663409571099, 0.0 ], [ -46.727169678190208, -23.8397672751058, 0.0 ], [ -46.727400610272412, -23.839956077937998, 0.0 ], [ -46.727573134130616, -23.84015970898, 0.0 ], [ -46.727811633993809, -23.840443038554501, 0.0 ], [ -46.727960944913612, -23.840696853577999, 0.0 ], [ -46.72811248742201, -23.841027380431598, 0.0 ], [ -46.72814064931751, -23.841338255847798, 0.0 ], [ -46.728158958374912, -23.841644727798098, 0.0 ], [ -46.7281624810322, -23.8419471224571, 0.0 ], [ -46.72817605621681, -23.842262855911198, 0.0 ], [ -46.728153190347399, -23.8424981082028, 0.0 ], [ -46.72805799119881, -23.842784818137098, 0.0 ], [ -46.728044835060309, -23.843019780961399, 0.0 ], [ -46.727978690323212, -23.843287748129999, 0.0 ], [ -46.727985682577597, -23.843540450478699, 0.0 ], [ -46.728051363260711, -23.843787077905098, 0.0 ], [ -46.728147125800909, -23.844055757046899, 0.0 ], [ -46.728399893975308, -23.844144645133397, 0.0 ], [ -46.728733885010207, -23.844150377519899, 0.0 ], [ -46.729278471534016, -23.84449527045, 0.0 ], [ -46.729772682697408, -23.8449051858994, 0.0 ], [ -46.730499174102711, -23.8450614257297, 0.0 ], [ -46.730784232736006, -23.8450213901314, 0.0 ], [ -46.731028311222808, -23.8449372167305, 0.0 ], [ -46.731352716337611, -23.844891501878401, 0.0 ], [ -46.731643941663506, -23.844883083248799, 0.0 ], [ -46.731930573900812, -23.844888438061599, 0.0 ], [ -46.732217053888611, -23.845034628808801, 0.0 ], [ -46.733012279974318, -23.845325230984098, 0.0 ], [ -46.73325664882141, -23.845390823112098, 0.0 ], [ -46.733520742160607, -23.8454604360136, 0.0 ], [ -46.733807730077807, -23.845620250005908, 0.0 ], [ -46.734006681153801, -23.844942997746298, 0.0 ], [ -46.735171127810922, -23.84466853194759, 0.0 ], [ -46.73644787676421, -23.844141185619698, 0.0 ], [ -46.73731589546631, -23.843734536395598, 0.0 ], [ -46.73760732740211, -23.843498963501897, 0.0 ], [ -46.737863016884006, -23.842944387795299, 0.0 ], [ -46.73821649552351, -23.842620995281401, 0.0 ], [ -46.73763251640171, -23.842230717374299, 0.0 ], [ -46.736811861875601, -23.841446330533397, 0.0 ], [ -46.737280688961306, -23.841092570344998, 0.0 ], [ -46.738211533237909, -23.8414595277156, 0.0 ], [ -46.738379491634312, -23.841428653608698, 0.0 ], [ -46.739119678398609, -23.840907248800701, 0.0 ], [ -46.738113718780411, -23.839362377024898, 0.0 ], [ -46.737623786472412, -23.83805281399799, 0.0 ], [ -46.736671715290612, -23.833986833196999, 0.0 ], [ -46.738063458131208, -23.833034504660798, 0.0 ], [ -46.7387230749287, -23.831153783937499, 0.0 ], [ -46.739339341339608, -23.831292179866001, 0.0 ], [ -46.739808788054219, -23.831388535650699, 0.0 ], [ -46.747689719412399, -23.828305661779797, 0.0 ], [ -46.747559579171806, -23.818667297558598, 0.0 ], [ -46.752832620077619, -23.8127154340165, 0.0 ], [ -46.752835336652922, -23.8123873315635, 0.0 ], [ -46.752750504757216, -23.812199072165299, 0.0 ], [ -46.75237277577591, -23.811635693753001, 0.0 ], [ -46.752176441135902, -23.811309852573398, 0.0 ], [ -46.752104689491311, -23.811070978497398, 0.0 ], [ -46.751769852190122, -23.8106458689536, 0.0 ], [ -46.751507355251405, -23.810497453026699, 0.0 ], [ -46.751290716808299, -23.810515892177698, 0.0 ], [ -46.751283231038109, -23.810500810393499, 0.0 ], [ -46.751275079787511, -23.8104843819881, 0.0 ], [ -46.75126700945431, -23.810467952663398, 0.0 ], [ -46.75125893791251, -23.810451433073499, 0.0 ], [ -46.751250867583522, -23.8104350037476, 0.0 ], [ -46.751242876961207, -23.8104184832378, 0.0 ], [ -46.751235772775608, -23.810401681827898, 0.0 ], [ -46.751229312281112, -23.810384602274098, 0.0 ], [ -46.751223577603206, -23.810367333922297, 0.0 ], [ -46.751218649656806, -23.8103498758542, 0.0 ], [ -46.751214366611407, -23.810332229906997, 0.0 ], [ -46.751210810592511, -23.810314485427, 0.0 ], [ -46.751208062515012, -23.810296641495498, 0.0 ], [ -46.75120595933771, -23.810278609685199, 0.0 ], [ -46.751204746226811, -23.8102605677695, 0.0 ], [ -46.751204180436801, -23.810242518504598, 0.0 ], [ -46.751204342882609, -23.8102244609716, 0.0 ], [ -46.751205396604412, -23.810206483598098, 0.0 ], [ -46.751207097646208, -23.810188498875299, 0.0 ], [ -46.751209609048516, -23.810170595230598, 0.0 ], [ -46.751212849895801, -23.810152773582598, 0.0 ], [ -46.751216820188006, -23.810135033931399, 0.0 ], [ -46.751221441430907, -23.810117557724798, 0.0 ], [ -46.751226953948105, -23.8101001616776, 0.0 ], [ -46.75123311741541, -23.810083029074899, 0.0 ], [ -46.751239931832906, -23.810066159916801, 0.0 ], [ -46.751247476904418, -23.810049463019798, 0.0 ], [ -46.751255348055096, -23.810032942977298, 0.0 ], [ -46.751263788029618, -23.810016597032998, 0.0 ], [ -46.751272555293809, -23.810000518207698, 0.0 ], [ -46.751281728340999, -23.809984525053299, 0.0 ], [ -46.751291309592617, -23.809968798099, 0.0 ], [ -46.751301216922812, -23.809953247998898, 0.0 ], [ -46.751311612161309, -23.809937872915398, 0.0 ], [ -46.751322334688908, -23.809922764950599, 0.0 ], [ -46.751333465420522, -23.809907923185598, 0.0 ], [ -46.751345003145211, -23.8098932573558, 0.0 ], [ -46.751356868158808, -23.809878858644399, 0.0 ], [ -46.751369060461307, -23.809864727051398, 0.0 ], [ -46.751381580052708, -23.809850862576798, 0.0 ], [ -46.751394506636906, -23.8098371740369, 0.0 ], [ -46.751407761720607, -23.809823842879798, 0.0 ], [ -46.75142134530391, -23.809810869105497, 0.0 ], [ -46.751435254964996, -23.809798072184499, 0.0 ], [ -46.751449493125612, -23.809785632645998, 0.0 ], [ -46.751463978871008, -23.809773551408799, 0.0 ], [ -46.75147887281981, -23.809761736370501, 0.0 ], [ -46.751494013142512, -23.8097501893686, 0.0 ], [ -46.75150948196471, -23.809738999748998, 0.0 ], [ -46.751525117457106, -23.809728169349, 0.0 ], [ -46.751541081448998, -23.809717696331099, 0.0 ], [ -46.751557291815111, -23.8097074913493, 0.0 ], [ -46.751573750977002, -23.809697734932801, 0.0 ], [ -46.751590537427717, -23.809688245633499, 0.0 ], [ -46.751607491759799, -23.809679205818099, 0.0 ], [ -46.751624611551605, -23.8096704349574, 0.0 ], [ -46.75164197892861, -23.809662022396999, 0.0 ], [ -46.751659676016608, -23.8096540574827, 0.0 ], [ -46.751677377946109, -23.809646453625199, 0.0 ], [ -46.751689488066596, -23.809632232664001, 0.0 ], [ -46.751701189978412, -23.809617745502297, 0.0 ], [ -46.75171232064131, -23.8096029037135, 0.0 ], [ -46.751723043095822, -23.8095877957245, 0.0 ], [ -46.751733356130906, -23.809572331270697, 0.0 ], [ -46.751743019424822, -23.809556693638399, 0.0 ], [ -46.751752355425218, -23.809540788887098, 0.0 ], [ -46.751761040473802, -23.809524620692699, 0.0 ], [ -46.751769399440008, -23.809508275644298, 0.0 ], [ -46.751777107454721, -23.809491667152997, 0.0 ], [ -46.751784327558319, -23.8094748836455, 0.0 ], [ -46.751790978836418, -23.809457926040999, 0.0 ], [ -46.751797223118196, -23.809440792501601, 0.0 ], [ -46.751802817660305, -23.809423485784301, 0.0 ], [ -46.751807924292017, -23.809406004050999, 0.0 ], [ -46.751812463310017, -23.809388438485598, 0.0 ], [ -46.751816433503507, -23.8093706988234, 0.0 ], [ -46.7518199182092, -23.809352964674698, 0.0 ], [ -46.751822672261909, -23.809335058267198, 0.0 ], [ -46.751868989097119, -23.8093008583831, 0.0 ], [ -46.751889211500306, -23.809263975666298, 0.0 ], [ -46.751743333550806, -23.808427938750999, 0.0 ], [ -46.75160381049421, -23.808125826430899, 0.0 ], [ -46.751218587572907, -23.807291964638498, 0.0 ], [ -46.751131159235911, -23.8071027403813, 0.0 ], [ -46.750612480888712, -23.805168903436698, 0.0 ], [ -46.750688273854806, -23.804055631423299, 0.0 ], [ -46.751056722691509, -23.803524765042699, 0.0 ], [ -46.751309161842812, -23.8026164061442, 0.0 ], [ -46.752158876372405, -23.801610986615099, 0.0 ], [ -46.752417845105306, -23.8001405683728, 0.0 ], [ -46.752382987264902, -23.799188887032098, 0.0 ], [ -46.752307275682512, -23.798925682183498, 0.0 ], [ -46.752315394115996, -23.7989216177317, 0.0 ], [ -46.752655151510211, -23.798774848017498, 0.0 ], [ -46.755064743259808, -23.7997047720431, 0.0 ], [ -46.755395141193212, -23.799674561969297, 0.0 ], [ -46.755947092381909, -23.7989936310722, 0.0 ] ] ] ] } },
{ "type": "Feature", "properties": { "Name": "Lote 05", "Codigo": "5" }, "geometry": { "type": "MultiPolygon", "coordinates": [ [ [ [ -46.648491312657903, -23.7092685963168, 0.0 ], [ -46.648506629840497, -23.7094385258352, 0.0 ], [ -46.648415434317101, -23.7095305025688, 0.0 ], [ -46.6483909818418, -23.709682528435099, 0.0 ], [ -46.648558600792299, -23.7098931777258, 0.0 ], [ -46.648751284042213, -23.7100004567898, 0.0 ], [ -46.648962936791101, -23.710040633897101, 0.0 ], [ -46.649069986263093, -23.710154783916799, 0.0 ], [ -46.64893170135489, -23.710180543942599, 0.0 ], [ -46.64882032015079, -23.7102621729837, 0.0 ], [ -46.648841199310603, -23.710346996801601, 0.0 ], [ -46.648674421532696, -23.710196918636701, 0.0 ], [ -46.648587712064497, -23.7101311237051, 0.0 ], [ -46.64843487333421, -23.710047705956999, 0.0 ], [ -46.648078996482297, -23.710081922789001, 0.0 ], [ -46.647724490441199, -23.710225276090799, 0.0 ], [ -46.647526931411413, -23.710257715120701, 0.0 ], [ -46.647218443343903, -23.7103885696215, 0.0 ], [ -46.646964120474699, -23.710634047757502, 0.0 ], [ -46.646880315107701, -23.710786615023999, 0.0 ], [ -46.646608430352401, -23.711301683467099, 0.0 ], [ -46.646481268499691, -23.7116853845815, 0.0 ], [ -46.6465176844412, -23.711964331979299, 0.0 ], [ -46.646628946008498, -23.712420430072299, 0.0 ], [ -46.646723501318, -23.712589335766801, 0.0 ], [ -46.646923198690899, -23.712726877312999, 0.0 ], [ -46.647103008802993, -23.712858491104001, 0.0 ], [ -46.647145293994903, -23.713076615445299, 0.0 ], [ -46.646966957516199, -23.7132169177432, 0.0 ], [ -46.64685691350909, -23.7132700921996, 0.0 ], [ -46.646826585155303, -23.713488899387698, 0.0 ], [ -46.646993069080501, -23.7136025082869, 0.0 ], [ -46.647062770502203, -23.713659727686601, 0.0 ], [ -46.647146363318491, -23.7137283553282, 0.0 ], [ -46.647310750858701, -23.713868168177001, 0.0 ], [ -46.647554326955998, -23.714009213928499, 0.0 ], [ -46.647796138254897, -23.714106310377598, 0.0 ], [ -46.6479380733238, -23.7141904766642, 0.0 ], [ -46.648039286766398, -23.714206822927899, 0.0 ], [ -46.64817876744489, -23.714179335401901, 0.0 ], [ -46.648332756617798, -23.714167312061701, 0.0 ], [ -46.648444616943188, -23.714194288248301, 0.0 ], [ -46.648612010740898, -23.714154946684801, 0.0 ], [ -46.648755272068399, -23.714132293618999, 0.0 ], [ -46.648934275813403, -23.714109439983599, 0.0 ], [ -46.649175983061397, -23.714101717120901, 0.0 ], [ -46.649344492094997, -23.714016047869201, 0.0 ], [ -46.649487025761601, -23.713922710553199, 0.0 ], [ -46.649622027081591, -23.713912062094401, 0.0 ], [ -46.649784039707498, -23.713914306709, 0.0 ], [ -46.650036785555699, -23.713839113916698, 0.0 ], [ -46.650141020090601, -23.7137934926699, 0.0 ], [ -46.650221238836799, -23.713793088326, 0.0 ], [ -46.650257164928099, -23.713852472183099, 0.0 ], [ -46.650250552379397, -23.713860397319198, 0.0 ], [ -46.650312244167203, -23.713962209981698, 0.0 ], [ -46.650282703369612, -23.714127471560001, 0.0 ], [ -46.650155056125499, -23.714227692835699, 0.0 ], [ -46.650033977737898, -23.714361519377199, 0.0 ], [ -46.649869933086599, -23.714384214739901, 0.0 ], [ -46.6497494698067, -23.714470545829599, 0.0 ], [ -46.649614032470701, -23.7147101559367, 0.0 ], [ -46.649543778371601, -23.7148020003604, 0.0 ], [ -46.64951580475099, -23.715027644223401, 0.0 ], [ -46.649683333816903, -23.715172566950901, 0.0 ], [ -46.649704526819797, -23.715346496184999, 0.0 ], [ -46.649696057517993, -23.7156182470431, 0.0 ], [ -46.649707279971402, -23.7158481675682, 0.0 ], [ -46.6497445914083, -23.7160690524105, 0.0 ], [ -46.6498918819821, -23.716205794394899, 0.0 ], [ -46.650172268804603, -23.716263834389501, 0.0 ], [ -46.650175089867602, -23.716263082031698, 0.0 ], [ -46.650184415065887, -23.716265059045298, 0.0 ], [ -46.6504364130939, -23.716200797603801, 0.0 ], [ -46.650681796589197, -23.716080089427798, 0.0 ], [ -46.650889424991192, -23.7160181967051, 0.0 ], [ -46.651048863802799, -23.7160277802375, 0.0 ], [ -46.651199726409409, -23.716004953417102, 0.0 ], [ -46.651305635341501, -23.716002287983901, 0.0 ], [ -46.651408190438403, -23.716092920214798, 0.0 ], [ -46.651460715581699, -23.716327184463001, 0.0 ], [ -46.651466966054002, -23.716528086789101, 0.0 ], [ -46.651355230818098, -23.716652515499099, 0.0 ], [ -46.651169872690197, -23.716671918882, 0.0 ], [ -46.650986226573004, -23.716769488510501, 0.0 ], [ -46.650860752979902, -23.717081038818499, 0.0 ], [ -46.650884231316702, -23.7172179275064, 0.0 ], [ -46.651062445220902, -23.7173696862219, 0.0 ], [ -46.651319705249001, -23.717517621474599, 0.0 ], [ -46.651577293627703, -23.717563172316598, 0.0 ], [ -46.6517552015532, -23.717639186356301, 0.0 ], [ -46.651763282092404, -23.717638648648801, 0.0 ], [ -46.651767347949409, -23.7176404108796, 0.0 ], [ -46.652094210518001, -23.717619043899901, 0.0 ], [ -46.652341466934601, -23.717678968450802, 0.0 ], [ -46.652580257013199, -23.717824300063999, 0.0 ], [ -46.6527401610239, -23.7179860931405, 0.0 ], [ -46.652955946107191, -23.718012948416401, 0.0 ], [ -46.652956427867593, -23.718012672420109, 0.0 ], [ -46.652968092543297, -23.7180141728428, 0.0 ], [ -46.653105651504013, -23.717943094821599, 0.0 ], [ -46.653201851640397, -23.717779648323301, 0.0 ], [ -46.653404358023202, -23.717606488560602, 0.0 ], [ -46.653450165692, -23.717442406938002, 0.0 ], [ -46.653576166916508, -23.717230882197299, 0.0 ], [ -46.653710581299102, -23.717173469961701, 0.0 ], [ -46.653859365855602, -23.717229479362899, 0.0 ], [ -46.654053674612598, -23.717323371849702, 0.0 ], [ -46.6542486829238, -23.717427819649291, 0.0 ], [ -46.654253175890403, -23.7174249728379, 0.0 ], [ -46.654260829310701, -23.717429043976502, 0.0 ], [ -46.654415100235099, -23.7173301596576, 0.0 ], [ -46.654452943618203, -23.7173233448082, 0.0 ], [ -46.654679043927501, -23.717340968842802, 0.0 ], [ -46.654928034907996, -23.717333249092199, 0.0 ], [ -46.655196910313109, -23.7173823746731, 0.0 ], [ -46.655200301956903, -23.717381977247602, 0.0 ], [ -46.65520905669969, -23.717383598925501, 0.0 ], [ -46.655473383905708, -23.717354317227901, 0.0 ], [ -46.655683336219603, -23.717303588234401, 0.0 ], [ -46.655884081678899, -23.717177029987901, 0.0 ], [ -46.655966526940091, -23.7170325982229, 0.0 ], [ -46.655919648080499, -23.716887474518099, 0.0 ], [ -46.6558082549099, -23.716692844396398, 0.0 ], [ -46.655696176782001, -23.716527202178501, 0.0 ], [ -46.655449053119497, -23.716163842138901, 0.0 ], [ -46.655321246610107, -23.715982207367698, 0.0 ], [ -46.655111293041301, -23.715885323930799, 0.0 ], [ -46.654860230515602, -23.715792762160799, 0.0 ], [ -46.6548847797158, -23.7156361302244, 0.0 ], [ -46.6550796572946, -23.715531755068898, 0.0 ], [ -46.6552235076716, -23.71554935568, 0.0 ], [ -46.655402285291999, -23.715694332077, 0.0 ], [ -46.655564366648598, -23.715778726846001, 0.0 ], [ -46.655776522246498, -23.715915490940599, 0.0 ], [ -46.655930142073807, -23.7160854733715, 0.0 ], [ -46.656019529822593, -23.7162410661658, 0.0 ], [ -46.656169512140103, -23.716289476801901, 0.0 ], [ -46.656401285722097, -23.716372221567902, 0.0 ], [ -46.656841008260599, -23.716489032144501, 0.0 ], [ -46.656848124058101, -23.716488955921399, 0.0 ], [ -46.656853154570797, -23.716490256271701, 0.0 ], [ -46.657120062988199, -23.716486223279901, 0.0 ], [ -46.657301226090908, -23.716416570452001, 0.0 ], [ -46.657489890262099, -23.716415722518999, 0.0 ], [ -46.657696026343892, -23.716466328640099, 0.0 ], [ -46.658046046608497, -23.716511510021501, 0.0 ], [ -46.658049039618099, -23.71651156822, 0.0 ], [ -46.6580581929258, -23.7165127340533, 0.0 ], [ -46.658233474151501, -23.716515188550009, 0.0 ], [ -46.658456688010702, -23.716413394453699, 0.0 ], [ -46.658597952560697, -23.7164118797191, 0.0 ], [ -46.658787254807407, -23.716256911352001, 0.0 ], [ -46.658794326181798, -23.716157434623899, 0.0 ], [ -46.658767887548699, -23.716042878977401, 0.0 ], [ -46.6587073310858, -23.715852400585, 0.0 ], [ -46.658612877855198, -23.715616241618601, 0.0 ], [ -46.658445274134792, -23.715510963820801, 0.0 ], [ -46.658318089333108, -23.715321199591401, 0.0 ], [ -46.658391612205897, -23.7152133364179, 0.0 ], [ -46.658431432301803, -23.715075138550599, 0.0 ], [ -46.658541814830002, -23.714933927041599, 0.0 ], [ -46.658626308136007, -23.715002899629599, 0.0 ], [ -46.658685606835093, -23.7150939906746, 0.0 ], [ -46.658927989886998, -23.7151907922505, 0.0 ], [ -46.659212340155086, -23.715325513270901, 0.0 ], [ -46.659404542849593, -23.7153999206047, 0.0 ], [ -46.659789464712901, -23.715602266414201, 0.0 ], [ -46.65996548019681, -23.715707542708401, 0.0 ], [ -46.659975914658702, -23.715707701575202, 0.0 ], [ -46.659977626447102, -23.715708766592702, 0.0 ], [ -46.660243754221597, -23.715713494044302, 0.0 ], [ -46.660408938514998, -23.7156275778134, 0.0 ], [ -46.660582160859512, -23.7155186434107, 0.0 ], [ -46.660806209987101, -23.715432004529301, 0.0 ], [ -46.661037737332002, -23.715335624822899, 0.0 ], [ -46.661186553816208, -23.715272815273401, 0.0 ], [ -46.6614069529369, -23.714949223707301, 0.0 ], [ -46.6614373611323, -23.714719489758291, 0.0 ], [ -46.661336610007687, -23.714644012486701, 0.0 ], [ -46.661177446560792, -23.7145539047442, 0.0 ], [ -46.660759406056599, -23.7143672659004, 0.0 ], [ -46.660315895277797, -23.714142529257, 0.0 ], [ -46.659843921525997, -23.713956286125899, 0.0 ], [ -46.659476297842197, -23.713772081948701, 0.0 ], [ -46.659121482000998, -23.7136285471158, 0.0 ], [ -46.658652387106301, -23.713509800536301, 0.0 ], [ -46.658272516243798, -23.7133928947922, 0.0 ], [ -46.658082704091697, -23.713315390644699, 0.0 ], [ -46.657724123266902, -23.713116910821, 0.0 ], [ -46.6573701929752, -23.712895990237801, 0.0 ], [ -46.657073406794296, -23.712710930782801, 0.0 ], [ -46.656942826199597, -23.712642450877802, 0.0 ], [ -46.656935890577202, -23.712643969685502, 0.0 ], [ -46.656930680248003, -23.712641226737201, 0.0 ], [ -46.656715746460499, -23.712687496321902, 0.0 ], [ -46.656581123366408, -23.7127087098972, 0.0 ], [ -46.656316138003291, -23.712704324752298, 0.0 ], [ -46.656153559710198, -23.712766012984499, 0.0 ], [ -46.656006622183, -23.712811102202, 0.0 ], [ -46.655997179828901, -23.7127037671127, 0.0 ], [ -46.656077544452287, -23.712593303836002, 0.0 ], [ -46.656208584750502, -23.7124869023868, 0.0 ], [ -46.656320264405501, -23.7123907294873, 0.0 ], [ -46.656350573403607, -23.712267711061099, 0.0 ], [ -46.656320169972098, -23.712056685277499, 0.0 ], [ -46.656251745495098, -23.711889492432899, 0.0 ], [ -46.656298931337901, -23.7117837178433, 0.0 ], [ -46.656438911333503, -23.7117257022181, 0.0 ], [ -46.656587368379498, -23.711865043497799, 0.0 ], [ -46.656679376717904, -23.711965806552101, 0.0 ], [ -46.6571123732475, -23.712146699373001, 0.0 ], [ -46.657336929066702, -23.712305177098099, 0.0 ], [ -46.657622552327503, -23.7124260745931, 0.0 ], [ -46.657939167523601, -23.712535624922701, 0.0 ], [ -46.657948064279893, -23.712535710135899, 0.0 ], [ -46.657951313469603, -23.712536848984001, 0.0 ], [ -46.658249035923497, -23.7125400678723, 0.0 ], [ -46.658348182322797, -23.712610418434, 0.0 ], [ -46.658541086196003, -23.7127086541092, 0.0 ], [ -46.658826521664103, -23.712776194393399, 0.0 ], [ -46.659146562307697, -23.712830362318702, 0.0 ], [ -46.659312952078999, -23.7128655031214, 0.0 ], [ -46.6593136649619, -23.712864321803501, 0.0 ], [ -46.659325098061402, -23.712866727072399, 0.0 ], [ -46.659464906250392, -23.712641778427098, 0.0 ], [ -46.659426839842098, -23.712240971822101, 0.0 ], [ -46.659424181124201, -23.711915803147502, 0.0 ], [ -46.659584481898897, -23.711872463344001, 0.0 ], [ -46.659775508849492, -23.7119182635622, 0.0 ], [ -46.65995130638121, -23.712166459489499, 0.0 ], [ -46.660075089957793, -23.712502877550602, 0.0 ], [ -46.660047533607802, -23.7127600266132, 0.0 ], [ -46.6600755667626, -23.712898309216001, 0.0 ], [ -46.660240724957703, -23.713046947150001, 0.0 ], [ -46.660533054038403, -23.7131350848781, 0.0 ], [ -46.66076587905841, -23.713198942958599, 0.0 ], [ -46.660974812587398, -23.7132728077049, 0.0 ], [ -46.660979809850197, -23.713271490094399, 0.0 ], [ -46.660986958614799, -23.7132740315223, 0.0 ], [ -46.661279460015102, -23.713196949282199, 0.0 ], [ -46.661462277415687, -23.7130350055529, 0.0 ], [ -46.6616806565536, -23.712813996122101, 0.0 ], [ -46.661838811504808, -23.712620447245701, 0.0 ], [ -46.661959222313399, -23.712511627414798, 0.0 ], [ -46.662098394776201, -23.712607005064701, 0.0 ], [ -46.662191848298491, -23.712687435566799, 0.0 ], [ -46.66218161573461, -23.7127861337929, 0.0 ], [ -46.662053264209398, -23.712944784665009, 0.0 ], [ -46.661958813433301, -23.713194075789801, 0.0 ], [ -46.661881550844903, -23.713376644147999, 0.0 ], [ -46.661953246116489, -23.713584335724001, 0.0 ], [ -46.662159775977997, -23.7137236792952, 0.0 ], [ -46.662482273883597, -23.713773660749499, 0.0 ], [ -46.662487694898601, -23.713773873334699, 0.0 ], [ -46.662494419963998, -23.713774884445002, 0.0 ], [ -46.662968355435098, -23.7137903744851, 0.0 ], [ -46.663397709198399, -23.713810495456599, 0.0 ], [ -46.663849105776301, -23.713623902646098, 0.0 ], [ -46.664144927590399, -23.713464441912201, 0.0 ], [ -46.664300831761203, -23.713367787708599, 0.0 ], [ -46.664427930090802, -23.7132507686735, 0.0 ], [ -46.664424642183597, -23.7131000327268, 0.0 ], [ -46.664347429430109, -23.712897547901498, 0.0 ], [ -46.664319641560198, -23.7127789451662, 0.0 ], [ -46.664373268298498, -23.712645924151499, 0.0 ], [ -46.664539798810502, -23.712679342397099, 0.0 ], [ -46.664710193470299, -23.712755964061699, 0.0 ], [ -46.664835106699499, -23.712728076794601, 0.0 ], [ -46.664978449896303, -23.7125848812375, 0.0 ], [ -46.665048292677113, -23.712474346321098, 0.0 ], [ -46.664992702357097, -23.7123379865297, 0.0 ], [ -46.665070291760699, -23.712245244108601, 0.0 ], [ -46.665228781785899, -23.7122250302547, 0.0 ], [ -46.6653032807165, -23.712111826931, 0.0 ], [ -46.6653590764002, -23.711793071757398, 0.0 ], [ -46.665427955768003, -23.711415672833802, 0.0 ], [ -46.665571897792503, -23.710733936925699, 0.0 ], [ -46.665674397384002, -23.7102403438432, 0.0 ], [ -46.665554617858902, -23.709946320271399, 0.0 ], [ -46.665227009016299, -23.7097032861335, 0.0 ], [ -46.664291012545, -23.709101695688101, 0.0 ], [ -46.663831945034893, -23.708962813710201, 0.0 ], [ -46.663512520434097, -23.708886439054201, 0.0 ], [ -46.663141049044498, -23.708799789349499, 0.0 ], [ -46.662677263400397, -23.708607507411799, 0.0 ], [ -46.662348832502801, -23.7084584594967, 0.0 ], [ -46.662050858668003, -23.7083261470246, 0.0 ], [ -46.6617261104942, -23.708212358560299, 0.0 ], [ -46.661583226552096, -23.708104470912399, 0.0 ], [ -46.661283025324799, -23.7078280901192, 0.0 ], [ -46.661098983688198, -23.707611853626702, 0.0 ], [ -46.66106594591831, -23.7074742568273, 0.0 ], [ -46.660972915855503, -23.7074141343893, 0.0 ], [ -46.660807980431692, -23.707333657680309, 0.0 ], [ -46.660461839676799, -23.7070308640705, 0.0 ], [ -46.660126714464603, -23.706742125751209, 0.0 ], [ -46.659785032131801, -23.706478284642301, 0.0 ], [ -46.6594922206666, -23.706184576755799, 0.0 ], [ -46.659132772413002, -23.705922459410399, 0.0 ], [ -46.6589178382211, -23.705750338249299, 0.0 ], [ -46.6587166248787, -23.705620863570299, 0.0 ], [ -46.658418469056997, -23.705556528265699, 0.0 ], [ -46.65817777159161, -23.705450859209801, 0.0 ], [ -46.657888302568693, -23.705414778468299, 0.0 ], [ -46.657715785885401, -23.705277952895599, 0.0 ], [ -46.657505190961203, -23.705161036045101, 0.0 ], [ -46.657200617919401, -23.704998268803202, 0.0 ], [ -46.6569721846382, -23.704954309967199, 0.0 ], [ -46.656688228170701, -23.7049704414807, 0.0 ], [ -46.656476254828412, -23.705000427652401, 0.0 ], [ -46.656274898596891, -23.705057926356901, 0.0 ], [ -46.656081599274508, -23.705132311697898, 0.0 ], [ -46.655918547335602, -23.705219825207099, 0.0 ], [ -46.655681735596097, -23.705351373193999, 0.0 ], [ -46.6555498831096, -23.705533890896, 0.0 ], [ -46.655420642844199, -23.705769647277801, 0.0 ], [ -46.655362727616691, -23.706018363454401, 0.0 ], [ -46.655306021440197, -23.706202695192101, 0.0 ], [ -46.655219264188098, -23.706319004476999, 0.0 ], [ -46.655099259213898, -23.7063126142024, 0.0 ], [ -46.65494738935881, -23.706216191785099, 0.0 ], [ -46.6547458042036, -23.7060762429935, 0.0 ], [ -46.654509145166301, -23.706034174194201, 0.0 ], [ -46.654506238940712, -23.7060345664012, 0.0 ], [ -46.654496999841093, -23.706032949826, 0.0 ], [ -46.654415308925508, -23.706044476679001, 0.0 ], [ -46.654383198689601, -23.7059157158704, 0.0 ], [ -46.654236730032203, -23.705811470649, 0.0 ], [ -46.6543100595322, -23.705624253025501, 0.0 ], [ -46.654462537734197, -23.705390686643099, 0.0 ], [ -46.654621797975302, -23.705188375673401, 0.0 ], [ -46.654761190396798, -23.7049624424216, 0.0 ], [ -46.654861092547101, -23.704702262886801, 0.0 ], [ -46.655001456613597, -23.704463679489301, 0.0 ], [ -46.655094708588301, -23.704234086478898, 0.0 ], [ -46.655090628329603, -23.704038848822599, 0.0 ], [ -46.654977534730797, -23.703772460761002, 0.0 ], [ -46.654762396381699, -23.703596272837402, 0.0 ], [ -46.654482172646802, -23.703446511048998, 0.0 ], [ -46.6542882376325, -23.703387011728701, 0.0 ], [ -46.653980758289201, -23.703352289624601, 0.0 ], [ -46.653978654963993, -23.703352221823899, 0.0 ], [ -46.6539686132162, -23.703351065200501, 0.0 ], [ -46.653663189248398, -23.703338259176199, 0.0 ], [ -46.653314922777703, -23.7034421943934, 0.0 ], [ -46.653032248691098, -23.703527823033301, 0.0 ], [ -46.652759119474801, -23.7036137103544, 0.0 ], [ -46.652458679536103, -23.703701333387201, 0.0 ], [ -46.652204999886898, -23.703739252501499, 0.0 ], [ -46.651860663284403, -23.703840795224998, 0.0 ], [ -46.651653312175704, -23.703884628949901, 0.0 ], [ -46.651431739966313, -23.7039614770928, 0.0 ], [ -46.65124425770999, -23.703977742561399, 0.0 ], [ -46.651109497883397, -23.7041031387716, 0.0 ], [ -46.650954803284691, -23.7041930858862, 0.0 ], [ -46.650788723316097, -23.704303648503402, 0.0 ], [ -46.650603639426897, -23.704266349959791, 0.0 ], [ -46.650534472985399, -23.704097085329899, 0.0 ], [ -46.650535137656298, -23.7039120888663, 0.0 ], [ -46.650503327070801, -23.703678234691701, 0.0 ], [ -46.650561387903402, -23.703549684704502, 0.0 ], [ -46.65075955025069, -23.703501797469499, 0.0 ], [ -46.650927993339998, -23.703463435907899, 0.0 ], [ -46.650957416770012, -23.7033340176473, 0.0 ], [ -46.651109887093597, -23.7033308560219, 0.0 ], [ -46.651338660130897, -23.703292933674, 0.0 ], [ -46.651590531383697, -23.703194907007202, 0.0 ], [ -46.651911936041209, -23.703051176871, 0.0 ], [ -46.652277832072201, -23.702902366620801, 0.0 ], [ -46.652637153603798, -23.7026682183125, 0.0 ], [ -46.652887334670289, -23.702519649360699, 0.0 ], [ -46.653090003292299, -23.702303333876099, 0.0 ], [ -46.653243461392101, -23.702102711396599, 0.0 ], [ -46.653343969919092, -23.701813545493302, 0.0 ], [ -46.653260171487702, -23.7015164175941, 0.0 ], [ -46.653127139801697, -23.701316508347102, 0.0 ], [ -46.653001533064803, -23.7011924474137, 0.0 ], [ -46.652846376150798, -23.7010463118703, 0.0 ], [ -46.6528440513395, -23.700836068244801, 0.0 ], [ -46.652875024182798, -23.7006051553617, 0.0 ], [ -46.652905888205702, -23.700404127214998, 0.0 ], [ -46.652922470229598, -23.700186278454201, 0.0 ], [ -46.652815459482497, -23.6999463664948, 0.0 ], [ -46.652749302992191, -23.699701503998501, 0.0 ], [ -46.6526865835799, -23.699453444854999, 0.0 ], [ -46.652543883186702, -23.699223935151799, 0.0 ], [ -46.652292012449202, -23.699025925878999, 0.0 ], [ -46.652038592469403, -23.698878220196299, 0.0 ], [ -46.651807655258587, -23.698769276268301, 0.0 ], [ -46.651559502169903, -23.698648056673399, 0.0 ], [ -46.651337194140197, -23.698569354935199, 0.0 ], [ -46.651170219133, -23.698550371437499, 0.0 ], [ -46.651169573464692, -23.6985504686089, 0.0 ], [ -46.651158074519401, -23.698549146765799, 0.0 ], [ -46.650994045199212, -23.698571481172099, 0.0 ], [ -46.6508753597669, -23.698515146814898, 0.0 ], [ -46.650830314222098, -23.698398981922601, 0.0 ], [ -46.650835731881287, -23.6982511311727, 0.0 ], [ -46.6507497531383, -23.698049995320101, 0.0 ], [ -46.650663074886893, -23.697896084778801, 0.0 ], [ -46.650528629719993, -23.697731037113101, 0.0 ], [ -46.6503588499396, -23.697598235943701, 0.0 ], [ -46.650189776672292, -23.697489442272609, 0.0 ], [ -46.649974704480499, -23.697439371233909, 0.0 ], [ -46.649973021386792, -23.697440562854201, 0.0 ], [ -46.6499625599754, -23.697438146461799, 0.0 ], [ -46.64988626044579, -23.697492226738198, 0.0 ], [ -46.649804383857401, -23.697456444709999, 0.0 ], [ -46.649735877902891, -23.697249253538399, 0.0 ], [ -46.649612274301703, -23.697155322595599, 0.0 ], [ -46.649629587323197, -23.6970337978995, 0.0 ], [ -46.649689365647298, -23.6968876247686, 0.0 ], [ -46.649785640994303, -23.696743771070999, 0.0 ], [ -46.6498694999691, -23.696641399227801, 0.0 ], [ -46.650018786890797, -23.6965271347654, 0.0 ], [ -46.650045479134597, -23.696405600326791, 0.0 ], [ -46.650139668494887, -23.696404596146699, 0.0 ], [ -46.650270879803593, -23.6963511942484, 0.0 ], [ -46.650364355022603, -23.696267679025802, 0.0 ], [ -46.650529102967099, -23.6962319758821, 0.0 ], [ -46.650697026046302, -23.696152993224199, 0.0 ], [ -46.6508341284135, -23.696072984885699, 0.0 ], [ -46.650959832499701, -23.695980368136102, 0.0 ], [ -46.651104275701698, -23.6959697087634, 0.0 ], [ -46.65124387631591, -23.695946912739299, 0.0 ], [ -46.65129752342299, -23.695847029287201, 0.0 ], [ -46.651412958842798, -23.6957994825901, 0.0 ], [ -46.651600004209399, -23.695762276476898, 0.0 ], [ -46.651747426370797, -23.695737771458301, 0.0 ], [ -46.651941002012599, -23.6957825623197, 0.0 ], [ -46.652108622789008, -23.695878820326499, 0.0 ], [ -46.652265342661003, -23.696027648810801, 0.0 ], [ -46.652259121120501, -23.696233559988102, 0.0 ], [ -46.652194735166901, -23.696341051851, 0.0 ], [ -46.652107103866399, -23.696426221122799, 0.0 ], [ -46.652051264938208, -23.6966602884556, 0.0 ], [ -46.652126739915701, -23.696945498683402, 0.0 ], [ -46.6522443197398, -23.697093932369199, 0.0 ], [ -46.652491139939897, -23.697231506403899, 0.0 ], [ -46.652787161414899, -23.697327114817401, 0.0 ], [ -46.653031789773102, -23.697444668575699, 0.0 ], [ -46.653239651680103, -23.697602700208709, 0.0 ], [ -46.653423780913499, -23.697815245005899, 0.0 ], [ -46.6536996811977, -23.698117091714799, 0.0 ], [ -46.653976239222601, -23.698272131142399, 0.0 ], [ -46.654191029756298, -23.698389460105702, 0.0 ], [ -46.654538657515793, -23.698543829106502, 0.0 ], [ -46.654867242442613, -23.698553858336201, 0.0 ], [ -46.655106593854207, -23.698483496502501, 0.0 ], [ -46.655240142807102, -23.698378243142901, 0.0 ], [ -46.655356555855597, -23.6982799441626, 0.0 ], [ -46.655460902701194, -23.698193059502699, 0.0 ], [ -46.655547743652797, -23.698083791374899, 0.0 ], [ -46.655667858347194, -23.6980802493791, 0.0 ], [ -46.655721956156, -23.698093213035701, 0.0 ], [ -46.655777477635603, -23.698219014765499, 0.0 ], [ -46.655725970769602, -23.698411416462299, 0.0 ], [ -46.655637592579502, -23.698597531677301, 0.0 ], [ -46.655548415851001, -23.698720367246601, 0.0 ], [ -46.655354517002898, -23.698893978393901, 0.0 ], [ -46.655221566550587, -23.699046714147201, 0.0 ], [ -46.655104150382499, -23.699257877116501, 0.0 ], [ -46.655050563904297, -23.699484247151499, 0.0 ], [ -46.655039146144887, -23.699739417790401, 0.0 ], [ -46.655051855800508, -23.7001637006646, 0.0 ], [ -46.655096988413902, -23.700504396142499, 0.0 ], [ -46.655126915732303, -23.7006845510898, 0.0 ], [ -46.655159461241901, -23.7007901948345, 0.0 ], [ -46.655244932873103, -23.700847874083198, 0.0 ], [ -46.655382227112099, -23.7008085770794, 0.0 ], [ -46.655496668633603, -23.700720500957001, 0.0 ], [ -46.6556577203933, -23.700635085985599, 0.0 ], [ -46.655845212672197, -23.7005495685117, 0.0 ], [ -46.655985873327197, -23.700437467174009, 0.0 ], [ -46.65612651418251, -23.700291780792799, 0.0 ], [ -46.656302799982498, -23.700157720390301, 0.0 ], [ -46.656365615042098, -23.700214196983399, 0.0 ], [ -46.656438130808901, -23.700225608972701, 0.0 ], [ -46.656549139680997, -23.700224420735999, 0.0 ], [ -46.656627186197497, -23.7003344523254, 0.0 ], [ -46.656656259356602, -23.700530054356701, 0.0 ], [ -46.656664147215302, -23.700725702604299, 0.0 ], [ -46.6566343250662, -23.7007974353956, 0.0 ], [ -46.656608111204399, -23.700828321818101, 0.0 ], [ -46.656482064035998, -23.700900181809601, 0.0 ], [ -46.656337366672908, -23.7010384184766, 0.0 ], [ -46.656207756056403, -23.701122685117099, 0.0 ], [ -46.656190846178397, -23.701224434034099, 0.0 ], [ -46.656301376296703, -23.701345403431901, 0.0 ], [ -46.656455008549493, -23.701569014105601, 0.0 ], [ -46.656579255082299, -23.701636298871399, 0.0 ], [ -46.656824092991208, -23.701763142916398, 0.0 ], [ -46.657115665461113, -23.701831976094699, 0.0 ], [ -46.657411320199607, -23.701871874563601, 0.0 ], [ -46.657650276644098, -23.7019491248255, 0.0 ], [ -46.660241643077597, -23.698391027718799, 0.0 ], [ -46.658556619985291, -23.696967372282199, 0.0 ], [ -46.657756731421998, -23.696063184740201, 0.0 ], [ -46.657373640052903, -23.695507805960691, 0.0 ], [ -46.657113590535999, -23.695084636830899, 0.0 ], [ -46.656998984429293, -23.6940383140861, 0.0 ], [ -46.658071117615499, -23.693311072314199, 0.0 ], [ -46.658600554040987, -23.693315782689709, 0.0 ], [ -46.659141046534899, -23.6932996077444, 0.0 ], [ -46.6598468871804, -23.693001601347301, 0.0 ], [ -46.66020800883831, -23.693060023531501, 0.0 ], [ -46.660465598515003, -23.6929431433636, 0.0 ], [ -46.660447539437413, -23.692403988995899, 0.0 ], [ -46.659316369155803, -23.692860038349199, 0.0 ], [ -46.658940926663398, -23.6928328247396, 0.0 ], [ -46.657317894974099, -23.6907468048278, 0.0 ], [ -46.656941405116498, -23.690367043316499, 0.0 ], [ -46.65668447068591, -23.690535732826898, 0.0 ], [ -46.656213145860299, -23.6906756585702, 0.0 ], [ -46.655998051374809, -23.690584607348001, 0.0 ], [ -46.656162489366203, -23.6902302038459, 0.0 ], [ -46.655318283427697, -23.689378296783001, 0.0 ], [ -46.654918675336098, -23.6889469547197, 0.0 ], [ -46.654878502051702, -23.6888709146445, 0.0 ], [ -46.6550253316735, -23.688838558589101, 0.0 ], [ -46.654716566561802, -23.6881986845287, 0.0 ], [ -46.654695300970197, -23.688012568122101, 0.0 ], [ -46.655082460212597, -23.687572092881901, 0.0 ], [ -46.655214613442503, -23.6872479190585, 0.0 ], [ -46.655214515529799, -23.687246565863401, 0.0 ], [ -46.655352846503, -23.686905804140601, 0.0 ], [ -46.655437743588301, -23.686476143413302, 0.0 ], [ -46.655332474392402, -23.686206962261299, 0.0 ], [ -46.655208124771001, -23.686046866060401, 0.0 ], [ -46.655060192003113, -23.686273703121401, 0.0 ], [ -46.655074017937203, -23.6865751901788, 0.0 ], [ -46.653622031402691, -23.685713878207899, 0.0 ], [ -46.653644344312092, -23.685360543627802, 0.0 ], [ -46.653873947308902, -23.684960936900499, 0.0 ], [ -46.6534999980367, -23.6845046688188, 0.0 ], [ -46.653343784173209, -23.684369287572299, 0.0 ], [ -46.653030650722599, -23.684215809569601, 0.0 ], [ -46.652563325362003, -23.6841966925466, 0.0 ], [ -46.652242352131097, -23.684274691679299, 0.0 ], [ -46.652033821708898, -23.6840680923702, 0.0 ], [ -46.652024804928502, -23.684071167912201, 0.0 ], [ -46.652008049853208, -23.684082541763502, 0.0 ], [ -46.651968714656697, -23.6841692719223, 0.0 ], [ -46.651392007083302, -23.684813272857099, 0.0 ], [ -46.651163698894507, -23.684872766582998, 0.0 ], [ -46.650625294887099, -23.684595831379301, 0.0 ], [ -46.650370467316613, -23.684500951916899, 0.0 ], [ -46.650126856546898, -23.6845265705374, 0.0 ], [ -46.650033071025497, -23.684687732034298, 0.0 ], [ -46.649768470852102, -23.684728831614301, 0.0 ], [ -46.649083594043702, -23.685349149221, 0.0 ], [ -46.648580530529003, -23.685433323605601, 0.0 ], [ -46.6484898117901, -23.685677963401599, 0.0 ], [ -46.64837178741049, -23.6857312230145, 0.0 ], [ -46.647956397387901, -23.686139932335202, 0.0 ], [ -46.647406684409503, -23.6865984616779, 0.0 ], [ -46.646863301778303, -23.686388736968599, 0.0 ], [ -46.64688231843261, -23.685416547202198, 0.0 ], [ -46.645845478233099, -23.6860764370185, 0.0 ], [ -46.645740770835197, -23.686173069574, 0.0 ], [ -46.645671070410899, -23.6863146520861, 0.0 ], [ -46.6456067897387, -23.686456447814599, 0.0 ], [ -46.645521099346297, -23.686651196403002, 0.0 ], [ -46.645504347119413, -23.686811265820701, 0.0 ], [ -46.645499510467907, -23.686960826036302, 0.0 ], [ -46.6454336805674, -23.687146786604899, 0.0 ], [ -46.6453073563451, -23.687267031972802, 0.0 ], [ -46.645306106094488, -23.687431811915001, 0.0 ], [ -46.645435498007203, -23.687853142210798, 0.0 ], [ -46.645468767241603, -23.688004554483101, 0.0 ], [ -46.645519114529499, -23.688079947431198, 0.0 ], [ -46.645563969827691, -23.688117118708298, 0.0 ], [ -46.645615098096798, -23.6881386946025, 0.0 ], [ -46.645657259661412, -23.688186728452798, 0.0 ], [ -46.645828308424903, -23.688615650675199, 0.0 ], [ -46.645855462580002, -23.688782295386801, 0.0 ], [ -46.645835557455896, -23.6889165773567, 0.0 ], [ -46.645815749498297, -23.6891037641666, 0.0 ], [ -46.64579354231131, -23.6893640154764, 0.0 ], [ -46.645811754290101, -23.690281458851398, 0.0 ], [ -46.645661803705799, -23.691400396016501, 0.0 ], [ -46.645609290645801, -23.691552268654991, 0.0 ], [ -46.645567328044699, -23.691623406363799, 0.0 ], [ -46.645062593826587, -23.692337763916601, 0.0 ], [ -46.644969442776613, -23.6925375571277, 0.0 ], [ -46.645298744114797, -23.692676885114, 0.0 ], [ -46.644344076863398, -23.694711897840801, 0.0 ], [ -46.644358787947098, -23.694750202135101, 0.0 ], [ -46.644387478463102, -23.694781315834799, 0.0 ], [ -46.644432886040804, -23.694843038443299, 0.0 ], [ -46.644277264350798, -23.695181266921701, 0.0 ], [ -46.643944097704399, -23.6950242826085, 0.0 ], [ -46.643685928028198, -23.694747778902101, 0.0 ], [ -46.643572407445198, -23.694554514628699, 0.0 ], [ -46.643506167751802, -23.694443447531, 0.0 ], [ -46.643466004646513, -23.694367855625899, 0.0 ], [ -46.643132833794709, -23.694333022481398, 0.0 ], [ -46.642970511712498, -23.694304139571798, 0.0 ], [ -46.642718433975197, -23.695005154836501, 0.0 ], [ -46.642448496106802, -23.694828356109301, 0.0 ], [ -46.642209746030098, -23.694694832728501, 0.0 ], [ -46.642162914807699, -23.694667883521301, 0.0 ], [ -46.641797637938687, -23.6954342897426, 0.0 ], [ -46.642263899601311, -23.695630132871901, 0.0 ], [ -46.642593642809103, -23.695927095938998, 0.0 ], [ -46.6429037001949, -23.6961176428713, 0.0 ], [ -46.642646843148903, -23.697121879348298, 0.0 ], [ -46.641446502573501, -23.6990514149444, 0.0 ], [ -46.639285507358302, -23.698051321474502, 0.0 ], [ -46.638955783995002, -23.6986558286549, 0.0 ], [ -46.637614073884791, -23.6977315375598, 0.0 ], [ -46.6371424671974, -23.697392547797399, 0.0 ], [ -46.636934466160596, -23.697260767530601, 0.0 ], [ -46.636707817683003, -23.697144442031998, 0.0 ], [ -46.636463016024003, -23.697050788656799, 0.0 ], [ -46.636162326040498, -23.6969625107204, 0.0 ], [ -46.635868891244407, -23.6969048518142, 0.0 ], [ -46.635505227038209, -23.696843781447299, 0.0 ], [ -46.635274667018003, -23.696835203071402, 0.0 ], [ -46.635106772455899, -23.696878416934101, 0.0 ], [ -46.63483876847711, -23.697122575357099, 0.0 ], [ -46.634418037214601, -23.697543676490099, 0.0 ], [ -46.634224420681001, -23.697664263038501, 0.0 ], [ -46.633959986119613, -23.6976563112954, 0.0 ], [ -46.633501583767298, -23.6974549429865, 0.0 ], [ -46.633245834583398, -23.6972871870639, 0.0 ], [ -46.633004001731301, -23.696905583109199, 0.0 ], [ -46.632909917126398, -23.696583632118401, 0.0 ], [ -46.632884164892502, -23.696398552024501, 0.0 ], [ -46.632857752637399, -23.696309901538299, 0.0 ], [ -46.632680679043098, -23.696310776417999, 0.0 ], [ -46.632426872329091, -23.696981550663899, 0.0 ], [ -46.631626146122791, -23.696724560831299, 0.0 ], [ -46.631535448189403, -23.696557680061701, 0.0 ], [ -46.631301539986502, -23.696663520126801, 0.0 ], [ -46.631087493846401, -23.696747482512901, 0.0 ], [ -46.630831457307401, -23.696803538068298, 0.0 ], [ -46.630279500637997, -23.697174549585199, 0.0 ], [ -46.630161506052097, -23.6971144899635, 0.0 ], [ -46.630104490434412, -23.697250515671001, 0.0 ], [ -46.629645511639502, -23.697464535926201, 0.0 ], [ -46.629217413754198, -23.6979125154398, 0.0 ], [ -46.628966431880599, -23.6981675899113, 0.0 ], [ -46.628912439436597, -23.698234606834799, 0.0 ], [ -46.628853376114201, -23.698329574707898, 0.0 ], [ -46.628828377745798, -23.6985566299211, 0.0 ], [ -46.628828425230999, -23.698827570154499, 0.0 ], [ -46.628845439334903, -23.6989735600411, 0.0 ], [ -46.628857436271097, -23.699034555690499, 0.0 ], [ -46.628836394529202, -23.699241616599799, 0.0 ], [ -46.628841397642091, -23.6993906219619, 0.0 ], [ -46.628832401035098, -23.699662560190799, 0.0 ], [ -46.628803411354497, -23.699815624938999, 0.0 ], [ -46.628744402791099, -23.699934607615099, 0.0 ], [ -46.628711409484609, -23.699973596175202, 0.0 ], [ -46.628532442511997, -23.700141601167601, 0.0 ], [ -46.628469423322301, -23.7001915590957, 0.0 ], [ -46.628377390755396, -23.7003405924142, 0.0 ], [ -46.628377426534897, -23.700382573855499, 0.0 ], [ -46.628360425399798, -23.700628594655502, 0.0 ], [ -46.628356399697097, -23.700662583602099, 0.0 ], [ -46.628314379037697, -23.700762608421901, 0.0 ], [ -46.628147454282598, -23.700858530380199, 0.0 ], [ -46.628046402075597, -23.700984545850499, 0.0 ], [ -46.627967377676597, -23.701041533519199, 0.0 ], [ -46.627707453802998, -23.7011565803171, 0.0 ], [ -46.627456357324697, -23.701233614793701, 0.0 ], [ -46.627176339665198, -23.701371623493401, 0.0 ], [ -46.6268993226549, -23.7016016893452, 0.0 ], [ -46.626749306463097, -23.701750609104302, 0.0 ], [ -46.626673338929301, -23.7018846661392, 0.0 ], [ -46.626627315631502, -23.702007664647699, 0.0 ], [ -46.626560341342199, -23.702149662335, 0.0 ], [ -46.626457308665799, -23.702259627209699, 0.0 ], [ -46.626267353757306, -23.702239684711799, 0.0 ], [ -46.626063750370513, -23.702195057424799, 0.0 ], [ -46.625715980878297, -23.702118990994698, 0.0 ], [ -46.625321334052302, -23.702116636088, 0.0 ], [ -46.624950127893001, -23.702237541947898, 0.0 ], [ -46.624950290718701, -23.702237630521601, 0.0 ], [ -46.624950209864799, -23.7022376313706, 0.0 ], [ -46.624690686076299, -23.7024703085916, 0.0 ], [ -46.624621717104198, -23.702673448453201, 0.0 ], [ -46.624566598911187, -23.702950294836, 0.0 ], [ -46.624561628179599, -23.7032280592706, 0.0 ], [ -46.624512665810897, -23.703525335372799, 0.0 ], [ -46.624478713792797, -23.7036372822926, 0.0 ], [ -46.624373722301101, -23.7037982766659, 0.0 ], [ -46.624298598196908, -23.703909301498001, 0.0 ], [ -46.624244699768703, -23.703997352039899, 0.0 ], [ -46.624110619216701, -23.704173277530501, 0.0 ], [ -46.623662616014897, -23.704610437441499, 0.0 ], [ -46.623595600144192, -23.704736363960599, 0.0 ], [ -46.623001589052301, -23.705307500098499, 0.0 ], [ -46.622394515101398, -23.705947476934298, 0.0 ], [ -46.622064520920603, -23.706361366003001, 0.0 ], [ -46.621950530833502, -23.7065144180009, 0.0 ], [ -46.621846507340798, -23.7066363981744, 0.0 ], [ -46.621252499940702, -23.707019377067301, 0.0 ], [ -46.621151547150397, -23.707069278301599, 0.0 ], [ -46.6207085523884, -23.707265410866299, 0.0 ], [ -46.620595546462297, -23.707295395041101, 0.0 ], [ -46.620319546893498, -23.707341350985701, 0.0 ], [ -46.620009446799202, -23.707448334117199, 0.0 ], [ -46.619929397966999, -23.7074753545105, 0.0 ], [ -46.619724467902707, -23.7076054319481, 0.0 ], [ -46.619636523258009, -23.707713429020409, 0.0 ], [ -46.619402463383608, -23.707881459282699, 0.0 ], [ -46.619138466697713, -23.7079434483346, 0.0 ], [ -46.618741341558703, -23.708023532342899, 0.0 ], [ -46.618565431623203, -23.708054534335599, 0.0 ], [ -46.618188414546204, -23.708145511488109, 0.0 ], [ -46.617808432711399, -23.7081994121367, 0.0 ], [ -46.61736829441471, -23.708234439448599, 0.0 ], [ -46.61722627362721, -23.7082724889381, 0.0 ], [ -46.616959265372003, -23.708372424995201, 0.0 ], [ -46.616833328348399, -23.708429446194401, 0.0 ], [ -46.616716371990201, -23.708506506727101, 0.0 ], [ -46.616582372417298, -23.708670507940401, 0.0 ], [ -46.616544278120003, -23.7087094571351, 0.0 ], [ -46.616502350121692, -23.708870419722398, 0.0 ], [ -46.616502328463497, -23.709065523127801, 0.0 ], [ -46.616544301717703, -23.709249443976091, 0.0 ], [ -46.616540341303399, -23.709341484491599, 0.0 ], [ -46.6165573260553, -23.7095253955702, 0.0 ], [ -46.616536276250102, -23.709628448696002, 0.0 ], [ -46.6165233326386, -23.7097593147951, 0.0 ], [ -46.616523251535199, -23.709877406772002, 0.0 ], [ -46.616527345936603, -23.7099274714645, 0.0 ], [ -46.616632250445413, -23.710578404399001, 0.0 ], [ -46.6166453183993, -23.710713512862799, 0.0 ], [ -46.616682358274801, -23.710805486045899, 0.0 ], [ -46.61670336315111, -23.711046504642791, 0.0 ], [ -46.616770271252904, -23.7112915576913, 0.0 ], [ -46.617063285264997, -23.712211555726199, 0.0 ], [ -46.617096356571501, -23.712368574505501, 0.0 ], [ -46.617402369057203, -23.7126175376814, 0.0 ], [ -46.617988345278498, -23.712924423420599, 0.0 ], [ -46.618072457345399, -23.712977352706101, 0.0 ], [ -46.618202457910591, -23.713085506937201, 0.0 ], [ -46.618239327343403, -23.713104532237001, 0.0 ], [ -46.618566410190702, -23.713330521018602, 0.0 ], [ -46.618771388445097, -23.713452516157499, 0.0 ], [ -46.618900399164993, -23.7135524642974, 0.0 ], [ -46.619055456772998, -23.713659452677501, 0.0 ], [ -46.619085438680898, -23.713690467287009, 0.0 ], [ -46.619160360349703, -23.713732567809199, 0.0 ], [ -46.619277449680702, -23.713862524263799, 0.0 ], [ -46.619390458019801, -23.713943589625501, 0.0 ], [ -46.619536427085798, -23.714054554819899, 0.0 ], [ -46.619624483022911, -23.714138589744199, 0.0 ], [ -46.619712491231901, -23.714192560675301, 0.0 ], [ -46.6198965521777, -23.7143035780594, 0.0 ], [ -46.620001461732997, -23.714383644344402, 0.0 ], [ -46.620106455049211, -23.7144835720621, 0.0 ], [ -46.620248429613213, -23.714552596498201, 0.0 ], [ -46.620315539195502, -23.714564533248399, 0.0 ], [ -46.620348426498403, -23.714601566152702, 0.0 ], [ -46.620520450175498, -23.714713521382901, 0.0 ], [ -46.620696507187887, -23.714824621596101, 0.0 ], [ -46.6208094864907, -23.714896657784301, 0.0 ], [ -46.620963545214998, -23.7149356710486, 0.0 ], [ -46.621072523461507, -23.715004589036699, 0.0 ], [ -46.621198467703003, -23.715065564742201, 0.0 ], [ -46.621340541648401, -23.715142532026402, 0.0 ], [ -46.6214705374122, -23.7151845054895, 0.0 ], [ -46.621558611649398, -23.7152306199389, 0.0 ], [ -46.621658570729998, -23.715302611392101, 0.0 ], [ -46.6217215663834, -23.715367677347999, 0.0 ], [ -46.6217966279414, -23.715440561716999, 0.0 ], [ -46.6218676128521, -23.715543462916699, 0.0 ], [ -46.621930521634397, -23.715601487572801, 0.0 ], [ -46.622039625060687, -23.7156935160919, 0.0 ], [ -46.622064518932, -23.7157315352494, 0.0 ], [ -46.622144554408699, -23.715781525542599, 0.0 ], [ -46.622215580686699, -23.715861584398699, 0.0 ], [ -46.622340649048603, -23.715923561411699, 0.0 ], [ -46.622437511501801, -23.7159805074483, 0.0 ], [ -46.622533645502799, -23.715965505120302, 0.0 ], [ -46.622608544750797, -23.715907569984001, 0.0 ], [ -46.6226545944603, -23.715877564208, 0.0 ], [ -46.622771616794601, -23.715877510232101, 0.0 ], [ -46.622863536173703, -23.715907513093502, 0.0 ], [ -46.622939603497301, -23.715950502477501, 0.0 ], [ -46.622976629268898, -23.715988574747801, 0.0 ], [ -46.62307359035259, -23.7160534642816, 0.0 ], [ -46.623165602563503, -23.716110551020702, 0.0 ], [ -46.623319585289913, -23.716084468256099, 0.0 ], [ -46.623474631787602, -23.716072458395399, 0.0 ], [ -46.623604602338808, -23.7160534889194, 0.0 ], [ -46.6237256079364, -23.716022425178799, 0.0 ], [ -46.623830653402898, -23.715969499735799, 0.0 ], [ -46.623939597338008, -23.7159505701554, 0.0 ], [ -46.624424596086101, -23.7160945354426, 0.0 ], [ -46.6252408824, -23.716384527891599, 0.0 ], [ -46.625381674936001, -23.716416543612102, 0.0 ], [ -46.625487803512797, -23.716444499601, 0.0 ], [ -46.625593703541007, -23.7164605405092, 0.0 ], [ -46.625687776666702, -23.7164684898598, 0.0 ], [ -46.625747809730591, -23.716483568193802, 0.0 ], [ -46.625917698677291, -23.7164815116051, 0.0 ], [ -46.625917700301692, -23.716605560952999, 0.0 ], [ -46.625924708638692, -23.716681596171291, 0.0 ], [ -46.625968721293603, -23.716852581641898, 0.0 ], [ -46.626056360909097, -23.716850396363299, 0.0 ], [ -46.626537173751203, -23.716526098974299, 0.0 ], [ -46.626576057102497, -23.7164726034643, 0.0 ], [ -46.626651585783797, -23.716354711667599, 0.0 ], [ -46.626777781259698, -23.716174894288301, 0.0 ], [ -46.626762416079998, -23.716148873712399, 0.0 ], [ -46.626792736130803, -23.716050507102501, 0.0 ], [ -46.6269394691058, -23.716000752490199, 0.0 ], [ -46.627112084668802, -23.715879582197999, 0.0 ], [ -46.627209935758202, -23.7158074998482, 0.0 ], [ -46.6272961269338, -23.7158059611189, 0.0 ], [ -46.627324865473199, -23.715808276990899, 0.0 ], [ -46.627449438424691, -23.715719391512099, 0.0 ], [ -46.627486100885598, -23.715702032498601, 0.0 ], [ -46.627602765014103, -23.715725271740901, 0.0 ], [ -46.627623927903997, -23.7157427445891, 0.0 ], [ -46.627537729453103, -23.715841428448901, 0.0 ], [ -46.62751183414251, -23.715853166901901, 0.0 ], [ -46.627503948377402, -23.716025781334899, 0.0 ], [ -46.627521988426402, -23.716182594240902, 0.0 ], [ -46.627607920294203, -23.716342574936601, 0.0 ], [ -46.627687706536108, -23.716391842600899, 0.0 ], [ -46.628015679283997, -23.7165117179491, 0.0 ], [ -46.628121624727591, -23.7165639602391, 0.0 ], [ -46.6282820089205, -23.716656166585, 0.0 ], [ -46.628391392868501, -23.716685711372499, 0.0 ], [ -46.628530078734599, -23.716801980670699, 0.0 ], [ -46.628781170785899, -23.716976201741701, 0.0 ], [ -46.6290166280234, -23.717135238880999, 0.0 ], [ -46.629228483014998, -23.717282245723101, 0.0 ], [ -46.629469375087901, -23.717507583068201, 0.0 ], [ -46.629994172098108, -23.717950580553499, 0.0 ], [ -46.630166480795687, -23.7180649590847, 0.0 ], [ -46.630356997365709, -23.7182062304482, 0.0 ], [ -46.630526856100303, -23.718318648139601, 0.0 ], [ -46.6307822512141, -23.718311712192801, 0.0 ], [ -46.630959061704502, -23.718222273117401, 0.0 ], [ -46.631059134779797, -23.718172826020201, 0.0 ], [ -46.631195816443203, -23.718049682813898, 0.0 ], [ -46.631295666872603, -23.7179108575511, 0.0 ], [ -46.6314130408484, -23.717795953012299, 0.0 ], [ -46.631558787472997, -23.7176864369425, 0.0 ], [ -46.631611113512399, -23.717595511486, 0.0 ], [ -46.6317196617481, -23.717512298954201, 0.0 ], [ -46.631820721326413, -23.717496697185499, 0.0 ], [ -46.631915976785002, -23.717495601900598, 0.0 ], [ -46.632038716233701, -23.717421990009498, 0.0 ], [ -46.632142694231298, -23.7173484857211, 0.0 ], [ -46.632345293921396, -23.717349417319699, 0.0 ], [ -46.632511065648004, -23.7174128521863, 0.0 ], [ -46.632525586257003, -23.717539817626399, 0.0 ], [ -46.632448869715887, -23.717659349708299, 0.0 ], [ -46.632354250379201, -23.717724539665401, 0.0 ], [ -46.632193990826501, -23.7178635516422, 0.0 ], [ -46.632087198243703, -23.717977351974501, 0.0 ], [ -46.632011141272507, -23.718253879347099, 0.0 ], [ -46.631948352360503, -23.7183293866232, 0.0 ], [ -46.631894813591209, -23.718465827705899, 0.0 ], [ -46.631920886675701, -23.7187022750905, 0.0 ], [ -46.631929425004799, -23.718783981554601, 0.0 ], [ -46.6319109941969, -23.7188756328793, 0.0 ], [ -46.631912643675598, -23.719008151171501, 0.0 ], [ -46.6319542462412, -23.719062784934501, 0.0 ], [ -46.631940114309813, -23.719090470416202, 0.0 ], [ -46.631952710499597, -23.719173307737801, 0.0 ], [ -46.632013213106099, -23.7192649387157, 0.0 ], [ -46.632000752900012, -23.719374944809001, 0.0 ], [ -46.632020146164393, -23.719445070752901, 0.0 ], [ -46.632175115377201, -23.719556560200701, 0.0 ], [ -46.632298663774002, -23.719703681814401, 0.0 ], [ -46.632487549148891, -23.719791519909499, 0.0 ], [ -46.632553817077188, -23.719956399695501, 0.0 ], [ -46.632691189864602, -23.720122515047802, 0.0 ], [ -46.632888399477402, -23.7202877276561, 0.0 ], [ -46.63308858838689, -23.720471326283899, 0.0 ], [ -46.633316513278501, -23.720518213923999, 0.0 ], [ -46.633401719151799, -23.720593151854398, 0.0 ], [ -46.633426352711702, -23.720785194701399, 0.0 ], [ -46.6335097680372, -23.720891660273502, 0.0 ], [ -46.633609518141903, -23.721049866030299, 0.0 ], [ -46.633662984513293, -23.721102387712801, 0.0 ], [ -46.6338013947448, -23.721234725105099, 0.0 ], [ -46.633952427635798, -23.721296147058201, 0.0 ], [ -46.634190576695097, -23.721287220645799, 0.0 ], [ -46.634476249695297, -23.7211914809928, 0.0 ], [ -46.634687867630703, -23.721130379761401, 0.0 ], [ -46.634892044234, -23.721017353872, 0.0 ], [ -46.635105135481098, -23.7208928578107, 0.0 ], [ -46.635366323149391, -23.720740497128599, 0.0 ], [ -46.635524209840703, -23.720683574281701, 0.0 ], [ -46.635654659156508, -23.720676867983901, 0.0 ], [ -46.635733027102098, -23.720735174520499, 0.0 ], [ -46.635681288458997, -23.720996188294301, 0.0 ], [ -46.635589242513113, -23.721151004079999, 0.0 ], [ -46.635439147054001, -23.721359249278699, 0.0 ], [ -46.6353201626236, -23.721591361228, 0.0 ], [ -46.635181259857113, -23.721743873496798, 0.0 ], [ -46.635109297788397, -23.721862002324698, 0.0 ], [ -46.635082366373702, -23.722011163806901, 0.0 ], [ -46.635061547331397, -23.722170552926201, 0.0 ], [ -46.6350721904819, -23.7223235604332, 0.0 ], [ -46.635156247740198, -23.7224812989706, 0.0 ], [ -46.635278155963412, -23.722600176633499, 0.0 ], [ -46.635429661623199, -23.7226604183532, 0.0 ], [ -46.635593756180413, -23.7227378611117, 0.0 ], [ -46.635792418557202, -23.722714272481198, 0.0 ], [ -46.635922405686102, -23.7227286969825, 0.0 ], [ -46.635964979025708, -23.7228349611248, 0.0 ], [ -46.636052101807692, -23.7229401219655, 0.0 ], [ -46.636183536302902, -23.723051043447601, 0.0 ], [ -46.636199089700099, -23.723137279713299, 0.0 ], [ -46.636195415417092, -23.7232640759144, 0.0 ], [ -46.6362594020814, -23.7234011707334, 0.0 ], [ -46.636373286841113, -23.723589830798101, 0.0 ], [ -46.6364298950162, -23.723705967668799, 0.0 ], [ -46.636393743818097, -23.723855046296801, 0.0 ], [ -46.636371751088497, -23.723926783144801, 0.0 ], [ -46.636325091746798, -23.723972689222901, 0.0 ], [ -46.6362815570116, -23.724100448891502, 0.0 ], [ -46.636388762966703, -23.724233474974501, 0.0 ], [ -46.636565942515098, -23.724387067216298, 0.0 ], [ -46.636685889269998, -23.724452245999402, 0.0 ], [ -46.636967966591797, -23.724463254062499, 0.0 ], [ -46.637146458492609, -23.724514631396602, 0.0 ], [ -46.637334332896501, -23.724624322238601, 0.0 ], [ -46.637696565977699, -23.7247263882387, 0.0 ], [ -46.637925773436301, -23.724797541175391, 0.0 ], [ -46.638193495404202, -23.7248505902906, 0.0 ], [ -46.638529981751297, -23.724846844621599, 0.0 ], [ -46.638662747906501, -23.724772850297398, 0.0 ], [ -46.638800131839901, -23.724654207174009, 0.0 ], [ -46.638933389207708, -23.724483695008299, 0.0 ], [ -46.639020403200298, -23.724321166368298, 0.0 ], [ -46.639110885436303, -23.7241967003052, 0.0 ], [ -46.639190225243901, -23.724080206919002, 0.0 ], [ -46.639304083847698, -23.723930123466499, 0.0 ], [ -46.6393989244485, -23.723804979070401, 0.0 ], [ -46.6394942737425, -23.7236299930744, 0.0 ], [ -46.639602867042797, -23.723608618362999, 0.0 ], [ -46.639647290426701, -23.723636225326, 0.0 ], [ -46.6397445754871, -23.723758249349, 0.0 ], [ -46.639848241497702, -23.723898984473198, 0.0 ], [ -46.639833660553009, -23.724026437948901, 0.0 ], [ -46.6398068036832, -23.7241229642907, 0.0 ], [ -46.639793721922103, -23.7242151012608, 0.0 ], [ -46.639806080871402, -23.724343171883699, 0.0 ], [ -46.639745139503503, -23.724553274375399, 0.0 ], [ -46.639692783580003, -23.7246674053997, 0.0 ], [ -46.639618097236998, -23.724968387881301, 0.0 ], [ -46.639595281603803, -23.725071191141701, 0.0 ], [ -46.639624931704603, -23.725301368918501, 0.0 ], [ -46.639733447585897, -23.725441781771099, 0.0 ], [ -46.639977958427103, -23.7255658555891, 0.0 ], [ -46.640224036418502, -23.7256729391991, 0.0 ], [ -46.640347172934703, -23.7257601101735, 0.0 ], [ -46.640623478871291, -23.725891339092701, 0.0 ], [ -46.640874504210501, -23.726025273400399, 0.0 ], [ -46.641148509960402, -23.726101904635701, 0.0 ], [ -46.641357663595201, -23.726127852867702, 0.0 ], [ -46.641716697166601, -23.726167647931799, 0.0 ], [ -46.641844945366401, -23.7260816912613, 0.0 ], [ -46.641834596202102, -23.7259721978395, 0.0 ], [ -46.641847261017197, -23.7258533414923, 0.0 ], [ -46.6420732653743, -23.725816995288799, 0.0 ], [ -46.642356196128098, -23.725908787382, 0.0 ], [ -46.642581878917603, -23.7259564971109, 0.0 ], [ -46.642853786315001, -23.725962456172098, 0.0 ], [ -46.643079282590492, -23.725840435564599, 0.0 ], [ -46.643201824114414, -23.725686465260999, 0.0 ], [ -46.643326057718987, -23.7254481527977, 0.0 ], [ -46.643412484652799, -23.725097298334202, 0.0 ], [ -46.6434805264565, -23.724725061651409, 0.0 ], [ -46.643456453439299, -23.724359672332199, 0.0 ], [ -46.643482569760003, -23.724217199422, 0.0 ], [ -46.643451769014497, -23.723895759001401, 0.0 ], [ -46.643339254409398, -23.723765593303, 0.0 ], [ -46.643236611089513, -23.723597042720201, 0.0 ], [ -46.643146478618299, -23.723523246320099, 0.0 ], [ -46.642985983857109, -23.723597900078399, 0.0 ], [ -46.642887313882802, -23.723578544465099, 0.0 ], [ -46.642898684796293, -23.723433971202901, 0.0 ], [ -46.642865522427897, -23.723207894280101, 0.0 ], [ -46.642776359409993, -23.7230565344199, 0.0 ], [ -46.642629718489601, -23.7229007292032, 0.0 ], [ -46.642627466688502, -23.722901746232701, 0.0 ], [ -46.641683788304, -23.7222229091138, 0.0 ], [ -46.642123902544803, -23.720782017086499, 0.0 ], [ -46.642918934286399, -23.7209777930786, 0.0 ], [ -46.643686964611099, -23.7211355719481, 0.0 ], [ -46.644265411347, -23.721440627670091, 0.0 ], [ -46.644957205318903, -23.721806680303299, 0.0 ], [ -46.645467321992697, -23.722060545470899, 0.0 ], [ -46.645985246779709, -23.722034359082699, 0.0 ], [ -46.646590909020198, -23.7218204419346, 0.0 ], [ -46.6468942114738, -23.721744625007101, 0.0 ], [ -46.647686274394097, -23.721124161950701, 0.0 ], [ -46.647952433193403, -23.720789446974599, 0.0 ], [ -46.648562625636792, -23.7200361256671, 0.0 ], [ -46.649039825132903, -23.719460542260698, 0.0 ], [ -46.649068979550513, -23.719097204903399, 0.0 ], [ -46.648994020261711, -23.718840879153799, 0.0 ], [ -46.648980637859196, -23.718844272009601, 0.0 ], [ -46.648951267013103, -23.718856051048, 0.0 ], [ -46.648931606803004, -23.7188618581797, 0.0 ], [ -46.648918849475201, -23.7188699390639, 0.0 ], [ -46.648898325879003, -23.718877831897402, 0.0 ], [ -46.648877141494602, -23.718891058449401, 0.0 ], [ -46.648847279514101, -23.718908801359799, 0.0 ], [ -46.648822490334808, -23.718924774814699, 0.0 ], [ -46.648795664550903, -23.718946006371102, 0.0 ], [ -46.648777777371613, -23.7189577532376, 0.0 ], [ -46.648751921932003, -23.718978974442699, 0.0 ], [ -46.648735805524808, -23.7189964805176, 0.0 ], [ -46.6487149034255, -23.719012863932399, 0.0 ], [ -46.648696267761899, -23.719029403749801, 0.0 ], [ -46.648678780071492, -23.719047195285, 0.0 ], [ -46.64865885372469, -23.7190704297733, 0.0 ], [ -46.648640056319401, -23.719086971308698, 0.0 ], [ -46.648626901176897, -23.719102008175401, 0.0 ], [ -46.648608505539798, -23.719124774927899, 0.0 ], [ -46.6485914383032, -23.719137415860899, 0.0 ], [ -46.648576231783807, -23.719156537309701, 0.0 ], [ -46.648557708728298, -23.719175603825899, 0.0 ], [ -46.648541018282401, -23.7191924840224, 0.0 ], [ -46.648520964215002, -23.719218428335701, 0.0 ], [ -46.648502358009409, -23.7192373151669, 0.0 ], [ -46.648485092149592, -23.719259889298701, 0.0 ], [ -46.648465991396591, -23.719284469204698, 0.0 ], [ -46.648430223414799, -23.719314914562201, 0.0 ], [ -46.648395401942899, -23.7193434538882, 0.0 ], [ -46.648364677533309, -23.719363372687798, 0.0 ], [ -46.6483447255426, -23.719371710773409, 0.0 ], [ -46.648330533014501, -23.7193814319964, 0.0 ], [ -46.648314437496808, -23.7193877427583, 0.0 ], [ -46.6482866865719, -23.719386864840299, 0.0 ], [ -46.648267758559598, -23.719393025219301, 0.0 ], [ -46.648251622180787, -23.719396086234401, 0.0 ], [ -46.648232591739003, -23.719400532330202, 0.0 ], [ -46.648216216172401, -23.719403866738801, 0.0 ], [ -46.648201535333499, -23.719406912237101, 0.0 ], [ -46.648183777141902, -23.7194096293981, 0.0 ], [ -46.648167230766902, -23.719412243360502, 0.0 ], [ -46.64814487272389, -23.719409321728101, 0.0 ], [ -46.648115411470009, -23.719401058826701, 0.0 ], [ -46.648099151393502, -23.719394280333301, 0.0 ], [ -46.648084973343003, -23.719385854563701, 0.0 ], [ -46.648067117855888, -23.719374398368601, 0.0 ], [ -46.648052099401703, -23.719363453636401, 0.0 ], [ -46.648038793834402, -23.719353664324899, 0.0 ], [ -46.6480199603483, -23.719335176497001, 0.0 ], [ -46.6479994253312, -23.719316435949299, 0.0 ], [ -46.647991332776797, -23.719303160344001, 0.0 ], [ -46.647985186919101, -23.719283905338798, 0.0 ], [ -46.647981689966393, -23.719269497372402, 0.0 ], [ -46.647980609004009, -23.719247841048599, 0.0 ], [ -46.64797882213081, -23.719221497547299, 0.0 ], [ -46.647979492631301, -23.719204065846402, 0.0 ], [ -46.647978894281302, -23.719188633884499, 0.0 ], [ -46.647987939694303, -23.7191619041126, 0.0 ], [ -46.647999304578804, -23.719145983546099, 0.0 ], [ -46.648008062245303, -23.719134966024701, 0.0 ], [ -46.648021393943303, -23.719121101000798, 0.0 ], [ -46.648035132521898, -23.719101002135702, 0.0 ], [ -46.6480495251081, -23.7190750279266, 0.0 ], [ -46.648059277547809, -23.719053075599, 0.0 ], [ -46.6480682346726, -23.719038625207499, 0.0 ], [ -46.648081352724901, -23.719014199382698, 0.0 ], [ -46.648090369442691, -23.718991622914402, 0.0 ], [ -46.648103360392398, -23.7189570867829, 0.0 ], [ -46.6481102193504, -23.718923699386, 0.0 ], [ -46.648115168774503, -23.718905680391899, 0.0 ], [ -46.648123810121398, -23.718872544849098, 0.0 ], [ -46.648130675879798, -23.718839699075009, 0.0 ], [ -46.648139175371313, -23.718795279708701, 0.0 ], [ -46.648142509246988, -23.7187645480724, 0.0 ], [ -46.64814261511389, -23.7187408026006, 0.0 ], [ -46.648141743522103, -23.718722935918699, 0.0 ], [ -46.648140831372103, -23.7186954094227, 0.0 ], [ -46.648136617455791, -23.718669001503091, 0.0 ], [ -46.648132427371714, -23.7186444892655, 0.0 ], [ -46.648126807014791, -23.718615568417601, 0.0 ], [ -46.648123684335197, -23.7185858986924, 0.0 ], [ -46.6481165800813, -23.7185547365894, 0.0 ], [ -46.648112352263603, -23.7185336554945, 0.0 ], [ -46.648105700828907, -23.7185127807907, 0.0 ], [ -46.648098893047909, -23.718498769236099, 0.0 ], [ -46.648091259914999, -23.718477002165599, 0.0 ], [ -46.648082262328003, -23.7184560621779, 0.0 ], [ -46.648075536848097, -23.718435729957399, 0.0 ], [ -46.648068879751399, -23.718414403898201, 0.0 ], [ -46.648063115254487, -23.718399749245801, 0.0 ], [ -46.648054479410597, -23.718388285082899, 0.0 ], [ -46.648042671761502, -23.7183754101939, 0.0 ], [ -46.648031504509497, -23.718355576713499, 0.0 ], [ -46.648023192723699, -23.718331288954499, 0.0 ], [ -46.648010702172201, -23.7183091222226, 0.0 ], [ -46.647995572653599, -23.7182893309581, 0.0 ], [ -46.647978117407597, -23.718271099278201, 0.0 ], [ -46.647961546814798, -23.718258907110201, 0.0 ], [ -46.647919625327987, -23.718243734871301, 0.0 ], [ -46.647891103764593, -23.7182394343398, 0.0 ], [ -46.647843252594598, -23.7182350688974, 0.0 ], [ -46.647818327571102, -23.7182337996455, 0.0 ], [ -46.64774615082699, -23.718243687153599, 0.0 ], [ -46.647691488080902, -23.718257179922201, 0.0 ], [ -46.647641532701101, -23.718265566694001, 0.0 ], [ -46.647605608874187, -23.7182707343655, 0.0 ], [ -46.647580185866303, -23.718274887342101, 0.0 ], [ -46.647545874428488, -23.718286086764699, 0.0 ], [ -46.647484236364598, -23.718310848819499, 0.0 ], [ -46.6474388667855, -23.718330201169302, 0.0 ], [ -46.647419737120899, -23.718339613765401, 0.0 ], [ -46.6474013809203, -23.718346219356899, 0.0 ], [ -46.64735532618181, -23.7183560992972, 0.0 ], [ -46.647320774715297, -23.7183610717215, 0.0 ], [ -46.647297139734903, -23.718365927870298, 0.0 ], [ -46.647258220991198, -23.718383766939599, 0.0 ], [ -46.647241930579298, -23.7183938715369, 0.0 ], [ -46.647221046062313, -23.718398788663698, 0.0 ], [ -46.647193172968997, -23.718407481807599, 0.0 ], [ -46.647169241740897, -23.718414507877402, 0.0 ], [ -46.647151532418903, -23.718421106551101, 0.0 ], [ -46.647135659126697, -23.718425789732802, 0.0 ], [ -46.647120154992002, -23.718427670217501, 0.0 ], [ -46.647103612113199, -23.718430554872601, 0.0 ], [ -46.647072179900803, -23.7184391956153, 0.0 ], [ -46.647054784949397, -23.7184450686687, 0.0 ], [ -46.647032257860097, -23.718454427115599, 0.0 ], [ -46.6470069281294, -23.718459572116799, 0.0 ], [ -46.6469833033225, -23.718465240654901, 0.0 ], [ -46.646965752658808, -23.718465156697601, 0.0 ], [ -46.646939950218403, -23.718471299831499, 0.0 ], [ -46.646923943887401, -23.7184718314038, 0.0 ], [ -46.646909500032798, -23.718474422839201, 0.0 ], [ -46.646892595915801, -23.718480742061999, 0.0 ], [ -46.646872016322213, -23.718490621445401, 0.0 ], [ -46.646855056283599, -23.718498927479391, 0.0 ], [ -46.646839030672503, -23.718497924442101, 0.0 ], [ -46.646823304285903, -23.718482111851099, 0.0 ], [ -46.646818605464603, -23.718455709045799, 0.0 ], [ -46.646813822796197, -23.7184419467137, 0.0 ], [ -46.646807667726698, -23.718428379559601, 0.0 ], [ -46.646796072525397, -23.718406654601299, 0.0 ], [ -46.6467825045099, -23.718388832804301, 0.0 ], [ -46.646766538546402, -23.7183603831763, 0.0 ], [ -46.646751859230598, -23.718337788224002, 0.0 ], [ -46.646736036501999, -23.7183143026168, 0.0 ], [ -46.646724126578199, -23.718299713337998, 0.0 ], [ -46.646709944156797, -23.718271605844301, 0.0 ], [ -46.6467037724656, -23.718250274547501, 0.0 ], [ -46.646698508773603, -23.7182239680332, 0.0 ], [ -46.646701767021199, -23.718187188274001, 0.0 ], [ -46.646707727021401, -23.718165908378399, 0.0 ], [ -46.646718561057597, -23.718133471814198, 0.0 ], [ -46.646732515856201, -23.718098383823701, 0.0 ], [ -46.646745971502398, -23.7180686278274, 0.0 ], [ -46.646763440799198, -23.718036481745401, 0.0 ], [ -46.646777893633796, -23.7180152919885, 0.0 ], [ -46.646794312111993, -23.717996067521501, 0.0 ], [ -46.646817491301803, -23.717974243152302, 0.0 ], [ -46.646865466135601, -23.717924076836798, 0.0 ], [ -46.646893962180791, -23.717894160682, 0.0 ], [ -46.646914726797199, -23.717873264836999, 0.0 ], [ -46.6469378160117, -23.717850719147599, 0.0 ], [ -46.646984182222397, -23.717807702262402, 0.0 ], [ -46.647023637316202, -23.7177681897025, 0.0 ], [ -46.647074475069701, -23.7177206110402, 0.0 ], [ -46.647151730898401, -23.717651534586199, 0.0 ], [ -46.647204915838387, -23.717604111453401, 0.0 ], [ -46.647229779733799, -23.717574775620299, 0.0 ], [ -46.647244121753999, -23.717557649726601, 0.0 ], [ -46.647259953316599, -23.7175432164493, 0.0 ], [ -46.647284027505791, -23.717521833897699, 0.0 ], [ -46.647307434373801, -23.717498833361098, 0.0 ], [ -46.647331271967992, -23.717471494663499, 0.0 ], [ -46.647349826282003, -23.717442045448301, 0.0 ], [ -46.647378857061902, -23.717396775455502, 0.0 ], [ -46.647404016308187, -23.717358769310799, 0.0 ], [ -46.647412541872001, -23.717342156768002, 0.0 ], [ -46.647420735244403, -23.717318415428501, 0.0 ], [ -46.647432114331302, -23.717290758000399, 0.0 ], [ -46.647441188440197, -23.717259874944901, 0.0 ], [ -46.647450106492087, -23.717229444964701, 0.0 ], [ -46.647462665937297, -23.717192746691001, 0.0 ], [ -46.647468904187797, -23.7171614424262, 0.0 ], [ -46.647471287141698, -23.717132255728, 0.0 ], [ -46.647468605604502, -23.717099060251499, 0.0 ], [ -46.647461661063787, -23.7170677158357, 0.0 ], [ -46.647454088912099, -23.7170379129103, 0.0 ], [ -46.647442482735997, -23.7170088752132, 0.0 ], [ -46.647428233070897, -23.716981851890601, 0.0 ], [ -46.6474094506029, -23.716954515714299, 0.0 ], [ -46.647390043594299, -23.716935401914409, 0.0 ], [ -46.647370513428797, -23.716919359035899, 0.0 ], [ -46.647290336560403, -23.716865321058702, 0.0 ], [ -46.647219189864998, -23.716815520439201, 0.0 ], [ -46.647189654752196, -23.716794889383198, 0.0 ], [ -46.647171431683098, -23.716786326023701, 0.0 ], [ -46.647131567806198, -23.716767520321799, 0.0 ], [ -46.647071638069093, -23.7167415251016, 0.0 ], [ -46.647023333967809, -23.7167203716138, 0.0 ], [ -46.646993947444699, -23.716711565973501, 0.0 ], [ -46.646962927813711, -23.716701513758501, 0.0 ], [ -46.646928108813292, -23.716691592274501, 0.0 ], [ -46.646883261451499, -23.716688097350701, 0.0 ], [ -46.646857285518109, -23.7166868391195, 0.0 ], [ -46.646822424578801, -23.7166735775963, 0.0 ], [ -46.646796026198899, -23.7166708793286, 0.0 ], [ -46.646761006579098, -23.716664300403298, 0.0 ], [ -46.646731016269001, -23.716658931884101, 0.0 ], [ -46.646703889765902, -23.716662651427001, 0.0 ], [ -46.646675708655799, -23.716666111344502, 0.0 ], [ -46.646641674507997, -23.716673606008499, 0.0 ], [ -46.646606719509002, -23.7166721724765, 0.0 ], [ -46.646588048728901, -23.7166665931423, 0.0 ], [ -46.646551262625998, -23.716661026084299, 0.0 ], [ -46.646523607868907, -23.716661320474898, 0.0 ], [ -46.646485187148002, -23.7166608266356, 0.0 ], [ -46.6464489035911, -23.716669518878, 0.0 ], [ -46.6464191195833, -23.716680579562301, 0.0 ], [ -46.646382706776301, -23.716698301440498, 0.0 ], [ -46.646362964753102, -23.716704018825499, 0.0 ], [ -46.646338175287099, -23.716707081450199, 0.0 ], [ -46.646295962327997, -23.716720170341809, 0.0 ], [ -46.646271287720303, -23.716725940216101, 0.0 ], [ -46.646240482338207, -23.716732949014201, 0.0 ], [ -46.646205717379303, -23.7167337704382, 0.0 ], [ -46.646166545813003, -23.716737888932599, 0.0 ], [ -46.646139228817198, -23.716745763412, 0.0 ], [ -46.646093269708103, -23.7167632256911, 0.0 ], [ -46.646055296654509, -23.716779068161799, 0.0 ], [ -46.646017668570302, -23.7167966223248, 0.0 ], [ -46.645999463619901, -23.716808823666099, 0.0 ], [ -46.645981353126309, -23.716822107393501, 0.0 ], [ -46.645962795258107, -23.716831965134599, 0.0 ], [ -46.645941967585301, -23.716841395613699, 0.0 ], [ -46.645895817227803, -23.716856512519801, 0.0 ], [ -46.6458694456038, -23.716862390672691, 0.0 ], [ -46.645848271086997, -23.716863518815899, 0.0 ], [ -46.645821797481197, -23.716861272596901, 0.0 ], [ -46.645781753372397, -23.716866754521799, 0.0 ], [ -46.645762502130403, -23.716872918023991, 0.0 ], [ -46.645743381185397, -23.716889462655999, 0.0 ], [ -46.6457291051602, -23.716905414039001, 0.0 ], [ -46.645713504329208, -23.716925351958601, 0.0 ], [ -46.645698316153599, -23.716939507388901, 0.0 ], [ -46.6456853293789, -23.7169550839197, 0.0 ], [ -46.645666618387509, -23.716972075594999, 0.0 ], [ -46.645646402022713, -23.716985110842799, 0.0 ], [ -46.645620003879003, -23.7169953228099, 0.0 ], [ -46.645592299474899, -23.717004555559701, 0.0 ], [ -46.645555050788509, -23.717000798844101, 0.0 ], [ -46.645534572281797, -23.716999391622899, 0.0 ], [ -46.645507859034801, -23.717003828826002, 0.0 ], [ -46.645486843518597, -23.717011184740901, 0.0 ], [ -46.645465594476299, -23.7170192653995, 0.0 ], [ -46.64543163491809, -23.7170327176736, 0.0 ], [ -46.645404456444702, -23.7170451949757, 0.0 ], [ -46.6453639669936, -23.717066751867801, 0.0 ], [ -46.645318619697598, -23.717094319088499, 0.0 ], [ -46.64525279411, -23.717133389474402, 0.0 ], [ -46.6452094184841, -23.7171569632497, 0.0 ], [ -46.64517103069349, -23.7171719973785, 0.0 ], [ -46.645085070317293, -23.7172112818598, 0.0 ], [ -46.644963571475699, -23.7172671048782, 0.0 ], [ -46.644832393958502, -23.717325016954, 0.0 ], [ -46.6447970070369, -23.717340741343602, 0.0 ], [ -46.6447676163775, -23.717357395072099, 0.0 ], [ -46.644715257600197, -23.717386932623501, 0.0 ], [ -46.644635831600503, -23.7174313837839, 0.0 ], [ -46.6445321034968, -23.717491983072801, 0.0 ], [ -46.644509557772203, -23.717506306905801, 0.0 ], [ -46.644434203708798, -23.717559472105599, 0.0 ], [ -46.644416884588701, -23.717571393004299, 0.0 ], [ -46.644400191506698, -23.7175880922339, 0.0 ], [ -46.644376790877601, -23.7176116339838, 0.0 ], [ -46.6443489960091, -23.7176394657392, 0.0 ], [ -46.644333143717603, -23.7176522738628, 0.0 ], [ -46.644308749261199, -23.717654609709701, 0.0 ], [ -46.644277955179803, -23.7176432003176, 0.0 ], [ -46.644253001807201, -23.7176267632736, 0.0 ], [ -46.6442226458554, -23.717605147254801, 0.0 ], [ -46.644192080644402, -23.717579741576099, 0.0 ], [ -46.644171438402701, -23.717558834831198, 0.0 ], [ -46.644152675740997, -23.717533032831302, 0.0 ], [ -46.6441380986927, -23.717505651528, 0.0 ], [ -46.644127012320197, -23.717479316511302, 0.0 ], [ -46.644120839812892, -23.717444984372399, 0.0 ], [ -46.644119690967209, -23.7174114113778, 0.0 ], [ -46.644122805828808, -23.717382487766901, 0.0 ], [ -46.644129540891598, -23.717358491228499, 0.0 ], [ -46.644146337977503, -23.717337186498501, 0.0 ], [ -46.644174391414197, -23.717323526432502, 0.0 ], [ -46.644193913695403, -23.717319617311301, 0.0 ], [ -46.644214074950092, -23.717315069415498, 0.0 ], [ -46.644237265313109, -23.717300558206801, 0.0 ], [ -46.644266573395399, -23.717277314809301, 0.0 ], [ -46.644287998845698, -23.717257495670001, 0.0 ], [ -46.644315224866411, -23.7172358994886, 0.0 ], [ -46.644352745779102, -23.717209769997801, 0.0 ], [ -46.644388822476692, -23.717184558680799, 0.0 ], [ -46.64442059874289, -23.7171582194003, 0.0 ], [ -46.6444541680303, -23.717126534364901, 0.0 ], [ -46.644493649777701, -23.717089098644099, 0.0 ], [ -46.644524835055691, -23.7170607794055, 0.0 ], [ -46.6445594278537, -23.717033326758699, 0.0 ], [ -46.644586140962808, -23.717015979278401, 0.0 ], [ -46.644608488169098, -23.717005178577701, 0.0 ], [ -46.644644948411703, -23.716997658556, 0.0 ], [ -46.644667353356901, -23.716991461656001, 0.0 ], [ -46.644685984290398, -23.7169809713088, 0.0 ], [ -46.644701041434701, -23.7169692550018, 0.0 ], [ -46.644714670700701, -23.716953310585399, 0.0 ], [ -46.644726843313293, -23.7169372913744, 0.0 ], [ -46.644740923108408, -23.7169121333195, 0.0 ], [ -46.644752131496013, -23.7168901656953, 0.0 ], [ -46.644776740334997, -23.716866249916102, 0.0 ], [ -46.64479572006551, -23.716851331990501, 0.0 ], [ -46.644818523417413, -23.716831768978999, 0.0 ], [ -46.644854086896892, -23.716797895869899, 0.0 ], [ -46.644892756413292, -23.716760197844401, 0.0 ], [ -46.644927049169098, -23.7167217338109, 0.0 ], [ -46.644944165419098, -23.716693654398, 0.0 ], [ -46.64495966329099, -23.7166655019121, 0.0 ], [ -46.644981276993803, -23.7166220265898, 0.0 ], [ -46.645007237971697, -23.716576970222999, 0.0 ], [ -46.645033317167602, -23.716534891927299, 0.0 ], [ -46.645062133642398, -23.716485381326098, 0.0 ], [ -46.645107732636497, -23.716406982295702, 0.0 ], [ -46.645143478697101, -23.716349001678999, 0.0 ], [ -46.645169415338103, -23.7163084596869, 0.0 ], [ -46.64519608400731, -23.716255360596602, 0.0 ], [ -46.6452197043876, -23.716210690225299, 0.0 ], [ -46.645237280764597, -23.7161806196684, 0.0 ], [ -46.645258219784097, -23.716141394780198, 0.0 ], [ -46.645266761858203, -23.7161196360499, 0.0 ], [ -46.645253414034102, -23.716119326613502, 0.0 ], [ -46.645280163689513, -23.716046906131702, 0.0 ], [ -46.645278654007392, -23.716023268098301, 0.0 ], [ -46.645276427899198, -23.7160005405132, 0.0 ], [ -46.645273760796798, -23.715981338647602, 0.0 ], [ -46.645271150523797, -23.715947329799299, 0.0 ], [ -46.645272061468901, -23.7159168045253, 0.0 ], [ -46.645274338934293, -23.715904953254409, 0.0 ], [ -46.645271569156201, -23.7158388957101, 0.0 ], [ -46.645240005495502, -23.715779012816, 0.0 ], [ -46.6452371198489, -23.715774619652102, 0.0 ], [ -46.645216287028113, -23.715744957632801, 0.0 ], [ -46.645195454217109, -23.715715295610099, 0.0 ], [ -46.645180175481798, -23.715689998367601, 0.0 ], [ -46.645169670048098, -23.715645510400702, 0.0 ], [ -46.645163221959891, -23.715608563034198, 0.0 ], [ -46.645162076292301, -23.715575260865801, 0.0 ], [ -46.6451690858351, -23.715547379209799, 0.0 ], [ -46.645181570837998, -23.7155240437393, 0.0 ], [ -46.645206395888103, -23.715498049098699, 0.0 ], [ -46.645233678476806, -23.715474556233701, 0.0 ], [ -46.645275455592397, -23.715452534282299, 0.0 ], [ -46.645297923424209, -23.7154384820305, 0.0 ], [ -46.645322865237098, -23.715370233781101, 0.0 ], [ -46.645331341563598, -23.715343239345, 0.0 ], [ -46.645345616539913, -23.715307877210702, 0.0 ], [ -46.645360755620999, -23.715276929740799, 0.0 ], [ -46.645387550011797, -23.715246761117299, 0.0 ], [ -46.6454165457614, -23.715218013597401, 0.0 ], [ -46.6454493759475, -23.715191933767102, 0.0 ], [ -46.645476562407801, -23.715173678287801, 0.0 ], [ -46.645534025508397, -23.715080527129501, 0.0 ], [ -46.645491662471599, -23.7149785068146, 0.0 ], [ -46.645398842173989, -23.714896343737099, 0.0 ], [ -46.645265601798101, -23.714815423070402, 0.0 ], [ -46.645243250009102, -23.7148000418847, 0.0 ], [ -46.6452288339053, -23.714785479118898, 0.0 ], [ -46.645216595831499, -23.714764031692599, 0.0 ], [ -46.645215489146501, -23.714759619605701, 0.0 ], [ -46.645163407567999, -23.714701579993001, 0.0 ], [ -46.645134483896904, -23.714678052950099, 0.0 ], [ -46.6451215033807, -23.7146554397345, 0.0 ], [ -46.645109903617701, -23.714626853167299, 0.0 ], [ -46.644966367004599, -23.7145309644918, 0.0 ], [ -46.644907197416288, -23.714533218799399, 0.0 ], [ -46.644733137414597, -23.714582829258799, 0.0 ], [ -46.644656487051499, -23.714616326633301, 0.0 ], [ -46.644601044621012, -23.714638493702299, 0.0 ], [ -46.644577184574501, -23.714644706047, 0.0 ], [ -46.6444985863601, -23.714697002884499, 0.0 ], [ -46.644486930123499, -23.714709044139301, 0.0 ], [ -46.644465157880703, -23.7147269710396, 0.0 ], [ -46.644438127417992, -23.714744773271399, 0.0 ], [ -46.644411402278813, -23.714761127727598, 0.0 ], [ -46.644384697998397, -23.7147726969676, 0.0 ], [ -46.6443406218349, -23.714849996211399, 0.0 ], [ -46.644340178552397, -23.714853341388601, 0.0 ], [ -46.644326967967601, -23.714876865075698, 0.0 ], [ -46.644321391471998, -23.714883605285198, 0.0 ], [ -46.644275336727297, -23.714964356293301, 0.0 ], [ -46.644265479408602, -23.7149973240283, 0.0 ], [ -46.644253606221312, -23.715030764605402, 0.0 ], [ -46.644240462882792, -23.715053204177199, 0.0 ], [ -46.644223717651613, -23.715085071450101, 0.0 ], [ -46.644196221792413, -23.715110913763102, 0.0 ], [ -46.644173724457502, -23.715122618817901, 0.0 ], [ -46.644144130590099, -23.7151359341084, 0.0 ], [ -46.644138017975799, -23.7151386172828, 0.0 ], [ -46.644075355458398, -23.715165465343802, 0.0 ], [ -46.644035081121103, -23.7151783524371, 0.0 ], [ -46.644004220493102, -23.7151809375077, 0.0 ], [ -46.643972364518604, -23.715168636481799, 0.0 ], [ -46.643965584016797, -23.7151632012921, 0.0 ], [ -46.643955537386098, -23.715155272894901, 0.0 ], [ -46.643864519433507, -23.715074895361699, 0.0 ], [ -46.643853147868903, -23.715058043035899, 0.0 ], [ -46.643847413841698, -23.715026414693501, 0.0 ], [ -46.643851697623298, -23.715006868073491, 0.0 ], [ -46.64386240326489, -23.7149770512445, 0.0 ], [ -46.643865468471112, -23.714957066160199, 0.0 ], [ -46.643856669654198, -23.7149261023681, 0.0 ], [ -46.643848030400697, -23.714907866761301, 0.0 ], [ -46.6438459967463, -23.7148746642848, 0.0 ], [ -46.643848951670591, -23.714852333018499, 0.0 ], [ -46.643858440894299, -23.7148093478208, 0.0 ], [ -46.643843400530088, -23.7146288516726, 0.0 ], [ -46.643794785426991, -23.714511820025699, 0.0 ], [ -46.643819047579903, -23.7144344606386, 0.0 ], [ -46.643823743245299, -23.7142929375037, 0.0 ], [ -46.643691746760702, -23.714130476760499, 0.0 ], [ -46.643572377669102, -23.7140463375313, 0.0 ], [ -46.643380304572098, -23.713968568155, 0.0 ], [ -46.6430818071576, -23.713929667240301, 0.0 ], [ -46.642999786445401, -23.713837908195199, 0.0 ], [ -46.643020380861202, -23.713758240513101, 0.0 ], [ -46.643242671072201, -23.713691778460198, 0.0 ], [ -46.643311571890798, -23.713704588951291, 0.0 ], [ -46.643602405812508, -23.713751515762109, 0.0 ], [ -46.6437607841141, -23.7137154351039, 0.0 ], [ -46.643947490213399, -23.713713451007099, 0.0 ], [ -46.644021451294499, -23.713652536589201, 0.0 ], [ -46.644018651547093, -23.713429206553101, 0.0 ], [ -46.643989141550101, -23.713281456284601, 0.0 ], [ -46.643931490870301, -23.713153235312902, 0.0 ], [ -46.644031813143599, -23.712963116824699, 0.0 ], [ -46.644255714473402, -23.712935006483399, 0.0 ], [ -46.644328899389201, -23.712947680715999, 0.0 ], [ -46.644592817061003, -23.713008705109601, 0.0 ], [ -46.644733620039297, -23.7130673364877, 0.0 ], [ -46.644883426022901, -23.7131087182612, 0.0 ], [ -46.644947978752597, -23.7130392363193, 0.0 ], [ -46.6449561741086, -23.7129447133265, 0.0 ], [ -46.644856931998397, -23.712775946584902, 0.0 ], [ -46.644745430656002, -23.712525965263801, 0.0 ], [ -46.644660018534992, -23.712415283756801, 0.0 ], [ -46.644556034478001, -23.712313286220802, 0.0 ], [ -46.644255643317713, -23.7121875554291, 0.0 ], [ -46.643870945352397, -23.7120456564619, 0.0 ], [ -46.643702166588497, -23.711987321477199, 0.0 ], [ -46.643588615616501, -23.711876848012398, 0.0 ], [ -46.643382930682598, -23.7117064122776, 0.0 ], [ -46.643271377592498, -23.711716625568801, 0.0 ], [ -46.643139838247301, -23.711809840489799, 0.0 ], [ -46.643074130409602, -23.711825886490701, 0.0 ], [ -46.642920401536003, -23.711864986600801, 0.0 ], [ -46.642769431343602, -23.7119241903568, 0.0 ], [ -46.642560619587897, -23.711981841347001, 0.0 ], [ -46.642368463302098, -23.712077956330202, 0.0 ], [ -46.642105050468203, -23.712341218932998, 0.0 ], [ -46.641968788552298, -23.712451365954301, 0.0 ], [ -46.641869787044598, -23.712534032520502, 0.0 ], [ -46.641707829082193, -23.712568343535601, 0.0 ], [ -46.641601395690998, -23.712587078205001, 0.0 ], [ -46.6415079425866, -23.712622016278502, 0.0 ], [ -46.64139760960159, -23.7126070263676, 0.0 ], [ -46.641319707618699, -23.712585733610101, 0.0 ], [ -46.641179779070498, -23.712603288564502, 0.0 ], [ -46.641121428439106, -23.712722629693602, 0.0 ], [ -46.641069211083902, -23.712769859939101, 0.0 ], [ -46.640952332286702, -23.712684157313099, 0.0 ], [ -46.640843561938901, -23.712580763406599, 0.0 ], [ -46.640736203432503, -23.7125255655464, 0.0 ], [ -46.640570665591802, -23.7125711084405, 0.0 ], [ -46.640447519827887, -23.712572685228299, 0.0 ], [ -46.640191526343102, -23.7124919781999, 0.0 ], [ -46.640016722576902, -23.712423862180401, 0.0 ], [ -46.639885376844603, -23.712325853016999, 0.0 ], [ -46.639815642452703, -23.712078133413499, 0.0 ], [ -46.639938548964103, -23.711941044902499, 0.0 ], [ -46.639982704341499, -23.711915207285799, 0.0 ], [ -46.640037775691198, -23.7118892539314, 0.0 ], [ -46.640099053983, -23.711861699941899, 0.0 ], [ -46.640153782657002, -23.7118342153701, 0.0 ], [ -46.640202610848597, -23.711806973906299, 0.0 ], [ -46.640232986634388, -23.711785074206201, 0.0 ], [ -46.640255541656899, -23.711765063083401, 0.0 ], [ -46.640284338199201, -23.7117397493647, 0.0 ], [ -46.640285618396497, -23.7117386523948, 0.0 ], [ -46.640334121793508, -23.711691913209599, 0.0 ], [ -46.640351194873404, -23.7116668140706, 0.0 ], [ -46.640356434736198, -23.7116460837047, 0.0 ], [ -46.640352760480702, -23.711617412673299, 0.0 ], [ -46.640336037877397, -23.7115929427334, 0.0 ], [ -46.640314235143101, -23.711576110428599, 0.0 ], [ -46.640294141042702, -23.711566572926099, 0.0 ], [ -46.640274276675207, -23.711549539496598, 0.0 ], [ -46.640256429270998, -23.711532123546601, 0.0 ], [ -46.640251042754301, -23.7115087973629, 0.0 ], [ -46.640259194252003, -23.711481626035301, 0.0 ], [ -46.640275560768799, -23.711471160241501, 0.0 ], [ -46.640320286879501, -23.711452177992999, 0.0 ], [ -46.6403444621318, -23.711445330997101, 0.0 ], [ -46.640364866368401, -23.711440871341299, 0.0 ], [ -46.640385734737791, -23.711441191759899, 0.0 ], [ -46.640445309677098, -23.7114391155094, 0.0 ], [ -46.640489348415201, -23.711436301157601, 0.0 ], [ -46.64049492429109, -23.711435971180201, 0.0 ], [ -46.64055480277549, -23.711438766950099, 0.0 ], [ -46.640615378946613, -23.711445618031899, 0.0 ], [ -46.6406727501275, -23.7114548504378, 0.0 ], [ -46.640724446511612, -23.711462969329499, 0.0 ], [ -46.640772105602792, -23.711471582438609, 0.0 ], [ -46.6408275644228, -23.711483092143201, 0.0 ], [ -46.640857751225901, -23.711491348846501, 0.0 ], [ -46.640898263125891, -23.711497509800491, 0.0 ], [ -46.640923477552299, -23.711496158953899, 0.0 ], [ -46.6409567559473, -23.711486506815501, 0.0 ], [ -46.640985014975399, -23.711469956124301, 0.0 ], [ -46.641009670360702, -23.7114562424266, 0.0 ], [ -46.64103337868859, -23.711437934339902, 0.0 ], [ -46.641056844433301, -23.711419628823201, 0.0 ], [ -46.641074489931299, -23.7114079757018, 0.0 ], [ -46.641094091383707, -23.711391065417001, 0.0 ], [ -46.641115549195298, -23.7113738645882, 0.0 ], [ -46.641131815563597, -23.711361864959098, 0.0 ], [ -46.6412107785508, -23.711312906442799, 0.0 ], [ -46.641253325312199, -23.7112878078112, 0.0 ], [ -46.6412849204536, -23.711266436677501, 0.0 ], [ -46.641311666319702, -23.711245297552502, 0.0 ], [ -46.641383220020309, -23.711205265293099, 0.0 ], [ -46.641465548860701, -23.7111603336757, 0.0 ], [ -46.641540327131793, -23.711125954959499, 0.0 ], [ -46.641590439943599, -23.7111044775578, 0.0 ], [ -46.641638631339397, -23.7110845553402, 0.0 ], [ -46.641678018804598, -23.7110590387082, 0.0 ], [ -46.641705803792298, -23.711043395752601, 0.0 ], [ -46.641725748880212, -23.7110281068395, 0.0 ], [ -46.641739972213813, -23.711014413455199, 0.0 ], [ -46.641756058681501, -23.711000971146309, 0.0 ], [ -46.6418071418355, -23.710966572917702, 0.0 ], [ -46.641827171148194, -23.710951553947499, 0.0 ], [ -46.641854606669398, -23.710933838167598, 0.0 ], [ -46.641877985072107, -23.710921492135999, 0.0 ], [ -46.6419029953313, -23.7109103024601, 0.0 ], [ -46.641924969633493, -23.710908534429102, 0.0 ], [ -46.641951131004298, -23.710911777800501, 0.0 ], [ -46.641972331754303, -23.710912816744301, 0.0 ], [ -46.641993759258099, -23.710912589317299, 0.0 ], [ -46.642014891069103, -23.710908121727201, 0.0 ], [ -46.642131922656702, -23.710838174189, 0.0 ], [ -46.642252477180797, -23.710713748555101, 0.0 ], [ -46.6422758414977, -23.710680908387999, 0.0 ], [ -46.642338019158601, -23.710609015081399, 0.0 ], [ -46.642424394249304, -23.710544990326191, 0.0 ], [ -46.642440186347002, -23.710462845759299, 0.0 ], [ -46.642466345358592, -23.710356124451501, 0.0 ], [ -46.642617372164693, -23.710159509824098, 0.0 ], [ -46.642714676232302, -23.7099221159278, 0.0 ], [ -46.642758913871397, -23.7097673526591, 0.0 ], [ -46.642802033857613, -23.709503990872701, 0.0 ], [ -46.642746941441303, -23.7092052879139, 0.0 ], [ -46.642725889288201, -23.709003006800401, 0.0 ], [ -46.642708638434002, -23.708852417444799, 0.0 ], [ -46.642639097119499, -23.708762421437701, 0.0 ], [ -46.642558784755003, -23.708600132817299, 0.0 ], [ -46.642421271328899, -23.7084033313158, 0.0 ], [ -46.642428481534999, -23.708255822694898, 0.0 ], [ -46.642358433499993, -23.707931547609, 0.0 ], [ -46.642305397766201, -23.707855099210398, 0.0 ], [ -46.642249046772598, -23.707733454209599, 0.0 ], [ -46.642142185575999, -23.707601421049599, 0.0 ], [ -46.642007177910102, -23.707488375096801, 0.0 ], [ -46.641928262718402, -23.707321286228201, 0.0 ], [ -46.641982630877798, -23.707161811192201, 0.0 ], [ -46.642090542756101, -23.7071646383895, 0.0 ], [ -46.642208873627901, -23.7072504152679, 0.0 ], [ -46.642311279254599, -23.707349542405201, 0.0 ], [ -46.6425662523787, -23.7074657384006, 0.0 ], [ -46.642814954227887, -23.7075718888509, 0.0 ], [ -46.642955533988399, -23.707619690599198, 0.0 ], [ -46.6430650621718, -23.7076482305756, 0.0 ], [ -46.643107214504987, -23.707572396662499, 0.0 ], [ -46.6430921923696, -23.7074577162815, 0.0 ], [ -46.643153433515998, -23.7073693108733, 0.0 ], [ -46.643299086164603, -23.7076155003525, 0.0 ], [ -46.643490999514903, -23.7078620108115, 0.0 ], [ -46.643710061748699, -23.708300264346601, 0.0 ], [ -46.643982711994099, -23.7085878075846, 0.0 ], [ -46.643899701127097, -23.7087846035536, 0.0 ], [ -46.644001567519702, -23.708879221026201, 0.0 ], [ -46.644201731657397, -23.709209515562399, 0.0 ], [ -46.644434001953307, -23.709494688209901, 0.0 ], [ -46.6446941185472, -23.709801322597109, 0.0 ], [ -46.645126942217999, -23.710118488788101, 0.0 ], [ -46.645506520054802, -23.710387647844001, 0.0 ], [ -46.645804572534701, -23.710475482450391, 0.0 ], [ -46.646082358570808, -23.710527148124001, 0.0 ], [ -46.6462795377725, -23.710464379921699, 0.0 ], [ -46.64644318804649, -23.710365494051501, 0.0 ], [ -46.646606004375798, -23.710193758663099, 0.0 ], [ -46.646788262298493, -23.7101019873082, 0.0 ], [ -46.646961922585497, -23.710014640851298, 0.0 ], [ -46.647004789261793, -23.7097704209258, 0.0 ], [ -46.647056822613401, -23.7097152458789, 0.0 ], [ -46.647209354066, -23.709774291965498, 0.0 ], [ -46.647322270310298, -23.709827710773801, 0.0 ], [ -46.647514342523102, -23.7098864257961, 0.0 ], [ -46.647837458262103, -23.7098707963541, 0.0 ], [ -46.648027470969403, -23.709765579143699, 0.0 ], [ -46.648223591442992, -23.709490023335299, 0.0 ], [ -46.648308384796302, -23.709416261756601, 0.0 ], [ -46.648491312657903, -23.7092685963168, 0.0 ] ] ] ] } },
{ "type": "Feature", "properties": { "Name": "Lote 06", "Codigo": "6" }, "geometry": { "type": "MultiPolygon", "coordinates": [ [ [ [ -46.687406468702811, -23.749330847022801, 0.0 ], [ -46.687406283678712, -23.749329043420101, 0.0 ], [ -46.687404250044708, -23.749328162812301, 0.0 ], [ -46.687330147230611, -23.749296290089898, 0.0 ], [ -46.687096070840909, -23.749875742021, 0.0 ], [ -46.686650687741306, -23.750039588473399, 0.0 ], [ -46.686258081369409, -23.7500366502159, 0.0 ], [ -46.686044139576808, -23.749887221733399, 0.0 ], [ -46.686002771672911, -23.749721375101899, 0.0 ], [ -46.686120656492207, -23.749120260862, 0.0 ], [ -46.685952206817809, -23.748847463144898, 0.0 ], [ -46.685745356949703, -23.748632954295601, 0.0 ], [ -46.685366678321707, -23.748492543937999, 0.0 ], [ -46.684574093586711, -23.748522852309701, 0.0 ], [ -46.684164685160106, -23.748433331367998, 0.0 ], [ -46.683857639015208, -23.748371674407501, 0.0 ], [ -46.683628649889719, -23.748265741245199, 0.0 ], [ -46.683532660109712, -23.7481294690498, 0.0 ], [ -46.683553595440607, -23.7479269206673, 0.0 ], [ -46.684009171190219, -23.747329261003799, 0.0 ], [ -46.684712712484412, -23.7464833325404, 0.0 ], [ -46.685355307539602, -23.746389566793699, 0.0 ], [ -46.685265488946499, -23.746123133106401, 0.0 ], [ -46.68521711579011, -23.746022455247999, 0.0 ], [ -46.684713120422408, -23.745905076632301, 0.0 ], [ -46.68452271081491, -23.7457481665855, 0.0 ], [ -46.684410010236711, -23.745532629448999, 0.0 ], [ -46.684406107261012, -23.745229146328299, 0.0 ], [ -46.684417359413409, -23.744883878375308, 0.0 ], [ -46.684086693434608, -23.744815256356599, 0.0 ], [ -46.683384407859108, -23.745148099554001, 0.0 ], [ -46.68302755996951, -23.745484401293901, 0.0 ], [ -46.682222223039318, -23.746353188166299, 0.0 ], [ -46.681898087990206, -23.746176062610001, 0.0 ], [ -46.681746269824018, -23.745975394023699, 0.0 ], [ -46.681766545702999, -23.745714982547298, 0.0 ], [ -46.682064781371999, -23.745097463017391, 0.0 ], [ -46.682395681505902, -23.744573480078898, 0.0 ], [ -46.682940984409797, -23.744242350616101, 0.0 ], [ -46.682355402717022, -23.743887328776399, 0.0 ], [ -46.681747205483518, -23.7435976434789, 0.0 ], [ -46.680008470637816, -23.743316635460999, 0.0 ], [ -46.679927611075406, -23.7431296385606, 0.0 ], [ -46.679922606401611, -23.7427394062662, 0.0 ], [ -46.680304102282307, -23.742489513835391, 0.0 ], [ -46.68041030509611, -23.742199278235301, 0.0 ], [ -46.680712990091912, -23.741928574030499, 0.0 ], [ -46.680711692941607, -23.741827472931099, 0.0 ], [ -46.680249258590209, -23.741890280068301, 0.0 ], [ -46.679922699928007, -23.741542002342999, 0.0 ], [ -46.677966180977307, -23.742152428724101, 0.0 ], [ -46.677973033601106, -23.7421632784046, 0.0 ], [ -46.678096892586517, -23.742436389695598, 0.0 ], [ -46.678032672587811, -23.742468324226799, 0.0 ], [ -46.678148710624406, -23.7426865389107, 0.0 ], [ -46.6782967259335, -23.742950991561898, 0.0 ], [ -46.678281326264916, -23.742980139115499, 0.0 ], [ -46.678293502618409, -23.743141339947201, 0.0 ], [ -46.678335774415508, -23.743302936270499, 0.0 ], [ -46.678367302552012, -23.7433078302806, 0.0 ], [ -46.678442406666711, -23.7434435204196, 0.0 ], [ -46.678546418321709, -23.7436320724048, 0.0 ], [ -46.678584297283109, -23.7436843854613, 0.0 ], [ -46.678757466192408, -23.743872727962501, 0.0 ], [ -46.678953534853306, -23.744093232560399, 0.0 ], [ -46.679057635830112, -23.744175070476601, 0.0 ], [ -46.679278012727202, -23.744348273927201, 0.0 ], [ -46.679498651792116, -23.744541877789999, 0.0 ], [ -46.679544589920006, -23.744579206572499, 0.0 ], [ -46.679646519601413, -23.7447124377811, 0.0 ], [ -46.679739927402807, -23.744849733901301, 0.0 ], [ -46.679794269501002, -23.744955765721201, 0.0 ], [ -46.67990797217611, -23.745092389758799, 0.0 ], [ -46.679900930704108, -23.745161441292698, 0.0 ], [ -46.679931007224212, -23.745261236507698, 0.0 ], [ -46.67993032696301, -23.745271265138499, 0.0 ], [ -46.679928868421207, -23.745384584170701, 0.0 ], [ -46.679978309656207, -23.745531024959199, 0.0 ], [ -46.68001854327261, -23.7455397963673, 0.0 ], [ -46.680046222843018, -23.7456923419441, 0.0 ], [ -46.680123046127108, -23.745955489745, 0.0 ], [ -46.680300533209198, -23.746057564552899, 0.0 ], [ -46.680560562816808, -23.746124525051499, 0.0 ], [ -46.680635975352011, -23.746170470848899, 0.0 ], [ -46.680869729392306, -23.746314094553799, 0.0 ], [ -46.680926004441211, -23.746406743223201, 0.0 ], [ -46.680975355853917, -23.746810757334799, 0.0 ], [ -46.681032022488807, -23.747148154470501, 0.0 ], [ -46.681113436137011, -23.7472330362733, 0.0 ], [ -46.68124073222841, -23.747520913117999, 0.0 ], [ -46.681507198845907, -23.747710945589201, 0.0 ], [ -46.681737503611906, -23.7478124439277, 0.0 ], [ -46.681954913511809, -23.747791660752299, 0.0 ], [ -46.682166239843596, -23.747971097174499, 0.0 ], [ -46.68233868764321, -23.748020590257799, 0.0 ], [ -46.682449276991612, -23.7481033480782, 0.0 ], [ -46.682556295018912, -23.7481851515968, 0.0 ], [ -46.68264891281521, -23.7482605212757, 0.0 ], [ -46.682722762841209, -23.748329504694599, 0.0 ], [ -46.682867882578307, -23.748480680578499, 0.0 ], [ -46.682969895905607, -23.748563260524801, 0.0 ], [ -46.683118880510108, -23.748681531671398, 0.0 ], [ -46.68340417916351, -23.748901419185, 0.0 ], [ -46.683546913748707, -23.748980214760198, 0.0 ], [ -46.683831025866816, -23.749139174492701, 0.0 ], [ -46.684044994276206, -23.749253215688899, 0.0 ], [ -46.684278097975508, -23.749345561100501, 0.0 ], [ -46.684252080464212, -23.749335281731, 0.0 ], [ -46.684281927227822, -23.749366554898, 0.0 ], [ -46.684313539223112, -23.749541355986299, 0.0 ], [ -46.684505516042911, -23.7497442020431, 0.0 ], [ -46.684731436594006, -23.749944601340598, 0.0 ], [ -46.684849252552809, -23.750092100411798, 0.0 ], [ -46.684896358269512, -23.750138171966899, 0.0 ], [ -46.684979238242398, -23.750210937833199, 0.0 ], [ -46.683768515994608, -23.750681949534698, 0.0 ], [ -46.683544170671603, -23.7504467733947, 0.0 ], [ -46.68336407870941, -23.750362967944, 0.0 ], [ -46.683129051493417, -23.750171423054098, 0.0 ], [ -46.68314357618511, -23.750143458237901, 0.0 ], [ -46.683101049100308, -23.750101128068991, 0.0 ], [ -46.683117027374216, -23.750117024120801, 0.0 ], [ -46.683096507712406, -23.749961783248601, 0.0 ], [ -46.683066149744512, -23.7498970210635, 0.0 ], [ -46.682637347812111, -23.7497275376513, 0.0 ], [ -46.682182441121206, -23.749635347082698, 0.0 ], [ -46.681704624533111, -23.749667721809001, 0.0 ], [ -46.681533932496706, -23.749711018210501, 0.0 ], [ -46.681574757368011, -23.749734227723401, 0.0 ], [ -46.681379925391703, -23.749623676391501, 0.0 ], [ -46.681249119172108, -23.749554048006701, 0.0 ], [ -46.68115165760581, -23.749479452444401, 0.0 ], [ -46.681001317036412, -23.7493563189262, 0.0 ], [ -46.680876733285011, -23.749254662925399, 0.0 ], [ -46.680792704235508, -23.7490543396639, 0.0 ], [ -46.680569953069011, -23.748810384155099, 0.0 ], [ -46.680214208173808, -23.748483731919698, 0.0 ], [ -46.67999311511381, -23.748331031922998, 0.0 ], [ -46.679646867805808, -23.747899548576498, 0.0 ], [ -46.679265292182912, -23.747456892146598, 0.0 ], [ -46.678990610388809, -23.7471431690313, 0.0 ], [ -46.67884535005971, -23.746949016770099, 0.0 ], [ -46.678670762930111, -23.746852325693801, 0.0 ], [ -46.67844904811831, -23.7469095343703, 0.0 ], [ -46.678390294984411, -23.746888504832899, 0.0 ], [ -46.678369711902711, -23.746854060265601, 0.0 ], [ -46.67834792847151, -23.746826941526798, 0.0 ], [ -46.678305161841209, -23.74681621101, 0.0 ], [ -46.678272514956106, -23.746692518779998, 0.0 ], [ -46.678194122520807, -23.746527613197699, 0.0 ], [ -46.678022249919209, -23.746478560476501, 0.0 ], [ -46.677747653476011, -23.7463289656827, 0.0 ], [ -46.677605114906612, -23.7461702631897, 0.0 ], [ -46.677594959401809, -23.746103655397601, 0.0 ], [ -46.677579845344809, -23.745959369062501, 0.0 ], [ -46.677586111664212, -23.746019157675999, 0.0 ], [ -46.677609067978807, -23.745847373697401, 0.0 ], [ -46.677594834892517, -23.745506625277599, 0.0 ], [ -46.677405167925222, -23.745249124378699, 0.0 ], [ -46.6771315963828, -23.7451414078154, 0.0 ], [ -46.676746790754109, -23.745159124791599, 0.0 ], [ -46.676385712206311, -23.7453053249478, 0.0 ], [ -46.675971812139011, -23.745540031257701, 0.0 ], [ -46.675480960878616, -23.745893026969998, 0.0 ], [ -46.675256868263808, -23.746207017580399, 0.0 ], [ -46.675128539735113, -23.746526650901899, 0.0 ], [ -46.67468761747871, -23.747141010010001, 0.0 ], [ -46.674350633599012, -23.747641299818, 0.0 ], [ -46.674110398643307, -23.7480344602061, 0.0 ], [ -46.674267648894308, -23.7482494326031, 0.0 ], [ -46.674270830250308, -23.748295802864298, 0.0 ], [ -46.67427565457411, -23.748268214726298, 0.0 ], [ -46.674264197523712, -23.748333792972101, 0.0 ], [ -46.674284484965312, -23.748383137779999, 0.0 ], [ -46.674275218757906, -23.7483606677688, 0.0 ], [ -46.674279686998013, -23.748425441527299, 0.0 ], [ -46.67428444768791, -23.7487978013922, 0.0 ], [ -46.674216384507218, -23.7490356180841, 0.0 ], [ -46.674102271291908, -23.749265356824999, 0.0 ], [ -46.67413595690261, -23.749869156103301, 0.0 ], [ -46.674330461576218, -23.750827554326008, 0.0 ], [ -46.674445077799412, -23.751003986577999, 0.0 ], [ -46.674470811260406, -23.751067988206, 0.0 ], [ -46.674484264652222, -23.751126886556399, 0.0 ], [ -46.674521478826811, -23.751184082944199, 0.0 ], [ -46.674511330657509, -23.7511685741995, 0.0 ], [ -46.674519181740799, -23.751187899658198, 0.0 ], [ -46.674378331315808, -23.7514207270413, 0.0 ], [ -46.67439334825481, -23.7514627258115, 0.0 ], [ -46.67438068116661, -23.751541227419999, 0.0 ], [ -46.674427058643921, -23.7519480751603, 0.0 ], [ -46.674357028025419, -23.7518929496681, 0.0 ], [ -46.674147030984813, -23.7517476144554, 0.0 ], [ -46.674043628639616, -23.751461278186401, 0.0 ], [ -46.673775471735006, -23.751176816574599, 0.0 ], [ -46.673643424651502, -23.7510226012655, 0.0 ], [ -46.67363344345231, -23.750918885569298, 0.0 ], [ -46.67367445031541, -23.750734899073901, 0.0 ], [ -46.673605595736106, -23.750436271082801, 0.0 ], [ -46.673332971733309, -23.7501438218437, 0.0 ], [ -46.673021127016, -23.750016831375198, 0.0 ], [ -46.672415461946912, -23.7500465890624, 0.0 ], [ -46.671953035532901, -23.7501950499529, 0.0 ], [ -46.6713803250179, -23.750442838374799, 0.0 ], [ -46.671291669983212, -23.750373377461891, 0.0 ], [ -46.671796990709709, -23.750074406437399, 0.0 ], [ -46.672387076809407, -23.749698860633401, 0.0 ], [ -46.672738468515512, -23.7495212657204, 0.0 ], [ -46.673071518226308, -23.749130081797698, 0.0 ], [ -46.673274590313106, -23.748733894492201, 0.0 ], [ -46.673410267660408, -23.748216556521598, 0.0 ], [ -46.673460776812611, -23.748016577605298, 0.0 ], [ -46.673581891454909, -23.747537134887001, 0.0 ], [ -46.67343809378211, -23.746937777530398, 0.0 ], [ -46.67353256430431, -23.746766122446498, 0.0 ], [ -46.673774353604706, -23.746342701757598, 0.0 ], [ -46.673869067756208, -23.7461965032679, 0.0 ], [ -46.674213527924202, -23.745838236759198, 0.0 ], [ -46.674512498048912, -23.745635927261098, 0.0 ], [ -46.674695919903009, -23.745354789415099, 0.0 ], [ -46.674798317374609, -23.744987227015098, 0.0 ], [ -46.675010790727008, -23.744764095967898, 0.0 ], [ -46.675194648656316, -23.744561497849698, 0.0 ], [ -46.675351916399421, -23.744158311230599, 0.0 ], [ -46.675641676180611, -23.7434135073444, 0.0 ], [ -46.675708746293616, -23.7428771397113, 0.0 ], [ -46.675752142139508, -23.742551475042198, 0.0 ], [ -46.675604685468919, -23.742026731810601, 0.0 ], [ -46.675405926627398, -23.741557255012701, 0.0 ], [ -46.675314333713906, -23.741219781913799, 0.0 ], [ -46.675140627838417, -23.7410393857066, 0.0 ], [ -46.675141370308609, -23.740882377932099, 0.0 ], [ -46.675119382675106, -23.740782223027001, 0.0 ], [ -46.674972902379523, -23.740788956224801, 0.0 ], [ -46.67481787668931, -23.7406587343519, 0.0 ], [ -46.674664663270512, -23.740505741703501, 0.0 ], [ -46.674332716528212, -23.740278757883498, 0.0 ], [ -46.673907707569406, -23.740238219494298, 0.0 ], [ -46.673731405741009, -23.740291227752699, 0.0 ], [ -46.673392518272522, -23.740388247611001, 0.0 ], [ -46.673319908386709, -23.740263632297999, 0.0 ], [ -46.673347041242309, -23.740025807512598, 0.0 ], [ -46.673409047350908, -23.739738221166398, 0.0 ], [ -46.673441372398109, -23.739355979746399, 0.0 ], [ -46.673405298791202, -23.738919135994099, 0.0 ], [ -46.673391516524497, -23.738619008259199, 0.0 ], [ -46.673447352276206, -23.7382979941607, 0.0 ], [ -46.673298288912406, -23.738178268943699, 0.0 ], [ -46.673272354509606, -23.737946254802999, 0.0 ], [ -46.673141216054908, -23.737691003120101, 0.0 ], [ -46.672909707404209, -23.737436295665599, 0.0 ], [ -46.672513674229911, -23.737333145061299, 0.0 ], [ -46.672417567187708, -23.737420584305699, 0.0 ], [ -46.672310978183312, -23.7374282375314, 0.0 ], [ -46.672019257519111, -23.7372784553211, 0.0 ], [ -46.671516470644818, -23.737309441586099, 0.0 ], [ -46.671347388491519, -23.737237057850699, 0.0 ], [ -46.671677999066922, -23.7370179810096, 0.0 ], [ -46.671962280296611, -23.7369081037493, 0.0 ], [ -46.672277285582112, -23.736740293923798, 0.0 ], [ -46.672441093290011, -23.7365515486145, 0.0 ], [ -46.67258675757482, -23.736253126537299, 0.0 ], [ -46.672584859911311, -23.735863671605898, 0.0 ], [ -46.672456812790912, -23.735622198791599, 0.0 ], [ -46.672182337536007, -23.7355178224364, 0.0 ], [ -46.671824581341809, -23.735567825092101, 0.0 ], [ -46.671351149565211, -23.735781765156499, 0.0 ], [ -46.670871150609706, -23.735943862766298, 0.0 ], [ -46.670386684106511, -23.736079193500199, 0.0 ], [ -46.670155316224111, -23.736158522724399, 0.0 ], [ -46.670104056543408, -23.736033223556799, 0.0 ], [ -46.669986959027007, -23.735730328862399, 0.0 ], [ -46.670028557924709, -23.735592651174301, 0.0 ], [ -46.670249487459607, -23.735608230853, 0.0 ], [ -46.670620542903407, -23.735522787930599, 0.0 ], [ -46.670865273991517, -23.735444938733298, 0.0 ], [ -46.671098737349709, -23.735358814732599, 0.0 ], [ -46.671472281394806, -23.7350247068659, 0.0 ], [ -46.67171564098151, -23.734661941883399, 0.0 ], [ -46.671783607169907, -23.734480011499301, 0.0 ], [ -46.671739724608607, -23.734184903358599, 0.0 ], [ -46.671577796664408, -23.733734612981699, 0.0 ], [ -46.671456685482717, -23.733440520105198, 0.0 ], [ -46.671202540834308, -23.732982829768901, 0.0 ], [ -46.670840777025006, -23.732546705482299, 0.0 ], [ -46.67060136693771, -23.7324387871762, 0.0 ], [ -46.670253453760509, -23.732543390321801, 0.0 ], [ -46.67003023709141, -23.732531988075301, 0.0 ], [ -46.669990799636196, -23.732477432333798, 0.0 ], [ -46.67019885392741, -23.732130489135201, 0.0 ], [ -46.670366813683508, -23.731836161707498, 0.0 ], [ -46.670439598550011, -23.7314484274196, 0.0 ], [ -46.670404408740708, -23.7310988750252, 0.0 ], [ -46.670335407718902, -23.7308569426737, 0.0 ], [ -46.670099682713406, -23.730568239275598, 0.0 ], [ -46.669959348008007, -23.730428012213999, 0.0 ], [ -46.669880551136906, -23.730413786022499, 0.0 ], [ -46.669526124260912, -23.730349540231501, 0.0 ], [ -46.66928646663451, -23.7305520115113, 0.0 ], [ -46.669060436217109, -23.730713166816798, 0.0 ], [ -46.668606388656507, -23.730866851299698, 0.0 ], [ -46.66813788099941, -23.7311935803911, 0.0 ], [ -46.667665685481396, -23.7314594978907, 0.0 ], [ -46.667113653005707, -23.7316677720335, 0.0 ], [ -46.666841391109308, -23.731774621525101, 0.0 ], [ -46.66665976469011, -23.731694512849799, 0.0 ], [ -46.666642027381911, -23.731527230943101, 0.0 ], [ -46.66672816170751, -23.731386997501101, 0.0 ], [ -46.667222531798203, -23.7311283371271, 0.0 ], [ -46.667481166500806, -23.730993104871601, 0.0 ], [ -46.668230977476306, -23.730310521554799, 0.0 ], [ -46.668463475603708, -23.729996630899901, 0.0 ], [ -46.668653768436009, -23.729614039369501, 0.0 ], [ -46.668634403244909, -23.729280927388899, 0.0 ], [ -46.668537539395309, -23.728921115545798, 0.0 ], [ -46.668450632043111, -23.728879620645799, 0.0 ], [ -46.668376997462808, -23.728756187056298, 0.0 ], [ -46.668464570459818, -23.7285259261355, 0.0 ], [ -46.668427555363209, -23.728286626861699, 0.0 ], [ -46.668357710628399, -23.7282258080361, 0.0 ], [ -46.668201769809102, -23.728015598399999, 0.0 ], [ -46.668198751943308, -23.727778460211699, 0.0 ], [ -46.668100985527417, -23.727633528771801, 0.0 ], [ -46.667871553299911, -23.7274126455596, 0.0 ], [ -46.667535246284309, -23.7271063338783, 0.0 ], [ -46.667157666246119, -23.726772478858198, 0.0 ], [ -46.66684394263271, -23.726594573956401, 0.0 ], [ -46.666628652414502, -23.7265760388884, 0.0 ], [ -46.666497268679812, -23.726636679618899, 0.0 ], [ -46.666032490620012, -23.7268743437516, 0.0 ], [ -46.665910286858306, -23.727052793480201, 0.0 ], [ -46.665551286631811, -23.727175200327501, 0.0 ], [ -46.665313377447006, -23.727298920740498, 0.0 ], [ -46.665306106994308, -23.727611555541401, 0.0 ], [ -46.665123866223709, -23.727527117792398, 0.0 ], [ -46.664966066352711, -23.7275839790003, 0.0 ], [ -46.664561305843911, -23.727828937649701, 0.0 ], [ -46.664100590203411, -23.728062309303098, 0.0 ], [ -46.664029751655796, -23.727833845252501, 0.0 ], [ -46.664219621698003, -23.727633723316899, 0.0 ], [ -46.664455021749006, -23.727446021518798, 0.0 ], [ -46.664699615473509, -23.727097066902999, 0.0 ], [ -46.66501446886641, -23.726937399367799, 0.0 ], [ -46.665227456510209, -23.7267682650245, 0.0 ], [ -46.66584070387151, -23.726032272302998, 0.0 ], [ -46.665917090530506, -23.725812515552199, 0.0 ], [ -46.665752450770007, -23.7253245085458, 0.0 ], [ -46.665485592400906, -23.7251300256696, 0.0 ], [ -46.665073799721306, -23.724903427383598, 0.0 ], [ -46.664675918008498, -23.724727687607999, 0.0 ], [ -46.664064346680611, -23.7244934860135, 0.0 ], [ -46.66362370374511, -23.7243894360589, 0.0 ], [ -46.663200144495406, -23.725867847347498, 0.0 ], [ -46.662696431385712, -23.727365807779599, 0.0 ], [ -46.662434090849509, -23.728331125915201, 0.0 ], [ -46.662512999531806, -23.728966495932401, 0.0 ], [ -46.66270365188511, -23.729331443157001, 0.0 ], [ -46.663303230950412, -23.729798073933701, 0.0 ], [ -46.663624270970907, -23.729965885812099, 0.0 ], [ -46.664085626863312, -23.730018070618399, 0.0 ], [ -46.664406335392108, -23.730153292538301, 0.0 ], [ -46.664713498887807, -23.7306229740128, 0.0 ], [ -46.664861375855111, -23.731102675651101, 0.0 ], [ -46.664865001630908, -23.731388108427499, 0.0 ], [ -46.664463620488611, -23.732575123992898, 0.0 ], [ -46.664206474380812, -23.733254826427501, 0.0 ], [ -46.663491890986606, -23.734192330345401, 0.0 ], [ -46.663916561383012, -23.734711126055, 0.0 ], [ -46.664180373940212, -23.735142001758, 0.0 ], [ -46.66436568007061, -23.7353778100318, 0.0 ], [ -46.66474704074281, -23.735485654193401, 0.0 ], [ -46.6653272332344, -23.7357032153629, 0.0 ], [ -46.665680773283007, -23.736021172063801, 0.0 ], [ -46.665963711074319, -23.736759609395499, 0.0 ], [ -46.66607966320791, -23.737513748951798, 0.0 ], [ -46.666152940524512, -23.737653347699901, 0.0 ], [ -46.666171923227402, -23.7376895267486, 0.0 ], [ -46.666151720028608, -23.737729107393001, 0.0 ], [ -46.666151566944308, -23.7377361510333, 0.0 ], [ -46.666139198699511, -23.737838483465801, 0.0 ], [ -46.666135351818312, -23.737847643396698, 0.0 ], [ -46.666095572403123, -23.737944312613401, 0.0 ], [ -46.666089131810416, -23.7379530490843, 0.0 ], [ -46.665994912311206, -23.738081181350001, 0.0 ], [ -46.665935014415112, -23.738154142608199, 0.0 ], [ -46.666543751570707, -23.739094910141301, 0.0 ], [ -46.666500276672508, -23.739199925222501, 0.0 ], [ -46.666652921205312, -23.739340834857401, 0.0 ], [ -46.666450430983012, -23.7398469712214, 0.0 ], [ -46.666229278788308, -23.740399532832701, 0.0 ], [ -46.665905039019009, -23.741210057104599, 0.0 ], [ -46.665743622091512, -23.7416134606706, 0.0 ], [ -46.665555471242719, -23.742083689895001, 0.0 ], [ -46.665333842836311, -23.742637519496299, 0.0 ], [ -46.665012568579009, -23.743440336269799, 0.0 ], [ -46.664787330261916, -23.744003232279301, 0.0 ], [ -46.664765697022517, -23.744114963420198, 0.0 ], [ -46.664501831265511, -23.7447446322833, 0.0 ], [ -46.664148073116209, -23.745589056156099, 0.0 ], [ -46.663825058325109, -23.7467271063006, 0.0 ], [ -46.663931707774999, -23.747060994362499, 0.0 ], [ -46.66429264440071, -23.747716798045499, 0.0 ], [ -46.665894244697895, -23.750949959930701, 0.0 ], [ -46.666559808338512, -23.7524670111817, 0.0 ], [ -46.666744726246122, -23.752695325615498, 0.0 ], [ -46.666670201395199, -23.753094001074299, 0.0 ], [ -46.666923445854117, -23.754222138600898, 0.0 ], [ -46.66736101448781, -23.7564267014242, 0.0 ], [ -46.670373198341608, -23.756237078061698, 0.0 ], [ -46.671187481855917, -23.755861820349399, 0.0 ], [ -46.672931582114209, -23.7543665733841, 0.0 ], [ -46.674258155802612, -23.754725339347399, 0.0 ], [ -46.675164489324708, -23.754945373241199, 0.0 ], [ -46.675614898954606, -23.755057945916299, 0.0 ], [ -46.67622567151831, -23.755210578035598, 0.0 ], [ -46.676702812095208, -23.755237360973691, 0.0 ], [ -46.677592376063906, -23.755227705805691, 0.0 ], [ -46.678775802716807, -23.755001247489901, 0.0 ], [ -46.679302704886013, -23.754864975363798, 0.0 ], [ -46.681204189413307, -23.7533251358083, 0.0 ], [ -46.682243282561508, -23.752910270325401, 0.0 ], [ -46.683221720143919, -23.752792813236301, 0.0 ], [ -46.684385030811711, -23.7530174869785, 0.0 ], [ -46.687114983032316, -23.753735414702199, 0.0 ], [ -46.687581689134106, -23.7539320967953, 0.0 ], [ -46.688652845320412, -23.753006570182599, 0.0 ], [ -46.688491076807516, -23.752462317924099, 0.0 ], [ -46.688183394864609, -23.751599342141098, 0.0 ], [ -46.688175591359411, -23.7509940926446, 0.0 ], [ -46.688116574330316, -23.7504132367362, 0.0 ], [ -46.687642152593611, -23.7496232220523, 0.0 ], [ -46.687406468702811, -23.749330847022801, 0.0 ] ] ] ] } },
{ "type": "Feature", "properties": { "Name": "Lote 07", "Codigo": "7" }, "geometry": { "type": "MultiPolygon", "coordinates": [ [ [ [ -46.654557932268503, -23.762750995148298, 0.0 ], [ -46.654451965847201, -23.7630336293747, 0.0 ], [ -46.654446305794508, -23.763564999683599, 0.0 ], [ -46.654580724570998, -23.763651494730301, 0.0 ], [ -46.655150071342113, -23.763687015673, 0.0 ], [ -46.655319596636708, -23.763555644590099, 0.0 ], [ -46.655563977453198, -23.763291749721599, 0.0 ], [ -46.655796940719597, -23.763289252929699, 0.0 ], [ -46.656167626463798, -23.7633146210074, 0.0 ], [ -46.656306204775703, -23.763218339226899, 0.0 ], [ -46.656265880811297, -23.762934293079802, 0.0 ], [ -46.656079193979501, -23.7625276782498, 0.0 ], [ -46.656094657640701, -23.762394346562001, 0.0 ], [ -46.656264877995703, -23.762471518448098, 0.0 ], [ -46.656439154523802, -23.762677388729902, 0.0 ], [ -46.656702304863799, -23.762925099373501, 0.0 ], [ -46.656953876424708, -23.763229450204701, 0.0 ], [ -46.657202418725703, -23.763294495650801, 0.0 ], [ -46.6574562880201, -23.763192461964501, 0.0 ], [ -46.657525871269407, -23.7628801524551, 0.0 ], [ -46.657621254206013, -23.7628610726433, 0.0 ], [ -46.65796708613501, -23.762859618540801, 0.0 ], [ -46.658201301627599, -23.762949643671998, 0.0 ], [ -46.65832111347941, -23.763115469399001, 0.0 ], [ -46.658555077152002, -23.763191954377799, 0.0 ], [ -46.659242208712001, -23.763220688468898, 0.0 ], [ -46.659502612076508, -23.763059898099399, 0.0 ], [ -46.659618273495788, -23.762898315005401, 0.0 ], [ -46.659819939024302, -23.762928649867899, 0.0 ], [ -46.660147823094697, -23.762832497481799, 0.0 ], [ -46.660398153757498, -23.762885420759801, 0.0 ], [ -46.6605781360064, -23.762960225772702, 0.0 ], [ -46.66111372472561, -23.763070660418901, 0.0 ], [ -46.661568079440102, -23.763078323399991, 0.0 ], [ -46.661628247627498, -23.762987394442, 0.0 ], [ -46.661719020938698, -23.762649937790201, 0.0 ], [ -46.661840611800699, -23.7625223256209, 0.0 ], [ -46.661909917294501, -23.7625712350623, 0.0 ], [ -46.662140217657999, -23.763002561391499, 0.0 ], [ -46.662328910476901, -23.763240770888601, 0.0 ], [ -46.662773883539998, -23.763382328812298, 0.0 ], [ -46.663082484723503, -23.7632076521014, 0.0 ], [ -46.66352046426119, -23.762569880841401, 0.0 ], [ -46.663723156320899, -23.7621782226649, 0.0 ], [ -46.6637259555703, -23.761768403668398, 0.0 ], [ -46.663816500440113, -23.761750726428801, 0.0 ], [ -46.6639762938673, -23.761828363067199, 0.0 ], [ -46.663955662682604, -23.76198730058, 0.0 ], [ -46.663885389221697, -23.762167718123099, 0.0 ], [ -46.663913114984787, -23.762706762599102, 0.0 ], [ -46.664024757006707, -23.7631393638014, 0.0 ], [ -46.664422792057003, -23.763394094068602, 0.0 ], [ -46.664623827217007, -23.763578269378499, 0.0 ], [ -46.664910940278297, -23.763628802629601, 0.0 ], [ -46.665512288822796, -23.763674232417198, 0.0 ], [ -46.665907261264699, -23.763783367337101, 0.0 ], [ -46.666416924955513, -23.763801433813299, 0.0 ], [ -46.666960555705103, -23.763742392688499, 0.0 ], [ -46.667388174334597, -23.763423056049799, 0.0 ], [ -46.6675842396645, -23.7632550021046, 0.0 ], [ -46.667586109193003, -23.7636937505529, 0.0 ], [ -46.667590277442592, -23.763970057556399, 0.0 ], [ -46.667480172934091, -23.764255903995402, 0.0 ], [ -46.667309083582403, -23.764542950297301, 0.0 ], [ -46.666968527767999, -23.764685749616699, 0.0 ], [ -46.666683391192201, -23.764816033113501, 0.0 ], [ -46.666008316459802, -23.765029608807701, 0.0 ], [ -46.665763876192798, -23.7651157554394, 0.0 ], [ -46.665605919116487, -23.765284479746899, 0.0 ], [ -46.665536490067097, -23.7657027809977, 0.0 ], [ -46.665573228724391, -23.7660657685019, 0.0 ], [ -46.665642947727292, -23.7664201847148, 0.0 ], [ -46.665756377833112, -23.7666239008514, 0.0 ], [ -46.665823068941897, -23.766829384888499, 0.0 ], [ -46.665860168207601, -23.767226946199099, 0.0 ], [ -46.665989384806501, -23.767736365958999, 0.0 ], [ -46.666066254734403, -23.767902467532799, 0.0 ], [ -46.666422557111702, -23.768182198400901, 0.0 ], [ -46.666701291437803, -23.768044129681002, 0.0 ], [ -46.667811632705401, -23.7680837855265, 0.0 ], [ -46.669014546333798, -23.7665710353523, 0.0 ], [ -46.669618067768511, -23.766525692043199, 0.0 ], [ -46.66989652913449, -23.766328757241201, 0.0 ], [ -46.670716962333501, -23.7667723764012, 0.0 ], [ -46.6709094827998, -23.7664470862752, 0.0 ], [ -46.670974494146087, -23.7660326230124, 0.0 ], [ -46.673187350175603, -23.766603443352299, 0.0 ], [ -46.67335443965829, -23.766485260610501, 0.0 ], [ -46.673839069924398, -23.765936967243999, 0.0 ], [ -46.673563281569599, -23.765241719104299, 0.0 ], [ -46.674644879672698, -23.764870587067701, 0.0 ], [ -46.674600745595193, -23.764677592523402, 0.0 ], [ -46.674600826485303, -23.7646775916465, 0.0 ], [ -46.674653362612503, -23.764907600749499, 0.0 ], [ -46.675215240135387, -23.766147481328598, 0.0 ], [ -46.675527142141597, -23.766515786657202, 0.0 ], [ -46.676001838602801, -23.766714853120899, 0.0 ], [ -46.676516333846898, -23.766913395810398, 0.0 ], [ -46.677024028503013, -23.767023083484901, 0.0 ], [ -46.677315970750001, -23.767171766655601, 0.0 ], [ -46.677673051688203, -23.767573702921691, 0.0 ], [ -46.678121252977, -23.768078200862799, 0.0 ], [ -46.678239160596199, -23.7681878754309, 0.0 ], [ -46.678726467022301, -23.768486195605298, 0.0 ], [ -46.679139834500397, -23.768690342152201, 0.0 ], [ -46.679516202703802, -23.768854534170899, 0.0 ], [ -46.679840059733102, -23.7689867951268, 0.0 ], [ -46.680012141213297, -23.769100122231698, 0.0 ], [ -46.680301736271502, -23.7695000773207, 0.0 ], [ -46.680384159279697, -23.7697191054718, 0.0 ], [ -46.680479183629998, -23.7704719190879, 0.0 ], [ -46.6803714853082, -23.770949504423498, 0.0 ], [ -46.680261715219402, -23.7712595504549, 0.0 ], [ -46.680357709803602, -23.771659534809199, 0.0 ], [ -46.67984102227269, -23.7718654895111, 0.0 ], [ -46.678909530079913, -23.774227262081499, 0.0 ], [ -46.679754657628997, -23.775384232788799, 0.0 ], [ -46.681974751612998, -23.776188305493999, 0.0 ], [ -46.682064564848403, -23.776956160337399, 0.0 ], [ -46.682145002770802, -23.7780014603821, 0.0 ], [ -46.681320354097998, -23.778383754009301, 0.0 ], [ -46.680134665597798, -23.778424827962301, 0.0 ], [ -46.679694137201309, -23.7793968018869, 0.0 ], [ -46.681272218992703, -23.7802217676068, 0.0 ], [ -46.680497141507892, -23.781251645124499, 0.0 ], [ -46.682146829909001, -23.782709593311701, 0.0 ], [ -46.682453456517813, -23.783298224188101, 0.0 ], [ -46.683002352748197, -23.784409557930601, 0.0 ], [ -46.683418218024897, -23.784960251126002, 0.0 ], [ -46.684257231204498, -23.785916382503402, 0.0 ], [ -46.685185329168597, -23.788164266959001, 0.0 ], [ -46.685272361496096, -23.788243305556499, 0.0 ], [ -46.68550444018841, -23.7882819396036, 0.0 ], [ -46.686100353781001, -23.786868224998699, 0.0 ], [ -46.68640634272419, -23.786483265607998, 0.0 ], [ -46.686766300129293, -23.7863052714616, 0.0 ], [ -46.6894114884647, -23.7866572391952, 0.0 ], [ -46.6894359852676, -23.786699493294499, 0.0 ], [ -46.690279943855387, -23.786832446410301, 0.0 ], [ -46.691450990435591, -23.787492931912499, 0.0 ], [ -46.692656606603201, -23.78769783425, 0.0 ], [ -46.693358514451198, -23.787445656095102, 0.0 ], [ -46.693704869609903, -23.787567346108801, 0.0 ], [ -46.694068313029703, -23.787546565672901, 0.0 ], [ -46.694676595602402, -23.787481386985601, 0.0 ], [ -46.695112119716804, -23.787409616790502, 0.0 ], [ -46.695439048061402, -23.787380928331299, 0.0 ], [ -46.695992691136198, -23.787307948556499, 0.0 ], [ -46.696683930093997, -23.7873254502598, 0.0 ], [ -46.697100734474603, -23.787220476518101, 0.0 ], [ -46.69767094797799, -23.787021728553501, 0.0 ], [ -46.698384667758702, -23.786670902285699, 0.0 ], [ -46.699143414251203, -23.786285992964601, 0.0 ], [ -46.699236213239097, -23.7862043511102, 0.0 ], [ -46.699264883066199, -23.7861939241157, 0.0 ], [ -46.699294054730707, -23.786184755517102, 0.0 ], [ -46.699323406970713, -23.786177029411299, 0.0 ], [ -46.699352861231702, -23.786170927223498, 0.0 ], [ -46.699382254536602, -23.7861663604676, 0.0 ], [ -46.699381966131803, -23.7861690720536, 0.0 ], [ -46.699765107656901, -23.7861452628599, 0.0 ], [ -46.699970965731097, -23.7860902722636, 0.0 ], [ -46.700118237334998, -23.786097136722201, 0.0 ], [ -46.700413229224708, -23.786213779855402, 0.0 ], [ -46.700678229784003, -23.786195693451798, 0.0 ], [ -46.700857364231098, -23.786207442416501, 0.0 ], [ -46.701068777546901, -23.786218745193398, 0.0 ], [ -46.701339062487797, -23.786159070484601, 0.0 ], [ -46.701679425705898, -23.786168319205999, 0.0 ], [ -46.701944693748899, -23.786245383110899, 0.0 ], [ -46.702108294640901, -23.7862448431963, 0.0 ], [ -46.702253584248098, -23.786161627739499, 0.0 ], [ -46.702758615195599, -23.785693190878, 0.0 ], [ -46.702942504268897, -23.785448850176, 0.0 ], [ -46.703067918781791, -23.785305907166801, 0.0 ], [ -46.703401204227397, -23.785101266073099, 0.0 ], [ -46.703697299748498, -23.784923847974898, 0.0 ], [ -46.703780608871199, -23.784803487774099, 0.0 ], [ -46.703812599272808, -23.7846257340242, 0.0 ], [ -46.70387262076369, -23.784463108807898, 0.0 ], [ -46.704019135374487, -23.783356732269699, 0.0 ], [ -46.704533109459099, -23.782551536499401, 0.0 ], [ -46.706118761937503, -23.781152463576301, 0.0 ], [ -46.706639659982997, -23.780414443806102, 0.0 ], [ -46.70668412603959, -23.780120451358201, 0.0 ], [ -46.706716828003501, -23.779904591031901, 0.0 ], [ -46.706369171558599, -23.779149177020201, 0.0 ], [ -46.70587425021921, -23.778150729562899, 0.0 ], [ -46.705645349385598, -23.777324936901401, 0.0 ], [ -46.705392709659101, -23.776775573238901, 0.0 ], [ -46.7052542457754, -23.776618118841899, 0.0 ], [ -46.705137453569392, -23.7760253642696, 0.0 ], [ -46.705101256912997, -23.774645287867202, 0.0 ], [ -46.705202886509603, -23.774068989820201, 0.0 ], [ -46.706855256631201, -23.774027262373, 0.0 ], [ -46.706421466383098, -23.772708547468099, 0.0 ], [ -46.706002979682196, -23.7712908047395, 0.0 ], [ -46.705556803576798, -23.767748346954001, 0.0 ], [ -46.705395034466697, -23.7675152236265, 0.0 ], [ -46.703289851511002, -23.766786145853001, 0.0 ], [ -46.703070166697103, -23.766671474451702, 0.0 ], [ -46.702965504611697, -23.766312860743501, 0.0 ], [ -46.702679213947597, -23.764567374111, 0.0 ], [ -46.702649044045401, -23.764350220940202, 0.0 ], [ -46.701995633313587, -23.7644327155311, 0.0 ], [ -46.701691130957798, -23.763381864460701, 0.0 ], [ -46.701579731694302, -23.7625045715622, 0.0 ], [ -46.702014000410102, -23.762349199709401, 0.0 ], [ -46.701944467609302, -23.7618982019249, 0.0 ], [ -46.701343416687301, -23.761109992267301, 0.0 ], [ -46.699790018285697, -23.761185683535199, 0.0 ], [ -46.699722340375601, -23.760876855886099, 0.0 ], [ -46.699791481680109, -23.760457463908601, 0.0 ], [ -46.699941166997597, -23.7587900489813, 0.0 ], [ -46.700295251410687, -23.758098665655709, 0.0 ], [ -46.700128839011498, -23.757929866474999, 0.0 ], [ -46.700083900517697, -23.7576401989499, 0.0 ], [ -46.700289410100197, -23.7565715425159, 0.0 ], [ -46.6999526781714, -23.756505821775399, 0.0 ], [ -46.699793151659598, -23.7563624957596, 0.0 ], [ -46.699784064755001, -23.756192236091302, 0.0 ], [ -46.699917137158501, -23.754827895017701, 0.0 ], [ -46.699857546935597, -23.7544625526535, 0.0 ], [ -46.699519510564699, -23.7542959112149, 0.0 ], [ -46.698880928717898, -23.754214638722001, 0.0 ], [ -46.698416317029, -23.7541868838819, 0.0 ], [ -46.698441135744609, -23.754135783035899, 0.0 ], [ -46.698832796855498, -23.753585008393799, 0.0 ], [ -46.6989817884009, -23.753122577503799, 0.0 ], [ -46.698841068249003, -23.752520507553601, 0.0 ], [ -46.698255756461002, -23.751213175238409, 0.0 ], [ -46.698130825235488, -23.7507053644552, 0.0 ], [ -46.698177935867513, -23.750239991017299, 0.0 ], [ -46.698476759487598, -23.749710641047798, 0.0 ], [ -46.6985442534017, -23.749444834888209, 0.0 ], [ -46.698463453940697, -23.749021583726702, 0.0 ], [ -46.698311181949997, -23.748775616842899, 0.0 ], [ -46.697862608056703, -23.7484735003483, 0.0 ], [ -46.697527108508901, -23.748220336693301, 0.0 ], [ -46.696080580598903, -23.747367535014199, 0.0 ], [ -46.695815037808487, -23.747044173610799, 0.0 ], [ -46.695684159372199, -23.746913077169399, 0.0 ], [ -46.6956824693439, -23.7469074982946, 0.0 ], [ -46.695260206174403, -23.747262239739801, 0.0 ], [ -46.694973458150493, -23.747894010668301, 0.0 ], [ -46.694633270330897, -23.747990640108601, 0.0 ], [ -46.694309269128091, -23.748144239208301, 0.0 ], [ -46.693255072737998, -23.748848788918501, 0.0 ], [ -46.69278545876449, -23.7491396725387, 0.0 ], [ -46.692493895113302, -23.749400076265999, 0.0 ], [ -46.692050813119103, -23.7499478777743, 0.0 ], [ -46.69177117507251, -23.749929452262201, 0.0 ], [ -46.691112807129002, -23.750036689172202, 0.0 ], [ -46.690167557502313, -23.750761423518501, 0.0 ], [ -46.69016836138141, -23.750222075790099, 0.0 ], [ -46.689675268644592, -23.7505060750102, 0.0 ], [ -46.688970966204899, -23.7500565000908, 0.0 ], [ -46.688116574330309, -23.7504132367362, 0.0 ], [ -46.688175591359403, -23.7509940926446, 0.0 ], [ -46.688183394864602, -23.751599342141098, 0.0 ], [ -46.688491076807509, -23.752462317924099, 0.0 ], [ -46.688652845320398, -23.753006570182599, 0.0 ], [ -46.687698413809898, -23.753831241973, 0.0 ], [ -46.687581689134099, -23.7539320967953, 0.0 ], [ -46.687114983032309, -23.753735414702199, 0.0 ], [ -46.684385030811697, -23.7530174869785, 0.0 ], [ -46.683221720143898, -23.752792813236301, 0.0 ], [ -46.682243282561501, -23.752910270325401, 0.0 ], [ -46.6812041894133, -23.7533251358083, 0.0 ], [ -46.679302704885998, -23.754864975363802, 0.0 ], [ -46.6787758027168, -23.755001247489901, 0.0 ], [ -46.677592376063899, -23.755227705805702, 0.0 ], [ -46.676702812095201, -23.755237360973702, 0.0 ], [ -46.676339735577997, -23.755217014565801, 0.0 ], [ -46.676225671518303, -23.755210578035602, 0.0 ], [ -46.675614898954599, -23.755057945916299, 0.0 ], [ -46.6751644893247, -23.754945373241199, 0.0 ], [ -46.674258155802598, -23.754725339347399, 0.0 ], [ -46.672931582114202, -23.7543665733841, 0.0 ], [ -46.671187481855902, -23.755861820349399, 0.0 ], [ -46.670373198341601, -23.756237078061702, 0.0 ], [ -46.667361014487803, -23.7564267014242, 0.0 ], [ -46.666960094558902, -23.754406640237502, 0.0 ], [ -46.666960012525401, -23.754406550840699, 0.0 ], [ -46.66692344585411, -23.754222138600898, 0.0 ], [ -46.666670201395213, -23.753094001074299, 0.0 ], [ -46.666744726246101, -23.752695325615498, 0.0 ], [ -46.666559808338498, -23.7524670111817, 0.0 ], [ -46.66589424469791, -23.750949959930701, 0.0 ], [ -46.664292644400703, -23.747716798045499, 0.0 ], [ -46.663931707774992, -23.747060994362499, 0.0 ], [ -46.663825058325102, -23.7467271063006, 0.0 ], [ -46.664148073116188, -23.745589056156099, 0.0 ], [ -46.66450183126549, -23.7447446322833, 0.0 ], [ -46.66476569702251, -23.744114963420198, 0.0 ], [ -46.664787330261909, -23.744003232279301, 0.0 ], [ -46.665012568579002, -23.743440336269799, 0.0 ], [ -46.665333842836297, -23.742637519496299, 0.0 ], [ -46.665555471242698, -23.742083689895001, 0.0 ], [ -46.665743622091497, -23.7416134606706, 0.0 ], [ -46.665905039019002, -23.741210057104599, 0.0 ], [ -46.6662292787883, -23.740399532832701, 0.0 ], [ -46.666450430982998, -23.7398469712214, 0.0 ], [ -46.666652921205298, -23.739340834857401, 0.0 ], [ -46.666500276672501, -23.739199925222501, 0.0 ], [ -46.6665437515707, -23.739094910141301, 0.0 ], [ -46.665935014415098, -23.738154142608199, 0.0 ], [ -46.665994912311213, -23.738081181350001, 0.0 ], [ -46.666089131810402, -23.7379530490843, 0.0 ], [ -46.666095572403101, -23.737944312613401, 0.0 ], [ -46.666135351818298, -23.737847643396709, 0.0 ], [ -46.666139198699497, -23.737838483465801, 0.0 ], [ -46.666151566944301, -23.7377361510333, 0.0 ], [ -46.666171923227402, -23.7376895267486, 0.0 ], [ -46.666152940524498, -23.737653347699901, 0.0 ], [ -46.666079663207903, -23.737513748951802, 0.0 ], [ -46.665963711074298, -23.736759609395499, 0.0 ], [ -46.665680773283, -23.736021172063801, 0.0 ], [ -46.665327233234393, -23.7357032153629, 0.0 ], [ -46.664747040742803, -23.735485654193401, 0.0 ], [ -46.664365680070603, -23.7353778100318, 0.0 ], [ -46.664180373940191, -23.735142001758, 0.0 ], [ -46.663916561382997, -23.734711126055, 0.0 ], [ -46.663491890986599, -23.734192330345401, 0.0 ], [ -46.664206474380798, -23.733254826427501, 0.0 ], [ -46.664463620488597, -23.732575123992898, 0.0 ], [ -46.664865001630901, -23.731388108427499, 0.0 ], [ -46.664861375855097, -23.731102675651101, 0.0 ], [ -46.664713498887799, -23.7306229740128, 0.0 ], [ -46.664406335392101, -23.730153292538301, 0.0 ], [ -46.664085626863297, -23.730018070618399, 0.0 ], [ -46.663624270970899, -23.729965885812099, 0.0 ], [ -46.66330323095039, -23.729798073933701, 0.0 ], [ -46.662703651885103, -23.729331443157001, 0.0 ], [ -46.662512999531799, -23.728966495932401, 0.0 ], [ -46.662434090849501, -23.728331125915201, 0.0 ], [ -46.662696431385697, -23.727365807779599, 0.0 ], [ -46.663200144495399, -23.725867847347502, 0.0 ], [ -46.663623703745102, -23.7243894360589, 0.0 ], [ -46.663627498927802, -23.724376214045002, 0.0 ], [ -46.662910304455103, -23.7243650573024, 0.0 ], [ -46.662494015532403, -23.724491322938199, 0.0 ], [ -46.662019555712099, -23.7246351856164, 0.0 ], [ -46.661751096515502, -23.724888151780299, 0.0 ], [ -46.661677790457198, -23.725357865112699, 0.0 ], [ -46.6616870365906, -23.726087336221799, 0.0 ], [ -46.661646896585502, -23.726493766491998, 0.0 ], [ -46.661505059923307, -23.727108216062401, 0.0 ], [ -46.6613057728363, -23.727599415484502, 0.0 ], [ -46.660845231736097, -23.728249157288602, 0.0 ], [ -46.660572547733999, -23.7285460442532, 0.0 ], [ -46.660228424975102, -23.728681641138198, 0.0 ], [ -46.660007336788098, -23.7287930753116, 0.0 ], [ -46.659773930398991, -23.7294966219069, 0.0 ], [ -46.659776414449503, -23.7298971774356, 0.0 ], [ -46.659908922005499, -23.730371813298699, 0.0 ], [ -46.660104220543097, -23.730791063916101, 0.0 ], [ -46.660348137595498, -23.731064076768899, 0.0 ], [ -46.6605970613846, -23.731157644739501, 0.0 ], [ -46.660858089959397, -23.731127756847499, 0.0 ], [ -46.661092861123599, -23.731125686625901, 0.0 ], [ -46.6613474636071, -23.731182266959191, 0.0 ], [ -46.661499263337703, -23.731315156460301, 0.0 ], [ -46.661868457406101, -23.731415013753001, 0.0 ], [ -46.6618326211739, -23.731535744951898, 0.0 ], [ -46.661573134400797, -23.731623488801109, 0.0 ], [ -46.661216661777502, -23.731825397668601, 0.0 ], [ -46.661287153613998, -23.7323393388818, 0.0 ], [ -46.661426146938098, -23.732693286340901, 0.0 ], [ -46.661200478380998, -23.732616081971901, 0.0 ], [ -46.660966674509801, -23.732547902576599, 0.0 ], [ -46.660646799314598, -23.732395691660901, 0.0 ], [ -46.660564445918901, -23.732381679485101, 0.0 ], [ -46.660189967738091, -23.7323181693294, 0.0 ], [ -46.659632687312588, -23.732343291187401, 0.0 ], [ -46.659306223099897, -23.7324179370063, 0.0 ], [ -46.659178436728801, -23.732386535718302, 0.0 ], [ -46.659048247740699, -23.732037547280299, 0.0 ], [ -46.658967269154402, -23.732100169085001, 0.0 ], [ -46.6589364532974, -23.7321960182624, 0.0 ], [ -46.658816646360108, -23.732520242990901, 0.0 ], [ -46.658770954922602, -23.7327700023259, 0.0 ], [ -46.658756204643602, -23.733298040641699, 0.0 ], [ -46.658727105430003, -23.7338426642138, 0.0 ], [ -46.658779347742303, -23.7342509918739, 0.0 ], [ -46.658958631879088, -23.7345550348121, 0.0 ], [ -46.659111168488103, -23.734829029684899, 0.0 ], [ -46.659218409932087, -23.735224307978299, 0.0 ], [ -46.659300282048207, -23.735596204475101, 0.0 ], [ -46.659494102820602, -23.736077043630701, 0.0 ], [ -46.659682755459393, -23.736283841332099, 0.0 ], [ -46.659821512838803, -23.736319006368898, 0.0 ], [ -46.660021595397197, -23.736317038893102, 0.0 ], [ -46.660240585782397, -23.7364795427338, 0.0 ], [ -46.660551898694699, -23.736702085434398, 0.0 ], [ -46.660777280398001, -23.7369028897003, 0.0 ], [ -46.661119654552898, -23.736959520146399, 0.0 ], [ -46.661388339844201, -23.736818140503601, 0.0 ], [ -46.661503974885207, -23.736720115515499, 0.0 ], [ -46.661700651159101, -23.7366855003288, 0.0 ], [ -46.661842651680701, -23.736816869340799, 0.0 ], [ -46.661765818281097, -23.7369385828564, 0.0 ], [ -46.661555826491302, -23.7372180056771, 0.0 ], [ -46.661497325521204, -23.737388545230999, 0.0 ], [ -46.661626538025999, -23.7375511088634, 0.0 ], [ -46.661891552468298, -23.737598547575899, 0.0 ], [ -46.662128152277809, -23.7376695840696, 0.0 ], [ -46.662276212636897, -23.7376281778883, 0.0 ], [ -46.662404849865197, -23.737592307054101, 0.0 ], [ -46.662491476841801, -23.737700616867599, 0.0 ], [ -46.662562573728401, -23.737968260864701, 0.0 ], [ -46.662503413485503, -23.737997516436099, 0.0 ], [ -46.662149243820799, -23.7380824880021, 0.0 ], [ -46.661973820919997, -23.7381539813038, 0.0 ], [ -46.661721403894212, -23.738289950826601, 0.0 ], [ -46.661657647516492, -23.738218320138898, 0.0 ], [ -46.661508336583211, -23.738275989975001, 0.0 ], [ -46.661481915753313, -23.7383675490826, 0.0 ], [ -46.661366537573613, -23.738460425263099, 0.0 ], [ -46.661289123848412, -23.7384088935172, 0.0 ], [ -46.661170301320603, -23.738319436770201, 0.0 ], [ -46.6610606448779, -23.738053379969099, 0.0 ], [ -46.660925324582401, -23.7379066808444, 0.0 ], [ -46.660747546649702, -23.737837087155601, 0.0 ], [ -46.660544477051602, -23.737769480255199, 0.0 ], [ -46.660238758952502, -23.7375482318349, 0.0 ], [ -46.6600488825909, -23.737411055622601, 0.0 ], [ -46.659788436024797, -23.737258024847801, 0.0 ], [ -46.659530020887509, -23.737271722916699, 0.0 ], [ -46.65933999744739, -23.737256969948699, 0.0 ], [ -46.659167183599202, -23.737151298501502, 0.0 ], [ -46.659004852347302, -23.737113316270602, 0.0 ], [ -46.658772398399002, -23.737030945114199, 0.0 ], [ -46.65848947268659, -23.7370060830523, 0.0 ], [ -46.658307262204303, -23.737103736581499, 0.0 ], [ -46.658190104474713, -23.737286189466499, 0.0 ], [ -46.658059265969399, -23.737557265529301, 0.0 ], [ -46.657854118786901, -23.737907051847301, 0.0 ], [ -46.657682689058888, -23.738140915212501, 0.0 ], [ -46.657688970793998, -23.7382346510547, 0.0 ], [ -46.657579645579801, -23.738339467153999, 0.0 ], [ -46.657353785394491, -23.738439573841799, 0.0 ], [ -46.657204157336402, -23.7386002550009, 0.0 ], [ -46.657164410602299, -23.7389174812769, 0.0 ], [ -46.65716035725611, -23.7392812716908, 0.0 ], [ -46.657061974071688, -23.739311216522999, 0.0 ], [ -46.656755935783011, -23.739320364768499, 0.0 ], [ -46.656400979282807, -23.739234969352399, 0.0 ], [ -46.656219718614501, -23.739331346474302, 0.0 ], [ -46.655716490528, -23.7396485715004, 0.0 ], [ -46.655450153041301, -23.739855100400099, 0.0 ], [ -46.655332202293792, -23.739994495208698, 0.0 ], [ -46.655315422387197, -23.740138855617101, 0.0 ], [ -46.655229696126803, -23.7402679742729, 0.0 ], [ -46.655206487449298, -23.7405117139688, 0.0 ], [ -46.655313687491102, -23.740891376645902, 0.0 ], [ -46.655465559178701, -23.741323917633299, 0.0 ], [ -46.655664364152003, -23.7416874315517, 0.0 ], [ -46.655798329549903, -23.741931835172998, 0.0 ], [ -46.655969955170491, -23.742103158058299, 0.0 ], [ -46.6559425457339, -23.7422000536253, 0.0 ], [ -46.655770785831798, -23.7423124891274, 0.0 ], [ -46.655512795366803, -23.7422838340254, 0.0 ], [ -46.6553398502422, -23.742136088407999, 0.0 ], [ -46.655131126617903, -23.741954237839501, 0.0 ], [ -46.654968576950701, -23.741899371162098, 0.0 ], [ -46.6547299634016, -23.742027869208499, 0.0 ], [ -46.654660379118397, -23.7422631672923, 0.0 ], [ -46.654703317779102, -23.7424222363951, 0.0 ], [ -46.654761919959697, -23.7427070815226, 0.0 ], [ -46.654887053093503, -23.742937496452701, 0.0 ], [ -46.654837210845791, -23.743013144840301, 0.0 ], [ -46.654586697058797, -23.742955337327299, 0.0 ], [ -46.654381329199097, -23.742911130274901, 0.0 ], [ -46.654190298591303, -23.7430094154718, 0.0 ], [ -46.653991542553499, -23.743303063610799, 0.0 ], [ -46.654058202363103, -23.743508645283502, 0.0 ], [ -46.654213448180997, -23.743760045147798, 0.0 ], [ -46.654417410562701, -23.744006680162599, 0.0 ], [ -46.654939348075601, -23.744298031295799, 0.0 ], [ -46.655214764280501, -23.7444507288888, 0.0 ], [ -46.6553099032433, -23.7446821867549, 0.0 ], [ -46.655191435792197, -23.7447618202978, 0.0 ], [ -46.6551843702605, -23.744855608875, 0.0 ], [ -46.655275623739513, -23.745016417391302, 0.0 ], [ -46.655251168733102, -23.7450783420066, 0.0 ], [ -46.655087384613992, -23.745079734678502, 0.0 ], [ -46.654970894874197, -23.744989435794398, 0.0 ], [ -46.654731218096799, -23.7449125534093, 0.0 ], [ -46.654505521934198, -23.7449050383029, 0.0 ], [ -46.654374120222698, -23.745004581496801, 0.0 ], [ -46.6542496375098, -23.7452164519047, 0.0 ], [ -46.6540670503664, -23.7456825467737, 0.0 ], [ -46.654058688142598, -23.7459427393342, 0.0 ], [ -46.654103970872903, -23.746108012901502, 0.0 ], [ -46.654087504799399, -23.746251737833902, 0.0 ], [ -46.654155264787398, -23.7463585388066, 0.0 ], [ -46.654202343774699, -23.7464802770772, 0.0 ], [ -46.654130994874599, -23.746544057635202, 0.0 ], [ -46.653926816836702, -23.746549673293, 0.0 ], [ -46.653872923140703, -23.746631323402202, 0.0 ], [ -46.653790184132092, -23.7469013399913, 0.0 ], [ -46.653861808877402, -23.747077165621501, 0.0 ], [ -46.653933301308392, -23.747453870533501, 0.0 ], [ -46.6541065759289, -23.747812964489501, 0.0 ], [ -46.654299521208898, -23.748237121671998, 0.0 ], [ -46.654390848715011, -23.748448487819299, 0.0 ], [ -46.654433399906701, -23.748602324585399, 0.0 ], [ -46.654498971368497, -23.748977557640501, 0.0 ], [ -46.654462014152003, -23.749202485025901, 0.0 ], [ -46.654575357241598, -23.749337958866601, 0.0 ], [ -46.654668057746697, -23.7493441889963, 0.0 ], [ -46.6548550913434, -23.7493642153078, 0.0 ], [ -46.655193911246201, -23.749508378918591, 0.0 ], [ -46.655398291090499, -23.749358398078709, 0.0 ], [ -46.655458826364097, -23.7492326186314, 0.0 ], [ -46.655260972217199, -23.748894103234601, 0.0 ], [ -46.655063300170198, -23.7486723204062, 0.0 ], [ -46.65505131916661, -23.748530795996601, 0.0 ], [ -46.655143204522602, -23.748414973117502, 0.0 ], [ -46.655345283058892, -23.7485502183665, 0.0 ], [ -46.655585312486103, -23.748744011046099, 0.0 ], [ -46.655829154369698, -23.748849015134901, 0.0 ], [ -46.656048362249813, -23.748745911628699, 0.0 ], [ -46.656053700035208, -23.748515544725599, 0.0 ], [ -46.655907183948301, -23.748206814862009, 0.0 ], [ -46.655870064259702, -23.7480220438845, 0.0 ], [ -46.65600103893879, -23.747997347834598, 0.0 ], [ -46.656247321579791, -23.748250658702901, 0.0 ], [ -46.6565215054475, -23.748381879512898, 0.0 ], [ -46.656859808118298, -23.748274248266199, 0.0 ], [ -46.657062036105998, -23.748037617622799, 0.0 ], [ -46.656964494181601, -23.747866043976298, 0.0 ], [ -46.65669927453699, -23.7476057146838, 0.0 ], [ -46.656417304081899, -23.7473256120462, 0.0 ], [ -46.656536549947198, -23.7472882212091, 0.0 ], [ -46.656962996244403, -23.7474855209407, 0.0 ], [ -46.657215383492293, -23.7475819447825, 0.0 ], [ -46.657349378764401, -23.747565882312699, 0.0 ], [ -46.657324436176303, -23.747320763017498, 0.0 ], [ -46.657427481513103, -23.747307199126801, 0.0 ], [ -46.657745287315393, -23.7473507375324, 0.0 ], [ -46.657885439934503, -23.747290731476401, 0.0 ], [ -46.658232960622513, -23.747036199850701, 0.0 ], [ -46.6584885556694, -23.746874922169699, 0.0 ], [ -46.658640921983697, -23.746853244568701, 0.0 ], [ -46.65877102336659, -23.746778900477398, 0.0 ], [ -46.658971239316202, -23.7466329323304, 0.0 ], [ -46.659129301322587, -23.746594761796299, 0.0 ], [ -46.659222085641098, -23.7464225910349, 0.0 ], [ -46.659217462597098, -23.7462300690391, 0.0 ], [ -46.659342725813893, -23.7461250805408, 0.0 ], [ -46.659384807345702, -23.745883936820601, 0.0 ], [ -46.659406102235899, -23.745585506578099, 0.0 ], [ -46.659506569383588, -23.745553732071301, 0.0 ], [ -46.659589363443892, -23.7456018663053, 0.0 ], [ -46.659649251017498, -23.7458977998187, 0.0 ], [ -46.659637560124402, -23.746117852408499, 0.0 ], [ -46.659690244683709, -23.746445371645301, 0.0 ], [ -46.659864523729389, -23.7465443452143, 0.0 ], [ -46.660156360488401, -23.7464537276506, 0.0 ], [ -46.660328218535398, -23.746265990989599, 0.0 ], [ -46.660444996918301, -23.746633899694501, 0.0 ], [ -46.660241294695901, -23.746740815012799, 0.0 ], [ -46.660071233010797, -23.746878877194501, 0.0 ], [ -46.660001235078497, -23.746972438902102, 0.0 ], [ -46.659736741409297, -23.7469165057182, 0.0 ], [ -46.659523546353398, -23.746951025591098, 0.0 ], [ -46.658973827297999, -23.747297019352899, 0.0 ], [ -46.658502396481687, -23.7476740407925, 0.0 ], [ -46.658175827766698, -23.747992629111, 0.0 ], [ -46.657763158370898, -23.748372719604099, 0.0 ], [ -46.6574485508743, -23.748754646524901, 0.0 ], [ -46.657389066113701, -23.7489824341529, 0.0 ], [ -46.657510169449402, -23.749142830630799, 0.0 ], [ -46.657470035458601, -23.7492697462359, 0.0 ], [ -46.6573790202876, -23.749307196246399, 0.0 ], [ -46.657188754546887, -23.749249108623399, 0.0 ], [ -46.657064916722803, -23.749166654645201, 0.0 ], [ -46.656845713110101, -23.749289260472899, 0.0 ], [ -46.656662011708903, -23.749455904250102, 0.0 ], [ -46.65646534255, -23.7496973501149, 0.0 ], [ -46.656257821100503, -23.7500273885212, 0.0 ], [ -46.656270136345, -23.7501312615275, 0.0 ], [ -46.656438056075601, -23.7502388837692, 0.0 ], [ -46.656776007346501, -23.750352447394299, 0.0 ], [ -46.657117338156198, -23.7504709395287, 0.0 ], [ -46.657399573526597, -23.750477302348401, 0.0 ], [ -46.657571456897493, -23.750591200527609, 0.0 ], [ -46.657886834654299, -23.7507042814842, 0.0 ], [ -46.658325403093997, -23.750784621786, 0.0 ], [ -46.658704076230102, -23.7508494431946, 0.0 ], [ -46.65912871400279, -23.7507879170834, 0.0 ], [ -46.659470274168591, -23.750751928899, 0.0 ], [ -46.659797357503898, -23.750780015095799, 0.0 ], [ -46.660087408615503, -23.750911510128802, 0.0 ], [ -46.6603603959597, -23.750960399350799, 0.0 ], [ -46.660661583416903, -23.750853700083901, 0.0 ], [ -46.661002030135201, -23.750870264581, 0.0 ], [ -46.661263568407797, -23.750794595882901, 0.0 ], [ -46.661570665200692, -23.7505799444552, 0.0 ], [ -46.661909060863493, -23.750409464878999, 0.0 ], [ -46.6620347737597, -23.750327039810401, 0.0 ], [ -46.662272578479097, -23.7501087987124, 0.0 ], [ -46.662486371197403, -23.7499999664123, 0.0 ], [ -46.662610854139203, -23.750094687242399, 0.0 ], [ -46.662585121728902, -23.7502341787708, 0.0 ], [ -46.662351454690388, -23.750510697943401, 0.0 ], [ -46.662220717515098, -23.750662513817101, 0.0 ], [ -46.662045714958992, -23.750864009294599, 0.0 ], [ -46.661890720381301, -23.751252534139201, 0.0 ], [ -46.662072141012302, -23.751550228765701, 0.0 ], [ -46.662489044833293, -23.752064594484899, 0.0 ], [ -46.662943605881601, -23.752352668430401, 0.0 ], [ -46.662827982421589, -23.752516239407299, 0.0 ], [ -46.662515955727997, -23.7526040101069, 0.0 ], [ -46.662015132962303, -23.7525015103508, 0.0 ], [ -46.661818918747691, -23.7524277836823, 0.0 ], [ -46.661604974986609, -23.752219095356391, 0.0 ], [ -46.661441089064091, -23.752072885318299, 0.0 ], [ -46.661164010140801, -23.751950372060399, 0.0 ], [ -46.660842360910202, -23.751936404773399, 0.0 ], [ -46.660664987889888, -23.7519130319684, 0.0 ], [ -46.660282772375403, -23.751862608450899, 0.0 ], [ -46.659626829851902, -23.751845458563199, 0.0 ], [ -46.659473323568498, -23.751828689493301, 0.0 ], [ -46.658806286247099, -23.751899951047101, 0.0 ], [ -46.658724593804301, -23.752002936856002, 0.0 ], [ -46.6588432731361, -23.752373895679401, 0.0 ], [ -46.658974424634998, -23.752643785204, 0.0 ], [ -46.659072925623398, -23.753216108650999, 0.0 ], [ -46.659049066215402, -23.753439903000199, 0.0 ], [ -46.658958443192503, -23.753393568139899, 0.0 ], [ -46.658721929369193, -23.753152706764901, 0.0 ], [ -46.658520837302611, -23.752879053585399, 0.0 ], [ -46.658252414871697, -23.752584093790698, 0.0 ], [ -46.657988645895202, -23.752362663392301, 0.0 ], [ -46.657681016127597, -23.752190996977799, 0.0 ], [ -46.657361735780007, -23.751878524575002, 0.0 ], [ -46.656921735453999, -23.751698074222201, 0.0 ], [ -46.656416886777599, -23.751711611576901, 0.0 ], [ -46.656237579265301, -23.7516183760304, 0.0 ], [ -46.655938172331091, -23.751604069803399, 0.0 ], [ -46.655271830052698, -23.751711240953501, 0.0 ], [ -46.6543441414114, -23.7518458542242, 0.0 ], [ -46.653729668185299, -23.751928899913999, 0.0 ], [ -46.653196311624903, -23.752157784001401, 0.0 ], [ -46.652897785209397, -23.752444011896898, 0.0 ], [ -46.652797956217107, -23.7526037957014, 0.0 ], [ -46.652899386503101, -23.752615711483699, 0.0 ], [ -46.652999764018602, -23.752595498003402, 0.0 ], [ -46.653220674947313, -23.752735509853501, 0.0 ], [ -46.653481700928403, -23.752970881522199, 0.0 ], [ -46.653592217777899, -23.753209036975001, 0.0 ], [ -46.653776530245501, -23.753589590076601, 0.0 ], [ -46.653802230074987, -23.753715710039401, 0.0 ], [ -46.653657290307997, -23.753730442324802, 0.0 ], [ -46.653627086372687, -23.753401416254501, 0.0 ], [ -46.653520776908991, -23.753220996403801, 0.0 ], [ -46.653336548702207, -23.753397934385799, 0.0 ], [ -46.65314585294059, -23.7536136724041, 0.0 ], [ -46.653000048655997, -23.7538610704657, 0.0 ], [ -46.6529185676347, -23.754135045600201, 0.0 ], [ -46.652973441110099, -23.754271687524199, 0.0 ], [ -46.652959551541308, -23.754440212332501, 0.0 ], [ -46.652886296340903, -23.754686563400199, 0.0 ], [ -46.65298205427419, -23.7547808770546, 0.0 ], [ -46.653227555899903, -23.755080605605809, 0.0 ], [ -46.653402031176398, -23.755258580846998, 0.0 ], [ -46.6535388070469, -23.755058496580599, 0.0 ], [ -46.653640159328198, -23.755051272806401, 0.0 ], [ -46.653854654488299, -23.755188914532798, 0.0 ], [ -46.6540624451303, -23.755205649667101, 0.0 ], [ -46.654195701415098, -23.755117642646201, 0.0 ], [ -46.654390533840697, -23.755101201962098, 0.0 ], [ -46.654577599632788, -23.755059113796399, 0.0 ], [ -46.654893148900612, -23.7550506789078, 0.0 ], [ -46.655149084303801, -23.755023561561099, 0.0 ], [ -46.655301458584603, -23.7548609564085, 0.0 ], [ -46.655457316635697, -23.754852335027, 0.0 ], [ -46.655588899517298, -23.7546449015965, 0.0 ], [ -46.655700001210803, -23.754826532413698, 0.0 ], [ -46.655633872741298, -23.754913189485691, 0.0 ], [ -46.655510815391899, -23.755155109652399, 0.0 ], [ -46.655345862006293, -23.755282549473002, 0.0 ], [ -46.654973001296987, -23.7554032780846, 0.0 ], [ -46.654717956840891, -23.7555329460934, 0.0 ], [ -46.654595524399298, -23.755562064017699, 0.0 ], [ -46.654331917145313, -23.755577525959399, 0.0 ], [ -46.654143278570103, -23.755706482089799, 0.0 ], [ -46.653841608571703, -23.755936409571198, 0.0 ], [ -46.653638352673603, -23.756169887708499, 0.0 ], [ -46.653691198448392, -23.756363609271698, 0.0 ], [ -46.653626540841209, -23.756541254196499, 0.0 ], [ -46.653732510351603, -23.756707322558199, 0.0 ], [ -46.65379348287459, -23.757083236656701, 0.0 ], [ -46.6539943226012, -23.757100226705401, 0.0 ], [ -46.65423715388679, -23.757194499813401, 0.0 ], [ -46.654546706376401, -23.757460045441501, 0.0 ], [ -46.654803558898998, -23.757530694124402, 0.0 ], [ -46.655012964326502, -23.757751628535999, 0.0 ], [ -46.655181025867201, -23.7578761328813, 0.0 ], [ -46.655410396668401, -23.757788629897099, 0.0 ], [ -46.655574969843698, -23.7575221596279, 0.0 ], [ -46.655650010844198, -23.757398120561302, 0.0 ], [ -46.655807836711197, -23.757653552576809, 0.0 ], [ -46.655866423077192, -23.757789160322002, 0.0 ], [ -46.656140790317899, -23.758105908376201, 0.0 ], [ -46.656356964882598, -23.758087972315799, 0.0 ], [ -46.656594173159299, -23.757999751599701, 0.0 ], [ -46.656659794679399, -23.758115872933999, 0.0 ], [ -46.656940243792803, -23.758229058605199, 0.0 ], [ -46.657489842847397, -23.758259366820301, 0.0 ], [ -46.657692096284798, -23.758202576412099, 0.0 ], [ -46.657911842177697, -23.758083393772601, 0.0 ], [ -46.657973978879902, -23.757802943198499, 0.0 ], [ -46.6579890277159, -23.7574645854496, 0.0 ], [ -46.658075472289198, -23.7574363023949, 0.0 ], [ -46.6581115254533, -23.757523579295, 0.0 ], [ -46.658283918738903, -23.757747163253509, 0.0 ], [ -46.658425925130508, -23.757941189820691, 0.0 ], [ -46.658698677805212, -23.757663985433599, 0.0 ], [ -46.6588392410927, -23.757527053481098, 0.0 ], [ -46.658847318286298, -23.7575260639445, 0.0 ], [ -46.659031653762398, -23.757504583895201, 0.0 ], [ -46.6593244918623, -23.757420817572001, 0.0 ], [ -46.65951850146881, -23.757358425627999, 0.0 ], [ -46.659872878320499, -23.7571962646009, 0.0 ], [ -46.660038569196203, -23.7571526840341, 0.0 ], [ -46.660411749095303, -23.757133687467402, 0.0 ], [ -46.660726714957804, -23.7571172116245, 0.0 ], [ -46.660942896559092, -23.7570745319263, 0.0 ], [ -46.661018048000997, -23.757029756790299, 0.0 ], [ -46.661011789154102, -23.7569317779455, 0.0 ], [ -46.660981238669699, -23.756838393758301, 0.0 ], [ -46.661130175132513, -23.756730440610799, 0.0 ], [ -46.661195057033908, -23.756813524664398, 0.0 ], [ -46.661186037044899, -23.756918709747701, 0.0 ], [ -46.661261934347401, -23.757098457509599, 0.0 ], [ -46.661590507466208, -23.757198026372901, 0.0 ], [ -46.661787997393994, -23.757186874306601, 0.0 ], [ -46.661878804915297, -23.757260199611199, 0.0 ], [ -46.661861986277799, -23.757305431151099, 0.0 ], [ -46.661684075614403, -23.757399612633002, 0.0 ], [ -46.661534559716998, -23.757359961703699, 0.0 ], [ -46.66133022073501, -23.757392403339601, 0.0 ], [ -46.661225773971303, -23.757442729948998, 0.0 ], [ -46.661096563410901, -23.757460460116398, 0.0 ], [ -46.660986977574403, -23.757513821120501, 0.0 ], [ -46.660668252001301, -23.757661246683501, 0.0 ], [ -46.660380331778398, -23.7576798694448, 0.0 ], [ -46.660136685457203, -23.7577641023321, 0.0 ], [ -46.6597662640823, -23.757994418643101, 0.0 ], [ -46.659267088132196, -23.758189281845102, 0.0 ], [ -46.658952181961801, -23.758440487219598, 0.0 ], [ -46.658719844540798, -23.758651262102202, 0.0 ], [ -46.658377955679207, -23.758797035905001, 0.0 ], [ -46.658008375732798, -23.758953759411899, 0.0 ], [ -46.657730458528398, -23.759085393328299, 0.0 ], [ -46.657631627685397, -23.759030027460302, 0.0 ], [ -46.657463285208102, -23.7588964105068, 0.0 ], [ -46.657198240320703, -23.758894649189099, 0.0 ], [ -46.656793842234208, -23.758914785527999, 0.0 ], [ -46.656362427594701, -23.7589352104449, 0.0 ], [ -46.655820888154601, -23.758979475192501, 0.0 ], [ -46.655317516036597, -23.759124806158098, 0.0 ], [ -46.655135917971201, -23.759311829838101, 0.0 ], [ -46.6553385461904, -23.759623479371498, 0.0 ], [ -46.655629566895698, -23.759945466642801, 0.0 ], [ -46.655790567269101, -23.7600678790388, 0.0 ], [ -46.656060790932592, -23.760299715986701, 0.0 ], [ -46.656199140357501, -23.760569169234401, 0.0 ], [ -46.656050953249597, -23.7606858672737, 0.0 ], [ -46.6558463544307, -23.760794231879899, 0.0 ], [ -46.655467034910998, -23.760866008380301, 0.0 ], [ -46.655267115694791, -23.7607687499438, 0.0 ], [ -46.654677317148703, -23.7604839083305, 0.0 ], [ -46.654186236242701, -23.760245315219699, 0.0 ], [ -46.653864860815013, -23.7600433640775, 0.0 ], [ -46.653638564880303, -23.759996853445909, 0.0 ], [ -46.653477855811701, -23.760057437380802, 0.0 ], [ -46.653687083178902, -23.760340940829298, 0.0 ], [ -46.653986460758297, -23.7607418386382, 0.0 ], [ -46.654262640444188, -23.7610481880082, 0.0 ], [ -46.654303868229, -23.761205740137701, 0.0 ], [ -46.654316079637702, -23.7615893983529, 0.0 ], [ -46.654381134625702, -23.762083086166001, 0.0 ], [ -46.654434832639701, -23.762139117955801, 0.0 ], [ -46.654552638713298, -23.762261903825401, 0.0 ], [ -46.654623653499698, -23.762446221401699, 0.0 ], [ -46.654587278701101, -23.762672586893199, 0.0 ], [ -46.654557851378698, -23.762750996014599, 0.0 ], [ -46.654557932268503, -23.762750995148298, 0.0 ] ] ] ] } },
{ "type": "Feature", "properties": { "Name": "Lote 08", "Codigo": "8" }, "geometry": { "type": "MultiPolygon", "coordinates": [ [ [ [ -46.720858094419, -23.855170654774099, 0.0 ], [ -46.718815645301291, -23.855336100051201, 0.0 ], [ -46.718372565568899, -23.854973517662799, 0.0 ], [ -46.718692007960698, -23.8543466673616, 0.0 ], [ -46.718623874051097, -23.8534467136259, 0.0 ], [ -46.718343219809597, -23.853257730741699, 0.0 ], [ -46.715202740702701, -23.848048864248799, 0.0 ], [ -46.716000277391601, -23.846960334725601, 0.0 ], [ -46.716556425054513, -23.845295349962399, 0.0 ], [ -46.714371036792599, -23.844718691570002, 0.0 ], [ -46.7138418714542, -23.845248559127899, 0.0 ], [ -46.713999547042803, -23.845770695868701, 0.0 ], [ -46.711694728099793, -23.8475836676445, 0.0 ], [ -46.711534344109687, -23.848124778061791, 0.0 ], [ -46.711117177566202, -23.848252733292, 0.0 ], [ -46.711472928444891, -23.848848146265102, 0.0 ], [ -46.710882194501501, -23.8490252450603, 0.0 ], [ -46.710424156196588, -23.8490616577777, 0.0 ], [ -46.709896077565602, -23.849732427056399, 0.0 ], [ -46.709328564775298, -23.849828823499202, 0.0 ], [ -46.708370952270002, -23.849623767807302, 0.0 ], [ -46.707603215490103, -23.849847956721309, 0.0 ], [ -46.706918525200102, -23.850009651243301, 0.0 ], [ -46.7058619973565, -23.849928907212998, 0.0 ], [ -46.705243234228497, -23.8500127656981, 0.0 ], [ -46.7044706545826, -23.8498672982629, 0.0 ], [ -46.703927004386102, -23.8492877588405, 0.0 ], [ -46.703602509114603, -23.8484303511209, 0.0 ], [ -46.7018958416811, -23.848285806827199, 0.0 ], [ -46.701378962092498, -23.848521638349901, 0.0 ], [ -46.6997842128469, -23.847666416769702, 0.0 ], [ -46.697479667913903, -23.847268772970999, 0.0 ], [ -46.694805121144299, -23.850128488991501, 0.0 ], [ -46.693705585401993, -23.853415843512899, 0.0 ], [ -46.693105026485398, -23.853731473307999, 0.0 ], [ -46.692879639200413, -23.8570709639711, 0.0 ], [ -46.691881562298597, -23.8578234889908, 0.0 ], [ -46.690783503305397, -23.861234402817299, 0.0 ], [ -46.689837341358007, -23.860812166262701, 0.0 ], [ -46.687702704113811, -23.862009754108701, 0.0 ], [ -46.689173690559102, -23.8703991310894, 0.0 ], [ -46.715682997292497, -23.873949361979001, 0.0 ], [ -46.716910954496903, -23.874096368057899, 0.0 ], [ -46.718133037935203, -23.873761340771601, 0.0 ], [ -46.722948153969199, -23.873868401854399, 0.0 ], [ -46.724333258145613, -23.872241419583499, 0.0 ], [ -46.724131251963101, -23.870230287059201, 0.0 ], [ -46.723852321715199, -23.869025210572101, 0.0 ], [ -46.722447165825997, -23.868718280356301, 0.0 ], [ -46.720964104623903, -23.869218216895099, 0.0 ], [ -46.72009415488899, -23.869630311033301, 0.0 ], [ -46.718262020268398, -23.870215372856901, 0.0 ], [ -46.716951985994697, -23.870552373672599, 0.0 ], [ -46.715968198649897, -23.868631642914099, 0.0 ], [ -46.715978169116397, -23.863471094488201, 0.0 ], [ -46.7164385696735, -23.862928352039599, 0.0 ], [ -46.716924598179197, -23.862284842108899, 0.0 ], [ -46.723139502750101, -23.8617246722165, 0.0 ], [ -46.724043115813799, -23.860374009353301, 0.0 ], [ -46.724949646999598, -23.859238985145701, 0.0 ], [ -46.724384953989201, -23.858351638801398, 0.0 ], [ -46.723581323166599, -23.8583914191682, 0.0 ], [ -46.723234218584501, -23.8587497378359, 0.0 ], [ -46.722931877787403, -23.858691459852199, 0.0 ], [ -46.7227010943108, -23.8577079253973, 0.0 ], [ -46.722909669737909, -23.857012160469001, 0.0 ], [ -46.722491727017108, -23.855814952172899, 0.0 ], [ -46.721986779503901, -23.855635706827801, 0.0 ], [ -46.721350638171302, -23.855673602288199, 0.0 ], [ -46.720858094419, -23.855170654774099, 0.0 ] ] ] ] } }
]
}
