COD_GERAL;COD_AREA;Status Simplificado;AREA_NOME
CDV0010004A;CDV;Imóvel Selado;Costa do Valado
CDV0010005A;CDV;Imóvel Selado;Costa do Valado
CDV0010005B;CDV;Imóvel Selado;Costa do Valado
CDV0010006A;CDV;Imóvel Selado;Costa do Valado
CDV0010006B;CDV;Imóvel Selado;Costa do Valado
CDV0010006C;CDV;Imóvel Selado;Costa do Valado
CDV0010007A;CDV;Imóvel Selado;Costa do Valado
CDV0010007B;CDV;Imóvel Selado;Costa do Valado
CDV0010008A;CDV;Imóvel Selado;Costa do Valado
CDV0010008B;CDV;Imóvel Selado;Costa do Valado
CDV0010009A;CDV;Imóvel Selado;Costa do Valado
CDV0010010A;CDV;Imóvel Selado;Costa do Valado
CDV0010010B;CDV;Imóvel Selado;Costa do Valado
CDV0010011A;CDV;Imóvel Selado;Costa do Valado
CDV0010011B;CDV;Imóvel Selado;Costa do Valado
CDV0010011C;CDV;Imóvel Selado;Costa do Valado
CDV0010012A;CDV;Imóvel Selado;Costa do Valado
CDV0010012B;CDV;Imóvel Selado;Costa do Valado
CDV0010013A;CDV;Imóvel Selado;Costa do Valado
CDV0010014A;CDV;Imóvel Selado;Costa do Valado
CDV0010014B;CDV;Imóvel Selado;Costa do Valado
CDV0010014C;CDV;Imóvel Selado;Costa do Valado
CDV0010015A;CDV;Imóvel Selado;Costa do Valado
CDV0010016A;CDV;Imóvel Selado;Costa do Valado
CDV0010017A;CDV;Imóvel Selado;Costa do Valado
CDV0010017B;CDV;Imóvel Selado;Costa do Valado
CDV0010018A;CDV;Imóvel Selado;Costa do Valado
CDV0010018B;CDV;Imóvel Selado;Costa do Valado
CDV0010019A;CDV;Imóvel Selado;Costa do Valado
CDV0010020A;CDV;Imóvel Selado;Costa do Valado
CDV0010020B;CDV;Imóvel Selado;Costa do Valado
CDV0010021A;CDV;Imóvel Selado;Costa do Valado
CDV0010022A;CDV;Imóvel Selado;Costa do Valado
CDV0010023A;CDV;Imóvel Selado;Costa do Valado
CDV0010024A;CDV;Imóvel Selado;Costa do Valado
CDV0010024B;CDV;Imóvel Selado;Costa do Valado
CDV0010025A;CDV;Imóvel Selado;Costa do Valado
CDV0010026A;CDV;Imóvel Selado;Costa do Valado
CDV0010026B;CDV;Imóvel Selado;Costa do Valado
CDV0010027A;CDV;Imóvel Selado;Costa do Valado
CDV0010028A;CDV;Imóvel Selado;Costa do Valado
CDV0010029A;CDV;Imóvel Selado;Costa do Valado
CDV0010030A;CDV;Imóvel Selado;Costa do Valado
CDV0010031A;CDV;Imóvel Selado;Costa do Valado
CDV0010032A;CDV;Imóvel Selado;Costa do Valado
CDV0010033A;CDV;Imóvel Selado;Costa do Valado
CDV0010034A;CDV;Imóvel Selado;Costa do Valado
CDV0010035A;CDV;Imóvel Selado;Costa do Valado
CDV0010035B;CDV;Imóvel Selado;Costa do Valado
CDV0010036A;CDV;Imóvel Selado;Costa do Valado
CDV0010037A;CDV;Imóvel Selado;Costa do Valado
CDV0010038A;CDV;Imóvel Selado;Costa do Valado
CDV0010039A;CDV;Imóvel Selado;Costa do Valado
CDV0010040A;CDV;Imóvel Selado;Costa do Valado
CDV0010040B;CDV;Imóvel Selado;Costa do Valado
CDV0010041A;CDV;Imóvel Selado;Costa do Valado
CDV0010042A;CDV;Imóvel Selado;Costa do Valado
CDV0010042B;CDV;Imóvel Selado;Costa do Valado
CDV0010042C;CDV;Imóvel Selado;Costa do Valado
CDV0010043A;CDV;Imóvel Selado;Costa do Valado
CDV0010044A;CDV;Imóvel Selado;Costa do Valado
CDV0010044B;CDV;Imóvel Selado;Costa do Valado
CDV0010045A;CDV;Imóvel Selado;Costa do Valado
CDV0010046A;CDV;Imóvel Selado;Costa do Valado
CDV0010047A;CDV;Imóvel Selado;Costa do Valado
CDV0010048A;CDV;Imóvel Selado;Costa do Valado
CDV0010049A;CDV;Imóvel Selado;Costa do Valado
CDV0010049B;CDV;Imóvel Selado;Costa do Valado
CDV0010050A;CDV;Imóvel Selado;Costa do Valado
CDV0010050B;CDV;Imóvel Selado;Costa do Valado
CDV0010051A;CDV;Imóvel Selado;Costa do Valado
CDV0010051B;CDV;Imóvel Selado;Costa do Valado
CDV0010052A;CDV;Imóvel Selado;Costa do Valado
CDV0010053A;CDV;Imóvel Selado;Costa do Valado
CDV0010053B;CDV;Imóvel Selado;Costa do Valado
CDV0010054A;CDV;Imóvel Selado;Costa do Valado
CDV0010055A;CDV;Imóvel Selado;Costa do Valado
CDV0010056A;CDV;Imóvel Selado;Costa do Valado
CDV0010056B;CDV;Imóvel Selado;Costa do Valado
CDV0010057A;CDV;Imóvel Selado;Costa do Valado
CDV0010057B;CDV;Imóvel Selado;Costa do Valado
CDV0010057C;CDV;Imóvel Selado;Costa do Valado
CDV0010058A;CDV;Imóvel Selado;Costa do Valado
CDV0010059A;CDV;Imóvel Selado;Costa do Valado
CDV0010060A;CDV;Imóvel Selado;Costa do Valado
CDV0010061A;CDV;Imóvel Selado;Costa do Valado
CDV0010062A;CDV;Imóvel Selado;Costa do Valado
CDV0010062B;CDV;Imóvel Selado;Costa do Valado
CDV0010063A;CDV;Imóvel Selado;Costa do Valado
CDV0010064A;CDV;Imóvel Selado;Costa do Valado
CDV0010065A;CDV;Imóvel Selado;Costa do Valado
CDV0010066A;CDV;Imóvel Selado;Costa do Valado
CDV0010067A;CDV;Imóvel Selado;Costa do Valado
CDV0010067B;CDV;Imóvel Selado;Costa do Valado
CDV0010068A;CDV;Imóvel Selado;Costa do Valado
CDV0010069A;CDV;Imóvel Selado;Costa do Valado
CDV0010069B;CDV;Imóvel Selado;Costa do Valado
CDV0010069C;CDV;Imóvel Selado;Costa do Valado
CDV0010069D;CDV;Imóvel Selado;Costa do Valado
CDV0010070A;CDV;Imóvel Selado;Costa do Valado
CDV0010071A;CDV;Imóvel Selado;Costa do Valado
CDV0010072A;CDV;Imóvel Selado;Costa do Valado
CDV0010073A;CDV;Imóvel Selado;Costa do Valado
CDV0010073B;CDV;Imóvel Selado;Costa do Valado
CDV0010074A;CDV;Imóvel Selado;Costa do Valado
CDV0010074B;CDV;Imóvel Selado;Costa do Valado
CDV0010075A;CDV;Imóvel Selado;Costa do Valado
CDV0010076A;CDV;Imóvel Selado;Costa do Valado
CDV0010077A;CDV;Imóvel Selado;Costa do Valado
CDV0010078A;CDV;Imóvel Selado;Costa do Valado
CDV0010078B;CDV;Imóvel Selado;Costa do Valado
CDV0010079A;CDV;Imóvel Selado;Costa do Valado
CDV0010080A;CDV;Imóvel Selado;Costa do Valado
CDV0010080B;CDV;Imóvel Selado;Costa do Valado
CDV0010081A;CDV;Imóvel Selado;Costa do Valado
CDV0010082A;CDV;Imóvel Selado;Costa do Valado
CDV0010083A;CDV;Imóvel Selado;Costa do Valado
CDV0010084A;CDV;Imóvel Selado;Costa do Valado
CDV0010085A;CDV;Imóvel Selado;Costa do Valado
CDV0010086A;CDV;Imóvel Selado;Costa do Valado
CDV0010086B;CDV;Imóvel Selado;Costa do Valado
CDV0010087A;CDV;Imóvel Selado;Costa do Valado
CDV0010088A;CDV;Imóvel Selado;Costa do Valado
CDV0010088B;CDV;Imóvel Selado;Costa do Valado
CDV0010089A;CDV;Imóvel Selado;Costa do Valado
CDV0010090A;CDV;Imóvel Selado;Costa do Valado
CDV0010091A;CDV;Imóvel Selado;Costa do Valado
CDV0010091B;CDV;Imóvel Selado;Costa do Valado
CDV0010092A;CDV;Imóvel Selado;Costa do Valado
CDV0010092B;CDV;Imóvel Selado;Costa do Valado
CDV0010093A;CDV;Imóvel Selado;Costa do Valado
CDV0010094A;CDV;Imóvel Selado;Costa do Valado
CDV0010095A;CDV;Imóvel Selado;Costa do Valado
CDV0010096A;CDV;Imóvel Selado;Costa do Valado
CDV0010097A;CDV;Imóvel Selado;Costa do Valado
CDV0010098A;CDV;Imóvel Selado;Costa do Valado
CDV0010099A;CDV;Imóvel Selado;Costa do Valado
CDV0010100A;CDV;Imóvel Selado;Costa do Valado
CDV0010101A;CDV;Imóvel Selado;Costa do Valado
CDV0010101B;CDV;Imóvel Selado;Costa do Valado
CDV0010102A;CDV;Imóvel Selado;Costa do Valado
CDV0010102B;CDV;Imóvel Selado;Costa do Valado
CDV0010102C;CDV;Imóvel Selado;Costa do Valado
CDV0010103A;CDV;Imóvel Selado;Costa do Valado
CDV0010103B;CDV;Imóvel Selado;Costa do Valado
CDV0010104A;CDV;Imóvel Selado;Costa do Valado
CDV0010105A;CDV;Imóvel Selado;Costa do Valado
CDV0010105B;CDV;Imóvel Selado;Costa do Valado
CDV0010105C;CDV;Imóvel Selado;Costa do Valado
CDV0010105D;CDV;Imóvel Selado;Costa do Valado
CDV0010106A;CDV;Imóvel Selado;Costa do Valado
CDV0010107A;CDV;Imóvel Selado;Costa do Valado
CDV0010108A;CDV;Imóvel Selado;Costa do Valado
CDV0010109A;CDV;Imóvel Selado;Costa do Valado
CDV0010109B;CDV;Imóvel Selado;Costa do Valado
CDV0010110A;CDV;Imóvel Selado;Costa do Valado
CDV0010111A;CDV;Imóvel Selado;Costa do Valado
CDV0010111B;CDV;Imóvel Selado;Costa do Valado
CDV0010112A;CDV;Imóvel Selado;Costa do Valado
CDV0010112B;CDV;Imóvel Selado;Costa do Valado
CDV0010112C;CDV;Imóvel Selado;Costa do Valado
CDV0010112D;CDV;Imóvel Selado;Costa do Valado
CDV0010112E;CDV;Imóvel Selado;Costa do Valado
CDV0010112F;CDV;Imóvel Selado;Costa do Valado
CDV0010113A;CDV;Imóvel Selado;Costa do Valado
CDV0010113B;CDV;Imóvel Selado;Costa do Valado
CDV0010114A;CDV;Imóvel Selado;Costa do Valado
CDV0010114B;CDV;Imóvel Selado;Costa do Valado
CDV0010114C;CDV;Imóvel Selado;Costa do Valado
CDV0010115A;CDV;Imóvel Selado;Costa do Valado
CDV0010115B;CDV;Imóvel Selado;Costa do Valado
CDV0010115C;CDV;Imóvel Selado;Costa do Valado
CDV0010116A;CDV;Imóvel Selado;Costa do Valado
CDV0010116B;CDV;Imóvel Selado;Costa do Valado
CDV0010117A;CDV;Imóvel Selado;Costa do Valado
CDV0010117B;CDV;Imóvel Selado;Costa do Valado
CDV0010118A;CDV;Imóvel Selado;Costa do Valado
CDV0010118B;CDV;Imóvel Selado;Costa do Valado
CDV0010118C;CDV;Imóvel Selado;Costa do Valado
CDV0010119A;CDV;Imóvel Selado;Costa do Valado
CDV0010119B;CDV;Imóvel Selado;Costa do Valado
CDV0010119C;CDV;Imóvel Selado;Costa do Valado
CDV0010120A;CDV;Imóvel Selado;Costa do Valado
CDV0010121A;CDV;Imóvel Selado;Costa do Valado
CDV0010122A;CDV;Imóvel Selado;Costa do Valado
CDV0010123A;CDV;Imóvel Selado;Costa do Valado
CDV0010124A;CDV;Imóvel Selado;Costa do Valado
CDV0010124B;CDV;Imóvel Selado;Costa do Valado
CDV0010125A;CDV;Imóvel Selado;Costa do Valado
CDV0010125B;CDV;Imóvel Selado;Costa do Valado
CDV0010126A;CDV;Imóvel Selado;Costa do Valado
CDV0010126B;CDV;Imóvel Selado;Costa do Valado
CDV0010126C;CDV;Imóvel Selado;Costa do Valado
CDV0010127A;CDV;Imóvel Selado;Costa do Valado
CDV0010128A;CDV;Imóvel Selado;Costa do Valado
CDV0010129A;CDV;Imóvel Selado;Costa do Valado
CDV0010130A;CDV;Imóvel Selado;Costa do Valado
CDV0010131A;CDV;Imóvel Selado;Costa do Valado
CDV0010132A;CDV;Imóvel Selado;Costa do Valado
CDV0010133A;CDV;Imóvel Selado;Costa do Valado
CDV0010134A;CDV;Imóvel Selado;Costa do Valado
CDV0010134B;CDV;Imóvel Selado;Costa do Valado
CDV0010135A;CDV;Imóvel Selado;Costa do Valado
CDV0010135B;CDV;Imóvel Selado;Costa do Valado
CDV0010135C;CDV;Imóvel Selado;Costa do Valado
CDV0010136A;CDV;Imóvel Selado;Costa do Valado
CDV0010137A;CDV;Imóvel Selado;Costa do Valado
CDV0010137B;CDV;Imóvel Selado;Costa do Valado
CDV0010138A;CDV;Imóvel Selado;Costa do Valado
CDV0010138B;CDV;Imóvel Selado;Costa do Valado
CDV0010139A;CDV;Imóvel Selado;Costa do Valado
CDV0010139B;CDV;Imóvel Selado;Costa do Valado
CDV0010139C;CDV;Imóvel Selado;Costa do Valado
CDV0010140A;CDV;Imóvel Selado;Costa do Valado
CDV0010140B;CDV;Imóvel Selado;Costa do Valado
CDV0010140C;CDV;Imóvel Selado;Costa do Valado
CDV0010141A;CDV;Imóvel Selado;Costa do Valado
CDV0010141B;CDV;Imóvel Selado;Costa do Valado
CDV0010141C;CDV;Imóvel Selado;Costa do Valado
CDV0010141D;CDV;Imóvel Selado;Costa do Valado
CDV0010142A;CDV;Imóvel Selado;Costa do Valado
CDV0010143A;CDV;Imóvel Selado;Costa do Valado
CDV0010144A;CDV;Imóvel Selado;Costa do Valado
CDV0010145A;CDV;Imóvel Selado;Costa do Valado
CDV0010146A;CDV;Imóvel Selado;Costa do Valado
CDV0010147A;CDV;Imóvel Selado;Costa do Valado
CDV0010148A;CDV;Imóvel Selado;Costa do Valado
CDV0010148B;CDV;Imóvel Selado;Costa do Valado
CDV0010149A;CDV;Imóvel Selado;Costa do Valado
CDV0010150A;CDV;Imóvel Selado;Costa do Valado
CDV0010151A;CDV;Imóvel Selado;Costa do Valado
CDV0010151B;CDV;Imóvel Selado;Costa do Valado
CDV0010151C;CDV;Imóvel Selado;Costa do Valado
CDV0010152A;CDV;Imóvel Selado;Costa do Valado
CDV0010152B;CDV;Imóvel Selado;Costa do Valado
CDV0010153A;CDV;Imóvel Selado;Costa do Valado
CDV0010154A;CDV;Imóvel Selado;Costa do Valado
CDV0010155A;CDV;Imóvel Selado;Costa do Valado
CDV0010156A;CDV;Imóvel Selado;Costa do Valado
CDV0010156B;CDV;Imóvel Selado;Costa do Valado
CDV0010156C;CDV;Imóvel Selado;Costa do Valado
CDV0010156D;CDV;Imóvel Selado;Costa do Valado
CDV0010156E;CDV;Imóvel Selado;Costa do Valado
CDV0010157A;CDV;Imóvel Selado;Costa do Valado
CDV0010158A;CDV;Imóvel Selado;Costa do Valado
CDV0010158B;CDV;Imóvel Selado;Costa do Valado
CDV0010158C;CDV;Imóvel Selado;Costa do Valado
CDV0010159A;CDV;Imóvel Selado;Costa do Valado
CDV0010160A;CDV;Imóvel Selado;Costa do Valado
CDV0010161A;CDV;Imóvel Selado;Costa do Valado
CDV0010161B;CDV;Imóvel Selado;Costa do Valado
CDV0010161C;CDV;Imóvel Selado;Costa do Valado
CDV0010162A;CDV;Imóvel Selado;Costa do Valado
CDV0010163A;CDV;Imóvel Selado;Costa do Valado
CDV0010164A;CDV;Imóvel Selado;Costa do Valado
CDV0010165A;CDV;Imóvel Selado;Costa do Valado
CDV0010165B;CDV;Imóvel Selado;Costa do Valado
CDV0010165C;CDV;Imóvel Selado;Costa do Valado
CDV0010165D;CDV;Imóvel Selado;Costa do Valado
CDV0010166A;CDV;Imóvel Selado;Costa do Valado
CDV0010167A;CDV;Imóvel Selado;Costa do Valado
CDV0010167B;CDV;Imóvel Selado;Costa do Valado
CDV0010168A;CDV;Imóvel Selado;Costa do Valado
CDV0010168B;CDV;Imóvel Selado;Costa do Valado
CDV0010168C;CDV;Imóvel Selado;Costa do Valado
CDV0010168D;CDV;Imóvel Selado;Costa do Valado
CDV0010168E;CDV;Imóvel Selado;Costa do Valado
CDV0010169A;CDV;Imóvel Selado;Costa do Valado
CDV0010170A;CDV;Imóvel Selado;Costa do Valado
CDV0010171A;CDV;Imóvel Selado;Costa do Valado
CDV0010172A;CDV;Imóvel Selado;Costa do Valado
CDV0010173A;CDV;Imóvel Selado;Costa do Valado
CDV0010174A;CDV;Imóvel Selado;Costa do Valado
CDV0010175A;CDV;Imóvel Selado;Costa do Valado
CDV0010176A;CDV;Imóvel Selado;Costa do Valado
CDV0010177A;CDV;Imóvel Selado;Costa do Valado
CDV0010178A;CDV;Imóvel Selado;Costa do Valado
CDV0010179A;CDV;Imóvel Selado;Costa do Valado
CDV0010179B;CDV;Imóvel Selado;Costa do Valado
CDV0010179C;CDV;Imóvel Selado;Costa do Valado
CDV0010180A;CDV;Imóvel Selado;Costa do Valado
CDV0010181A;CDV;Imóvel Selado;Costa do Valado
CDV0010181B;CDV;Imóvel Selado;Costa do Valado
CDV0010182A;CDV;Imóvel Selado;Costa do Valado
CDV0010183A;CDV;Imóvel Selado;Costa do Valado
CDV0010183B;CDV;Imóvel Selado;Costa do Valado
CDV0010184A;CDV;Imóvel Selado;Costa do Valado
CDV0010185A;CDV;Imóvel Selado;Costa do Valado
CDV0010186A;CDV;Imóvel Selado;Costa do Valado
CDV0010186B;CDV;Imóvel Selado;Costa do Valado
CDV0010186C;CDV;Imóvel Selado;Costa do Valado
CDV0010187A;CDV;Imóvel Selado;Costa do Valado
CDV0010187B;CDV;Imóvel Selado;Costa do Valado
CDV0010188A;CDV;Imóvel Selado;Costa do Valado
CDV0010189A;CDV;Imóvel Selado;Costa do Valado
CDV0010189B;CDV;Imóvel Selado;Costa do Valado
CDV0010189C;CDV;Imóvel Selado;Costa do Valado
CDV0010189D;CDV;Imóvel Selado;Costa do Valado
CDV0010189E;CDV;Imóvel Selado;Costa do Valado
CDV0010190A;CDV;Imóvel Selado;Costa do Valado
CDV0010191A;CDV;Imóvel Selado;Costa do Valado
CDV0010191B;CDV;Imóvel Selado;Costa do Valado
CDV0010191C;CDV;Imóvel Selado;Costa do Valado
CDV0010191D;CDV;Imóvel Selado;Costa do Valado
CDV0010191E;CDV;Imóvel Selado;Costa do Valado
CDV0010192A;CDV;Imóvel Selado;Costa do Valado
CDV0010192B;CDV;Imóvel Selado;Costa do Valado
CDV0010192C;CDV;Imóvel Selado;Costa do Valado
CDV0010192D;CDV;Imóvel Selado;Costa do Valado
CDV0010193A;CDV;Imóvel Selado;Costa do Valado
CDV0010193B;CDV;Imóvel Selado;Costa do Valado
CDV0010194A;CDV;Imóvel Selado;Costa do Valado
CDV0010195A;CDV;Imóvel Selado;Costa do Valado
CDV0010196A;CDV;Imóvel Selado;Costa do Valado
CDV0010196B;CDV;Imóvel Selado;Costa do Valado
CDV0010197A;CDV;Imóvel Selado;Costa do Valado
CDV0010197B;CDV;Imóvel Selado;Costa do Valado
CDV0010197C;CDV;Imóvel Selado;Costa do Valado
CDV0010198A;CDV;Imóvel Selado;Costa do Valado
CDV0010198B;CDV;Imóvel Selado;Costa do Valado
CDV0010198C;CDV;Imóvel Selado;Costa do Valado
CDV0010198D;CDV;Imóvel Selado;Costa do Valado
CDV0010199A;CDV;Imóvel Selado;Costa do Valado
CDV0010200A;CDV;Imóvel Selado;Costa do Valado
CDV0010200B;CDV;Imóvel Selado;Costa do Valado
CDV0010200C;CDV;Imóvel Selado;Costa do Valado
CDV0010201A;CDV;Imóvel Selado;Costa do Valado
CDV0010201B;CDV;Imóvel Selado;Costa do Valado
CDV0010202A;CDV;Imóvel Selado;Costa do Valado
CDV0010202B;CDV;Imóvel Selado;Costa do Valado
CDV0010202C;CDV;Imóvel Selado;Costa do Valado
CDV0010203A;CDV;Imóvel Selado;Costa do Valado
CDV0010204A;CDV;Imóvel Selado;Costa do Valado
CDV0010205A;CDV;Imóvel Selado;Costa do Valado
CDV0010206A;CDV;Imóvel Selado;Costa do Valado
CDV0010207A;CDV;Imóvel Selado;Costa do Valado
CDV0010207B;CDV;Imóvel Selado;Costa do Valado
CDV0010208A;CDV;Imóvel Selado;Costa do Valado
CDV0010208B;CDV;Imóvel Selado;Costa do Valado
CDV0010208C;CDV;Imóvel Selado;Costa do Valado
CDV0010208D;CDV;Imóvel Selado;Costa do Valado
CDV0010209A;CDV;Imóvel Selado;Costa do Valado
CDV0010210A;CDV;Imóvel Selado;Costa do Valado
CDV0010211A;CDV;Imóvel Selado;Costa do Valado
CDV0010212A;CDV;Imóvel Selado;Costa do Valado
CDV0010213A;CDV;Imóvel Selado;Costa do Valado
CDV0010214A;CDV;Imóvel Selado;Costa do Valado
CDV0010215A;CDV;Imóvel Selado;Costa do Valado
CDV0010216A;CDV;Imóvel Selado;Costa do Valado
CDV0010217A;CDV;Imóvel Selado;Costa do Valado
CDV0010217B;CDV;Imóvel Selado;Costa do Valado
CDV0010218A;CDV;Imóvel Selado;Costa do Valado
CDV0010218B;CDV;Imóvel Selado;Costa do Valado
CDV0010219A;CDV;Imóvel Selado;Costa do Valado
CDV0010220A;CDV;Imóvel Selado;Costa do Valado
CDV0010221A;CDV;Imóvel Selado;Costa do Valado
CDV0010221B;CDV;Imóvel Selado;Costa do Valado
CDV0010222A;CDV;Imóvel Selado;Costa do Valado
CDV0010223A;CDV;Imóvel Selado;Costa do Valado
CDV0010224A;CDV;Imóvel Selado;Costa do Valado
CDV0010224B;CDV;Imóvel Selado;Costa do Valado
CDV0010225A;CDV;Imóvel Selado;Costa do Valado
CDV0010226A;CDV;Imóvel Selado;Costa do Valado
CDV0010227A;CDV;Imóvel Selado;Costa do Valado
CDV0010228A;CDV;Imóvel Selado;Costa do Valado
CDV0020001A;CDV;Imóvel Selado;Costa do Valado
CDV0020003A;CDV;Imóvel Selado;Costa do Valado
CDV0020003B;CDV;Imóvel Selado;Costa do Valado
CDV0020002A;CDV;Imóvel Selado;Costa do Valado
CDV0020003C;CDV;Imóvel Selado;Costa do Valado
CDV0020004C;CDV;Imóvel Selado;Costa do Valado
CDV0020004D;CDV;Imóvel Selado;Costa do Valado
CDV0020004E;CDV;Imóvel Selado;Costa do Valado
CDV0020004A;CDV;Imóvel Selado;Costa do Valado
CDV0020004B;CDV;Imóvel Selado;Costa do Valado
CDV0020005A;CDV;Imóvel Selado;Costa do Valado
CDV0020006A;CDV;Imóvel Selado;Costa do Valado
CDV0020007A;CDV;Imóvel Selado;Costa do Valado
CDV0020006B;CDV;Imóvel Selado;Costa do Valado
CDV0020008A;CDV;Imóvel Selado;Costa do Valado
CDV0020009A;CDV;Imóvel Selado;Costa do Valado
CDV0020009B;CDV;Imóvel Selado;Costa do Valado
CDV0020010A;CDV;Imóvel Selado;Costa do Valado
CDV0020009C;CDV;Imóvel Selado;Costa do Valado
CDV0020011A;CDV;Imóvel Selado;Costa do Valado
CDV0020011B;CDV;Imóvel Selado;Costa do Valado
CDV0020012B;CDV;Imóvel Selado;Costa do Valado
CDV0020012A;CDV;Imóvel Selado;Costa do Valado
CDV0020012C;CDV;Imóvel Selado;Costa do Valado
CDV0020013A;CDV;Imóvel Selado;Costa do Valado
CDV0020013B;CDV;Imóvel Selado;Costa do Valado
CDV0020013D;CDV;Imóvel Selado;Costa do Valado
CDV0020014A;CDV;Imóvel Selado;Costa do Valado
CDV0020015A;CDV;Imóvel Selado;Costa do Valado
CDV0020016A;CDV;Imóvel Selado;Costa do Valado
CDV0020017A;CDV;Imóvel Selado;Costa do Valado
CDV0020017C;CDV;Imóvel Selado;Costa do Valado
CDV0020018A;CDV;Imóvel Selado;Costa do Valado
CDV0020019A;CDV;Imóvel Selado;Costa do Valado
CDV0020022A;CDV;Imóvel Selado;Costa do Valado
CDV0020023A;CDV;Imóvel Selado;Costa do Valado
CDV0020023B;CDV;Imóvel Selado;Costa do Valado
CDV0020024A;CDV;Imóvel Selado;Costa do Valado
CDV0020025A;CDV;Imóvel Selado;Costa do Valado
CDV0020026A;CDV;Imóvel Selado;Costa do Valado
CDV0020026B;CDV;Imóvel Selado;Costa do Valado
CDV0020027A;CDV;Imóvel Selado;Costa do Valado
CDV0020013C;CDV;Imóvel Selado;Costa do Valado
CDV0020020A;CDV;Imóvel Selado;Costa do Valado
CDV0020017B;CDV;Imóvel Selado;Costa do Valado
CDV0020021A;CDV;Imóvel Selado;Costa do Valado
CDV0020028A;CDV;Imóvel Selado;Costa do Valado
CDV0020029A;CDV;Imóvel Selado;Costa do Valado
CDV0020029B;CDV;Imóvel Selado;Costa do Valado
CDV0020029C;CDV;Imóvel Selado;Costa do Valado
CDV0020030A;CDV;Imóvel Selado;Costa do Valado
CDV0020030B;CDV;Imóvel Selado;Costa do Valado
CDV0020031A;CDV;Imóvel Selado;Costa do Valado
CDV0020031B;CDV;Imóvel Selado;Costa do Valado
CDV0020032A;CDV;Imóvel Selado;Costa do Valado
CDV0020033A;CDV;Imóvel Selado;Costa do Valado
CDV0020034A;CDV;Imóvel Selado;Costa do Valado
CDV0020035A;CDV;Imóvel Selado;Costa do Valado
CDV0020036A;CDV;Imóvel Selado;Costa do Valado
CDV0020037A;CDV;Imóvel Selado;Costa do Valado
CDV0020038A;CDV;Imóvel Selado;Costa do Valado
CDV0020039A;CDV;Imóvel Selado;Costa do Valado
CDV0020040A;CDV;Imóvel Selado;Costa do Valado
CDV0020041A;CDV;Imóvel Selado;Costa do Valado
CDV0020042A;CDV;Imóvel Selado;Costa do Valado
CDV0020043A;CDV;Imóvel Selado;Costa do Valado
CDV0020044A;CDV;Imóvel Selado;Costa do Valado
CDV0020041B;CDV;Imóvel Selado;Costa do Valado
CDV0020045A;CDV;Imóvel Selado;Costa do Valado
CDV0020046A;CDV;Imóvel Selado;Costa do Valado
CDV0020047A;CDV;Imóvel Selado;Costa do Valado
CDV0020048A;CDV;Imóvel Selado;Costa do Valado
CDV0020049A;CDV;Imóvel Selado;Costa do Valado
CDV0020050A;CDV;Imóvel Selado;Costa do Valado
CDV0020051A;CDV;Imóvel Selado;Costa do Valado
CDV0020052A;CDV;Imóvel Selado;Costa do Valado
CDV0020053C;CDV;Imóvel Selado;Costa do Valado
CDV0020053B;CDV;Imóvel Selado;Costa do Valado
CDV0020053A;CDV;Imóvel Selado;Costa do Valado
CDV0020054A;CDV;Imóvel Selado;Costa do Valado
CDV0020055A;CDV;Imóvel Selado;Costa do Valado
CDV0020055B;CDV;Imóvel Selado;Costa do Valado
CDV0020056A;CDV;Imóvel Selado;Costa do Valado
CDV0020057A;CDV;Imóvel Selado;Costa do Valado
CDV0020058A;CDV;Imóvel Selado;Costa do Valado
CDV0020059A;CDV;Imóvel Selado;Costa do Valado
CDV0020060A;CDV;Imóvel Selado;Costa do Valado
CDV0020061A;CDV;Imóvel Selado;Costa do Valado
CDV0020062A;CDV;Imóvel Selado;Costa do Valado
CDV0020063A;CDV;Imóvel Selado;Costa do Valado
CDV0020064A;CDV;Imóvel Selado;Costa do Valado
CDV0020065A;CDV;Imóvel Selado;Costa do Valado
CDV0020066A;CDV;Imóvel Selado;Costa do Valado
CDV0020067A;CDV;Imóvel Selado;Costa do Valado
CDV0020068A;CDV;Imóvel Selado;Costa do Valado
CDV0020069A;CDV;Imóvel Selado;Costa do Valado
CDV0020070A;CDV;Imóvel Selado;Costa do Valado
CDV0020070B;CDV;Imóvel Selado;Costa do Valado
CDV0020071A;CDV;Imóvel Selado;Costa do Valado
CDV0020071B;CDV;Imóvel Selado;Costa do Valado
CDV0020072A;CDV;Imóvel Selado;Costa do Valado
CDV0020072B;CDV;Imóvel Selado;Costa do Valado
CDV0020073A;CDV;Imóvel Selado;Costa do Valado
CDV0020074A;CDV;Imóvel Selado;Costa do Valado
CDV0020075A;CDV;Imóvel Selado;Costa do Valado
CDV0020076A;CDV;Imóvel Selado;Costa do Valado
CDV0020076B;CDV;Imóvel Selado;Costa do Valado
CDV0020077A;CDV;Imóvel Selado;Costa do Valado
CDV0020077B;CDV;Imóvel Selado;Costa do Valado
CDV0020078A;CDV;Imóvel Selado;Costa do Valado
CDV0020078B;CDV;Imóvel Selado;Costa do Valado
CDV0020078C;CDV;Imóvel Selado;Costa do Valado
CDV0020079A;CDV;Imóvel Selado;Costa do Valado
CDV0020080A;CDV;Imóvel Selado;Costa do Valado
CDV0020080B;CDV;Imóvel Selado;Costa do Valado
CDV0020081A;CDV;Imóvel Selado;Costa do Valado
CDV0020082A;CDV;Imóvel Selado;Costa do Valado
CDV0020083A;CDV;Imóvel Selado;Costa do Valado
CDV0020084A;CDV;Imóvel Selado;Costa do Valado
CDV0020085A;CDV;Imóvel Selado;Costa do Valado
CDV0020086A;CDV;Imóvel Selado;Costa do Valado
CDV0020087A;CDV;Imóvel Selado;Costa do Valado
CDV0020088A;CDV;Imóvel Selado;Costa do Valado
CDV0020088B;CDV;Imóvel Selado;Costa do Valado
CDV0020088C;CDV;Imóvel Selado;Costa do Valado
CDV0020088E;CDV;Imóvel Selado;Costa do Valado
CDV0020088D;CDV;Imóvel Selado;Costa do Valado
CDV0020089A;CDV;Imóvel Selado;Costa do Valado
CDV0020090A;CDV;Imóvel Selado;Costa do Valado
CDV0020091A;CDV;Imóvel Selado;Costa do Valado
CDV0020092A;CDV;Imóvel Selado;Costa do Valado
CDV0020093A;CDV;Imóvel Selado;Costa do Valado
CDV0020094A;CDV;Imóvel Selado;Costa do Valado
CDV0020095A;CDV;Imóvel Selado;Costa do Valado
CDV0020096A;CDV;Imóvel Selado;Costa do Valado
CDV0020092B;CDV;Imóvel Selado;Costa do Valado
CDV0020010B;CDV;Imóvel Selado;Costa do Valado
CDV0020010C;CDV;Imóvel Selado;Costa do Valado
CDV0020029E;CDV;Imóvel Selado;Costa do Valado
CDV0020029D;CDV;Imóvel Selado;Costa do Valado
CDV0020029F;CDV;Imóvel Selado;Costa do Valado
CDV0020034B;CDV;Imóvel Selado;Costa do Valado
CDV0020051B;CDV;Imóvel Selado;Costa do Valado
CDV0020039B;CDV;Imóvel Selado;Costa do Valado
CDV0030001A;CDV;Imóvel Selado;Costa do Valado
CDV0030001B;CDV;Imóvel Selado;Costa do Valado
CDV0030001C;CDV;Imóvel Selado;Costa do Valado
CDV0030002A;CDV;Imóvel Selado;Costa do Valado
CDV0030003A;CDV;Imóvel Selado;Costa do Valado
CDV0030003B;CDV;Imóvel Selado;Costa do Valado
CDV0030003C;CDV;Imóvel Selado;Costa do Valado
CDV0030003D;CDV;Imóvel Selado;Costa do Valado
CDV0030003E;CDV;Imóvel Selado;Costa do Valado
CDV0030004A;CDV;Imóvel Selado;Costa do Valado
CDV0030005A;CDV;Imóvel Selado;Costa do Valado
CDV0030006A;CDV;Imóvel Selado;Costa do Valado
CDV0030006B;CDV;Imóvel Selado;Costa do Valado
CDV0030006C;CDV;Imóvel Selado;Costa do Valado
CDV0030006D;CDV;Imóvel Selado;Costa do Valado
CDV0030007A;CDV;Imóvel Selado;Costa do Valado
CDV0030008A;CDV;Imóvel Selado;Costa do Valado
CDV0030008B;CDV;Imóvel Selado;Costa do Valado
CDV0030008C;CDV;Imóvel Selado;Costa do Valado
CDV0030008D;CDV;Imóvel Selado;Costa do Valado
CDV0030009A;CDV;Imóvel Selado;Costa do Valado
CDV0030009B;CDV;Imóvel Selado;Costa do Valado
CDV0030009C;CDV;Imóvel Selado;Costa do Valado
CDV0030010A;CDV;Imóvel Selado;Costa do Valado
CDV0030010B;CDV;Imóvel Selado;Costa do Valado
CDV0030011A;CDV;Imóvel Selado;Costa do Valado
CDV0030012A;CDV;Imóvel Selado;Costa do Valado
CDV0030013A;CDV;Imóvel Selado;Costa do Valado
CDV0030014A;CDV;Imóvel Selado;Costa do Valado
CDV0030015A;CDV;Imóvel Selado;Costa do Valado
CDV0030016A;CDV;Imóvel Selado;Costa do Valado
CDV0030016B;CDV;Imóvel Selado;Costa do Valado
CDV0030017A;CDV;Imóvel Selado;Costa do Valado
CDV0030017B;CDV;Imóvel Selado;Costa do Valado
CDV0030018A;CDV;Imóvel Selado;Costa do Valado
CDV0030019A;CDV;Imóvel Selado;Costa do Valado
CDV0030020A;CDV;Imóvel Selado;Costa do Valado
CDV0030021A;CDV;Imóvel Selado;Costa do Valado
CDV0030022A;CDV;Imóvel Selado;Costa do Valado
CDV0030023A;CDV;Imóvel Selado;Costa do Valado
CDV0030024A;CDV;Imóvel Selado;Costa do Valado
CDV0030025A;CDV;Imóvel Selado;Costa do Valado
CDV0030026A;CDV;Imóvel Selado;Costa do Valado
CDV0030026B;CDV;Imóvel Selado;Costa do Valado
CDV0030027A;CDV;Imóvel Selado;Costa do Valado
CDV0030027B;CDV;Imóvel Selado;Costa do Valado
CDV0030027C;CDV;Imóvel Selado;Costa do Valado
CDV0030027D;CDV;Imóvel Selado;Costa do Valado
CDV0030027E;CDV;Imóvel Selado;Costa do Valado
CDV0030028A;CDV;Imóvel Selado;Costa do Valado
CDV0030028B;CDV;Imóvel Selado;Costa do Valado
CDV0030028C;CDV;Imóvel Selado;Costa do Valado
CDV0030028D;CDV;Imóvel Selado;Costa do Valado
CDV0030029A;CDV;Imóvel Selado;Costa do Valado
CDV0030029B;CDV;Imóvel Selado;Costa do Valado
CDV0030029C;CDV;Imóvel Selado;Costa do Valado
CDV0030029D;CDV;Imóvel Selado;Costa do Valado
CDV0030029E;CDV;Imóvel Selado;Costa do Valado
CDV0030029F;CDV;Imóvel Selado;Costa do Valado
CDV0030029G;CDV;Imóvel Selado;Costa do Valado
CDV0030030A;CDV;Imóvel Selado;Costa do Valado
CDV0030030B;CDV;Imóvel Selado;Costa do Valado
CDV0030030C;CDV;Imóvel Selado;Costa do Valado
CDV0030031A;CDV;Imóvel Selado;Costa do Valado
CDV0030031B;CDV;Imóvel Selado;Costa do Valado
CDV0030032A;CDV;Imóvel Selado;Costa do Valado
CDV0030033A;CDV;Imóvel Selado;Costa do Valado
CDV0030033B;CDV;Imóvel Selado;Costa do Valado
CDV0030033C;CDV;Imóvel Selado;Costa do Valado
CDV0030033D;CDV;Imóvel Selado;Costa do Valado
CDV0030034A;CDV;Imóvel Selado;Costa do Valado
CDV0030034B;CDV;Imóvel Selado;Costa do Valado
CDV0030035A;CDV;Imóvel Selado;Costa do Valado
CDV0030036A;CDV;Imóvel Selado;Costa do Valado
CDV0030037A;CDV;Imóvel Selado;Costa do Valado
CDV0030037B;CDV;Imóvel Selado;Costa do Valado
CDV0030037C;CDV;Imóvel Selado;Costa do Valado
CDV0030038A;CDV;Imóvel Selado;Costa do Valado
CDV0030038B;CDV;Imóvel Selado;Costa do Valado
CDV0030039A;CDV;Imóvel Selado;Costa do Valado
CDV0030039B;CDV;Imóvel Selado;Costa do Valado
CDV0030039C;CDV;Imóvel Selado;Costa do Valado
CDV0030040A;CDV;Imóvel Selado;Costa do Valado
CDV0030040B;CDV;Imóvel Selado;Costa do Valado
CDV0030041A;CDV;Imóvel Selado;Costa do Valado
CDV0030042A;CDV;Imóvel Selado;Costa do Valado
CDV0030043A;CDV;Imóvel Selado;Costa do Valado
CDV0030043B;CDV;Imóvel Selado;Costa do Valado
CDV0030043C;CDV;Imóvel Selado;Costa do Valado
CDV0030044A;CDV;Imóvel Selado;Costa do Valado
CDV0030045A;CDV;Imóvel Selado;Costa do Valado
CDV0030046A;CDV;Imóvel Selado;Costa do Valado
CDV0030046B;CDV;Imóvel Selado;Costa do Valado
CDV0030047A;CDV;Imóvel Selado;Costa do Valado
CDV0030047B;CDV;Imóvel Selado;Costa do Valado
CDV0030048A;CDV;Imóvel Selado;Costa do Valado
CDV0030048B;CDV;Imóvel Selado;Costa do Valado
CDV0030049A;CDV;Imóvel Selado;Costa do Valado
CDV0030049B;CDV;Imóvel Selado;Costa do Valado
CDV0030049C;CDV;Imóvel Selado;Costa do Valado
CDV0030050A;CDV;Imóvel Selado;Costa do Valado
CDV0030051A;CDV;Imóvel Selado;Costa do Valado
CDV0030052A;CDV;Imóvel Selado;Costa do Valado
CDV0030053A;CDV;Imóvel Selado;Costa do Valado
CDV0030054A;CDV;Imóvel Selado;Costa do Valado
CDV0030054B;CDV;Imóvel Selado;Costa do Valado
CDV0030055A;CDV;Imóvel Selado;Costa do Valado
CDV0030056A;CDV;Imóvel Selado;Costa do Valado
CDV0030056B;CDV;Imóvel Selado;Costa do Valado
CDV0030056C;CDV;Imóvel Selado;Costa do Valado
CDV0030057A;CDV;Imóvel Selado;Costa do Valado
CDV0030057B;CDV;Imóvel Selado;Costa do Valado
CDV0030058A;CDV;Imóvel Selado;Costa do Valado
CDV0030059A;CDV;Imóvel Selado;Costa do Valado
CDV0030059B;CDV;Imóvel Selado;Costa do Valado
CDV0030060A;CDV;Imóvel Selado;Costa do Valado
CDV0030060B;CDV;Imóvel Selado;Costa do Valado
CDV0030060C;CDV;Imóvel Selado;Costa do Valado
CDV0030061A;CDV;Imóvel Selado;Costa do Valado
CDV0030062A;CDV;Imóvel Selado;Costa do Valado
CDV0030062B;CDV;Imóvel Selado;Costa do Valado
CDV0040001A;CDV;Imóvel Selado;Costa do Valado
CDV0040001B;CDV;Imóvel Selado;Costa do Valado
CDV0040001C;CDV;Imóvel Selado;Costa do Valado
CDV0040002A;CDV;Imóvel Selado;Costa do Valado
CDV0040003A;CDV;Imóvel Selado;Costa do Valado
CDV0040004A;CDV;Imóvel Selado;Costa do Valado
CDV0040004B;CDV;Imóvel Selado;Costa do Valado
CDV0040005A;CDV;Imóvel Selado;Costa do Valado
CDV0040006A;CDV;Imóvel Selado;Costa do Valado
CDV0040007A;CDV;Imóvel Selado;Costa do Valado
CDV0040007B;CDV;Imóvel Selado;Costa do Valado
CDV0040008A;CDV;Imóvel Selado;Costa do Valado
CDV0040009A;CDV;Imóvel Selado;Costa do Valado
CDV0040009B;CDV;Imóvel Selado;Costa do Valado
CDV0040010A;CDV;Imóvel Selado;Costa do Valado
CDV0040011A;CDV;Imóvel Selado;Costa do Valado
CDV0040011B;CDV;Imóvel Selado;Costa do Valado
CDV0040012A;CDV;Imóvel Selado;Costa do Valado
CDV0040013A;CDV;Imóvel Selado;Costa do Valado
CDV0040014A;CDV;Imóvel Selado;Costa do Valado
CDV0040014B;CDV;Imóvel Selado;Costa do Valado
CDV0040014C;CDV;Imóvel Selado;Costa do Valado
CDV0040015A;CDV;Imóvel Selado;Costa do Valado
CDV0040015B;CDV;Imóvel Selado;Costa do Valado
CDV0050001A;CDV;Imóvel Selado;Costa do Valado
CDV0050002B;CDV;Imóvel Selado;Costa do Valado
CDV0050002A;CDV;Imóvel Selado;Costa do Valado
CDV0050002C;CDV;Imóvel Selado;Costa do Valado
CDV0050003A;CDV;Imóvel Selado;Costa do Valado
CDV0050003B;CDV;Imóvel Selado;Costa do Valado
CDV0050004D;CDV;Imóvel Selado;Costa do Valado
CDV0050004C;CDV;Imóvel Selado;Costa do Valado
CDV0050005A;CDV;Imóvel Selado;Costa do Valado
CDV0050005B;CDV;Imóvel Selado;Costa do Valado
CDV0050006A;CDV;Imóvel Selado;Costa do Valado
CDV0050007A;CDV;Imóvel Selado;Costa do Valado
CDV0050008A;CDV;Imóvel Selado;Costa do Valado
CDV0050009B;CDV;Imóvel Selado;Costa do Valado
CDV0050009A;CDV;Imóvel Selado;Costa do Valado
CDV0050010A;CDV;Imóvel Selado;Costa do Valado
CDV0050011B;CDV;Imóvel Selado;Costa do Valado
CDV0050011C;CDV;Imóvel Selado;Costa do Valado
CDV0050011A;CDV;Imóvel Selado;Costa do Valado
CDV0050012A;CDV;Imóvel Selado;Costa do Valado
CDV0050004A;CDV;Imóvel Selado;Costa do Valado
CDV0050004B;CDV;Imóvel Selado;Costa do Valado
CDV0050013A;CDV;Imóvel Selado;Costa do Valado
CDV0050014B;CDV;Imóvel Selado;Costa do Valado
CDV0050014A;CDV;Imóvel Selado;Costa do Valado
CDV0050014C;CDV;Imóvel Selado;Costa do Valado
CDV0050015B;CDV;Imóvel Selado;Costa do Valado
CDV0050015A;CDV;Imóvel Selado;Costa do Valado
CDV0050015C;CDV;Imóvel Selado;Costa do Valado
CDV0050014D;CDV;Imóvel Selado;Costa do Valado
CDV0050016A;CDV;Imóvel Selado;Costa do Valado
CDV0050017A;CDV;Imóvel Selado;Costa do Valado
CDV0050018A;CDV;Imóvel Selado;Costa do Valado
CDV0050019A;CDV;Imóvel Selado;Costa do Valado
CDV0050020A;CDV;Imóvel Selado;Costa do Valado
CDV0050021A;CDV;Imóvel Selado;Costa do Valado
CDV0050022A;CDV;Imóvel Selado;Costa do Valado
CDV0050023A;CDV;Imóvel Selado;Costa do Valado
CDV0050024A;CDV;Imóvel Selado;Costa do Valado
CDV0050025A;CDV;Imóvel Selado;Costa do Valado
CDV0050026A;CDV;Imóvel Selado;Costa do Valado
CDV0050027A;CDV;Imóvel Selado;Costa do Valado
CDV0050028A;CDV;Imóvel Selado;Costa do Valado
CDV0050029A;CDV;Imóvel Selado;Costa do Valado
CDV0050030A;CDV;Imóvel Selado;Costa do Valado
CDV0050030B;CDV;Imóvel Selado;Costa do Valado
CDV0050006B;CDV;Imóvel Selado;Costa do Valado
CDV0050010B;CDV;Imóvel Selado;Costa do Valado
CDV0050019B;CDV;Imóvel Selado;Costa do Valado
CDV0050019C;CDV;Imóvel Selado;Costa do Valado
CDV0050023B;CDV;Imóvel Selado;Costa do Valado
CDV0060001A;CDV;Imóvel Selado;Costa do Valado
CDV0060002A;CDV;Imóvel Selado;Costa do Valado
CDV0060002B;CDV;Imóvel Selado;Costa do Valado
CDV0060003A;CDV;Imóvel Selado;Costa do Valado
CDV0060004A;CDV;Imóvel Selado;Costa do Valado
CDV0060005A;CDV;Imóvel Selado;Costa do Valado
CDV0060005B;CDV;Imóvel Selado;Costa do Valado
CDV0060006A;CDV;Imóvel Selado;Costa do Valado
CDV0060006B;CDV;Imóvel Selado;Costa do Valado
CDV0060007A;CDV;Imóvel Selado;Costa do Valado
CDV0060007B;CDV;Imóvel Selado;Costa do Valado
CDV0060008A;CDV;Imóvel Selado;Costa do Valado
CDV0060009A;CDV;Imóvel Selado;Costa do Valado
CDV0060010A;CDV;Imóvel Selado;Costa do Valado
CDV0060010B;CDV;Imóvel Selado;Costa do Valado
CDV0060010C;CDV;Imóvel Selado;Costa do Valado
CDV0070001A;CDV;Imóvel Selado;Costa do Valado
CDV0070002A;CDV;Imóvel Selado;Costa do Valado
CDV0070003A;CDV;Imóvel Selado;Costa do Valado
CDV0070004A;CDV;Imóvel Selado;Costa do Valado
CDV0070005A;CDV;Imóvel Selado;Costa do Valado
CDV0070006A;CDV;Imóvel Selado;Costa do Valado
CDV0070007A;CDV;Imóvel Selado;Costa do Valado
CDV0070008A;CDV;Imóvel Selado;Costa do Valado
CDV0070008B;CDV;Imóvel Selado;Costa do Valado
CDV0070009A;CDV;Imóvel Selado;Costa do Valado
CDV0070010A;CDV;Imóvel Selado;Costa do Valado
CDV0070011A;CDV;Imóvel Selado;Costa do Valado
CDV0070012A;CDV;Imóvel Selado;Costa do Valado
CDV0070013A;CDV;Imóvel Selado;Costa do Valado
CDV0070013B;CDV;Imóvel Selado;Costa do Valado
CDV0070014A;CDV;Imóvel Selado;Costa do Valado
CDV0070015A;CDV;Imóvel Selado;Costa do Valado
CDV0070016A;CDV;Imóvel Selado;Costa do Valado
CDV0070017A;CDV;Imóvel Selado;Costa do Valado
CDV0070018A;CDV;Imóvel Selado;Costa do Valado
CDV0070019A;CDV;Imóvel Selado;Costa do Valado
CDV0070020A;CDV;Imóvel Selado;Costa do Valado
CDV0070021A;CDV;Imóvel Selado;Costa do Valado
CDV0070021B;CDV;Imóvel Selado;Costa do Valado
CDV0070021C;CDV;Imóvel Selado;Costa do Valado
CDV0070021D;CDV;Imóvel Selado;Costa do Valado
CDV0070022A;CDV;Imóvel Selado;Costa do Valado
CDV0070022B;CDV;Imóvel Selado;Costa do Valado
CDV0070023A;CDV;Imóvel Selado;Costa do Valado
CDV0070024A;CDV;Imóvel Selado;Costa do Valado
CDV0070025A;CDV;Imóvel Selado;Costa do Valado
CDV0070026A;CDV;Imóvel Selado;Costa do Valado
CDV0070027A;CDV;Imóvel Selado;Costa do Valado
CDV0070028A;CDV;Imóvel Selado;Costa do Valado
CDV0070029A;CDV;Imóvel Selado;Costa do Valado
CDV0070029B;CDV;Imóvel Selado;Costa do Valado
CDV0070030A;CDV;Imóvel Selado;Costa do Valado
CDV0070031A;CDV;Imóvel Selado;Costa do Valado
CDV0070031B;CDV;Imóvel Selado;Costa do Valado
CDV0070031C;CDV;Imóvel Selado;Costa do Valado
CDV0070031D;CDV;Imóvel Selado;Costa do Valado
CDV0070032A;CDV;Imóvel Selado;Costa do Valado
CDV0070033B;CDV;Imóvel Selado;Costa do Valado
CDV0070033A;CDV;Imóvel Selado;Costa do Valado
CDV0070034B;CDV;Imóvel Selado;Costa do Valado
CDV0070034C;CDV;Imóvel Selado;Costa do Valado
CDV0070034A;CDV;Imóvel Selado;Costa do Valado
CDV0070034D;CDV;Imóvel Selado;Costa do Valado
CDV0070034E;CDV;Imóvel Selado;Costa do Valado
CDV0070035A;CDV;Imóvel Selado;Costa do Valado
CDV0070036A;CDV;Imóvel Selado;Costa do Valado
CDV0070037A;CDV;Imóvel Selado;Costa do Valado
CDV0070038A;CDV;Imóvel Selado;Costa do Valado
CDV0070038B;CDV;Imóvel Selado;Costa do Valado
CDV0070039A;CDV;Imóvel Selado;Costa do Valado
CDV0070040A;CDV;Imóvel Selado;Costa do Valado
CDV0070041A;CDV;Imóvel Selado;Costa do Valado
CDV0070042A;CDV;Imóvel Selado;Costa do Valado
CDV0070043A;CDV;Imóvel Selado;Costa do Valado
CDV0070044A;CDV;Imóvel Selado;Costa do Valado
CDV0070045A;CDV;Imóvel Selado;Costa do Valado
CDV0070046A;CDV;Imóvel Selado;Costa do Valado
CDV0070047A;CDV;Imóvel Selado;Costa do Valado
CDV0070048A;CDV;Imóvel Selado;Costa do Valado
CDV0070049A;CDV;Imóvel Selado;Costa do Valado
CDV0070050A;CDV;Imóvel Selado;Costa do Valado
CDV0070051A;CDV;Imóvel Selado;Costa do Valado
CDV0070052A;CDV;Imóvel Selado;Costa do Valado
CDV0070053B;CDV;Imóvel Selado;Costa do Valado
CDV0070054A;CDV;Imóvel Selado;Costa do Valado
CDV0070054B;CDV;Imóvel Selado;Costa do Valado
CDV0070055A;CDV;Imóvel Selado;Costa do Valado
CDV0070056A;CDV;Imóvel Selado;Costa do Valado
CDV0070057A;CDV;Imóvel Selado;Costa do Valado
CDV0070058A;CDV;Imóvel Selado;Costa do Valado
CDV0070059A;CDV;Imóvel Selado;Costa do Valado
CDV0070059B;CDV;Imóvel Selado;Costa do Valado
CDV0070060A;CDV;Imóvel Selado;Costa do Valado
CDV0070061A;CDV;Imóvel Selado;Costa do Valado
CDV0070062B;CDV;Imóvel Selado;Costa do Valado
CDV0070062A;CDV;Imóvel Selado;Costa do Valado
CDV0070063A;CDV;Imóvel Selado;Costa do Valado
CDV0070064A;CDV;Imóvel Selado;Costa do Valado
CDV0070064B;CDV;Imóvel Selado;Costa do Valado
CDV0070064C;CDV;Imóvel Selado;Costa do Valado
CDV0070065A;CDV;Imóvel Selado;Costa do Valado
CDV0070065B;CDV;Imóvel Selado;Costa do Valado
CDV0070066A;CDV;Imóvel Selado;Costa do Valado
CDV0070067A;CDV;Imóvel Selado;Costa do Valado
CDV0070068A;CDV;Imóvel Selado;Costa do Valado
CDV0070017B;CDV;Imóvel Selado;Costa do Valado
CDV0070068B;CDV;Imóvel Selado;Costa do Valado
CDV0070069A;CDV;Imóvel Selado;Costa do Valado
CDV0070070A;CDV;Imóvel Selado;Costa do Valado
CDV0070035B;CDV;Imóvel Selado;Costa do Valado
CDV0070040B;CDV;Imóvel Selado;Costa do Valado
CDV0070040C;CDV;Imóvel Selado;Costa do Valado
CDV0070040D;CDV;Imóvel Selado;Costa do Valado
CDV0070048B;CDV;Imóvel Selado;Costa do Valado
CDV0070010B;CDV;Imóvel Selado;Costa do Valado
CDV0070015B;CDV;Imóvel Selado;Costa do Valado
CDV0070029C;CDV;Imóvel Selado;Costa do Valado
CDV0070049B;CDV;Imóvel Selado;Costa do Valado
CDV0070047B;CDV;Imóvel Selado;Costa do Valado
CDV0070053A;CDV;Imóvel Selado;Costa do Valado
CDV0070057C;CDV;Imóvel Selado;Costa do Valado
CDV0070057D;CDV;Imóvel Selado;Costa do Valado
CDV0070057B;CDV;Imóvel Selado;Costa do Valado
CDV0080001A;CDV;Imóvel Selado;Costa do Valado
CDV0080001B;CDV;Imóvel Selado;Costa do Valado
CDV0080001C;CDV;Imóvel Selado;Costa do Valado
CDV0080002A;CDV;Imóvel Selado;Costa do Valado
CDV0080002B;CDV;Imóvel Selado;Costa do Valado
CDV0080003A;CDV;Imóvel Selado;Costa do Valado
CDV0080003B;CDV;Imóvel Selado;Costa do Valado
CDV0080003C;CDV;Imóvel Selado;Costa do Valado
CDV0080004A;CDV;Imóvel Selado;Costa do Valado
CDV0080005A;CDV;Imóvel Selado;Costa do Valado
CDV0080006A;CDV;Imóvel Selado;Costa do Valado
CDV0080006B;CDV;Imóvel Selado;Costa do Valado
CDV0080007A;CDV;Imóvel Selado;Costa do Valado
CDV0080008A;CDV;Imóvel Selado;Costa do Valado
CDV0080009A;CDV;Imóvel Selado;Costa do Valado
CDV0080010A;CDV;Imóvel Selado;Costa do Valado
CDV0080011A;CDV;Imóvel Selado;Costa do Valado
CDV0080012A;CDV;Imóvel Selado;Costa do Valado
CDV0080012B;CDV;Imóvel Selado;Costa do Valado
CDV0080012C;CDV;Imóvel Selado;Costa do Valado
CDV0080012D;CDV;Imóvel Selado;Costa do Valado
CDV0080013A;CDV;Imóvel Selado;Costa do Valado
CDV0080013B;CDV;Imóvel Selado;Costa do Valado
CDV0080013C;CDV;Imóvel Selado;Costa do Valado
CDV0080013D;CDV;Imóvel Selado;Costa do Valado
CDV0080014A;CDV;Imóvel Selado;Costa do Valado
CDV0080015A;CDV;Imóvel Selado;Costa do Valado
CDV0080016A;CDV;Imóvel Selado;Costa do Valado
CDV0080017A;CDV;Imóvel Selado;Costa do Valado
CDV0080018A;CDV;Imóvel Selado;Costa do Valado
CDV0080018B;CDV;Imóvel Selado;Costa do Valado
CDV0080018C;CDV;Imóvel Selado;Costa do Valado
CDV0080019A;CDV;Imóvel Selado;Costa do Valado
CDV0080020A;CDV;Imóvel Selado;Costa do Valado
CDV0080021A;CDV;Imóvel Selado;Costa do Valado
CDV0080022A;CDV;Imóvel Selado;Costa do Valado
CDV0080023A;CDV;Imóvel Selado;Costa do Valado
CDV0080024A;CDV;Imóvel Selado;Costa do Valado
CDV0080025A;CDV;Imóvel Selado;Costa do Valado
CDV0080026A;CDV;Imóvel Selado;Costa do Valado
CDV0080026B;CDV;Imóvel Selado;Costa do Valado
CDV0080026C;CDV;Imóvel Selado;Costa do Valado
CDV0080026D;CDV;Imóvel Selado;Costa do Valado
CDV0080026E;CDV;Imóvel Selado;Costa do Valado
CDV0080027A;CDV;Imóvel Selado;Costa do Valado
CDV0080028A;CDV;Imóvel Selado;Costa do Valado
CDV0080029A;CDV;Imóvel Selado;Costa do Valado
CDV0080030A;CDV;Imóvel Selado;Costa do Valado
CDV0080031A;CDV;Imóvel Selado;Costa do Valado
CDV0080032A;CDV;Imóvel Selado;Costa do Valado
CDV0080033A;CDV;Imóvel Selado;Costa do Valado
CDV0080033B;CDV;Imóvel Selado;Costa do Valado
CDV0080034A;CDV;Imóvel Selado;Costa do Valado
CDV0080035A;CDV;Imóvel Selado;Costa do Valado
CDV0080036A;CDV;Imóvel Selado;Costa do Valado
CDV0080036B;CDV;Imóvel Selado;Costa do Valado
CDV0080036C;CDV;Imóvel Selado;Costa do Valado
CDV0080036D;CDV;Imóvel Selado;Costa do Valado
CDV0080037A;CDV;Imóvel Selado;Costa do Valado
CDV0080038A;CDV;Imóvel Selado;Costa do Valado
CDV0080039A;CDV;Imóvel Selado;Costa do Valado
CDV0080039B;CDV;Imóvel Selado;Costa do Valado
CDV0080039C;CDV;Imóvel Selado;Costa do Valado
CDV0080039D;CDV;Imóvel Selado;Costa do Valado
CDV0080039E;CDV;Imóvel Selado;Costa do Valado
CDV0080039F;CDV;Imóvel Selado;Costa do Valado
CDV0080039G;CDV;Imóvel Selado;Costa do Valado
CDV0080039H;CDV;Imóvel Selado;Costa do Valado
CDV0080039I;CDV;Imóvel Selado;Costa do Valado
CDV0080040A;CDV;Imóvel Selado;Costa do Valado
CDV0080040B;CDV;Imóvel Selado;Costa do Valado
CDV0080040C;CDV;Imóvel Selado;Costa do Valado
CDV0080040D;CDV;Imóvel Selado;Costa do Valado
CDV0080040E;CDV;Imóvel Selado;Costa do Valado
CDV0080040F;CDV;Imóvel Selado;Costa do Valado
CDV0080040G;CDV;Imóvel Selado;Costa do Valado
CDV0080041A;CDV;Imóvel Selado;Costa do Valado
CDV0080041B;CDV;Imóvel Selado;Costa do Valado
CDV0080041C;CDV;Imóvel Selado;Costa do Valado
CDV0080041D;CDV;Imóvel Selado;Costa do Valado
CDV0080042A;CDV;Imóvel Selado;Costa do Valado
CDV0080042B;CDV;Imóvel Selado;Costa do Valado
CDV0080042C;CDV;Imóvel Selado;Costa do Valado
CDV0080043A;CDV;Imóvel Selado;Costa do Valado
CDV0080043B;CDV;Imóvel Selado;Costa do Valado
CDV0080043C;CDV;Imóvel Selado;Costa do Valado
CDV0080043D;CDV;Imóvel Selado;Costa do Valado
CDV0080043E;CDV;Imóvel Selado;Costa do Valado
CDV0080044A;CDV;Imóvel Selado;Costa do Valado
CDV0080044B;CDV;Imóvel Selado;Costa do Valado
CDV0080044C;CDV;Imóvel Selado;Costa do Valado
CDV0080045A;CDV;Imóvel Selado;Costa do Valado
CDV0080045B;CDV;Imóvel Selado;Costa do Valado
CDV0080045C;CDV;Imóvel Selado;Costa do Valado
CDV0080045D;CDV;Imóvel Selado;Costa do Valado
CDV0080045E;CDV;Imóvel Selado;Costa do Valado
CDV0080045F;CDV;Imóvel Selado;Costa do Valado
CDV0080046A;CDV;Imóvel Selado;Costa do Valado
CDV0080046B;CDV;Imóvel Selado;Costa do Valado
CDV0080047A;CDV;Imóvel Selado;Costa do Valado
CDV0080048A;CDV;Imóvel Selado;Costa do Valado
CDV0080048B;CDV;Imóvel Selado;Costa do Valado
CDV0080048C;CDV;Imóvel Selado;Costa do Valado
CDV0080048D;CDV;Imóvel Selado;Costa do Valado
CDV0080049A;CDV;Imóvel Selado;Costa do Valado
CDV0080049B;CDV;Imóvel Selado;Costa do Valado
CDV0080049C;CDV;Imóvel Selado;Costa do Valado
CDV0080049D;CDV;Imóvel Selado;Costa do Valado
CDV0080050A;CDV;Imóvel Selado;Costa do Valado
CDV0080050B;CDV;Imóvel Selado;Costa do Valado
CDV0080050C;CDV;Imóvel Selado;Costa do Valado
CDV0080050D;CDV;Imóvel Selado;Costa do Valado
CDV0080051A;CDV;Imóvel Selado;Costa do Valado
CDV0080052A;CDV;Imóvel Selado;Costa do Valado
CDV0080053A;CDV;Imóvel Selado;Costa do Valado
CDV0080053B;CDV;Imóvel Selado;Costa do Valado
CDV0080054A;CDV;Imóvel Selado;Costa do Valado
CDV0080055A;CDV;Imóvel Selado;Costa do Valado
CDV0080055B;CDV;Imóvel Selado;Costa do Valado
CDV0080056A;CDV;Imóvel Selado;Costa do Valado
CDV0080056B;CDV;Imóvel Selado;Costa do Valado
CDV0080057A;CDV;Imóvel Selado;Costa do Valado
CDV0080058A;CDV;Imóvel Selado;Costa do Valado
CDV0080058B;CDV;Imóvel Selado;Costa do Valado
CDV0080058C;CDV;Imóvel Selado;Costa do Valado
CDV0080058D;CDV;Imóvel Selado;Costa do Valado
CDV0080059A;CDV;Imóvel Selado;Costa do Valado
CDV0080060A;CDV;Imóvel Selado;Costa do Valado
CDV0080061A;CDV;Imóvel Selado;Costa do Valado
CDV0080061B;CDV;Imóvel Selado;Costa do Valado
CDV0080062A;CDV;Imóvel Selado;Costa do Valado
CDV0080063A;CDV;Imóvel Selado;Costa do Valado
CDV0080064A;CDV;Imóvel Selado;Costa do Valado
CDV0080065A;CDV;Imóvel Selado;Costa do Valado
CDV0080066A;CDV;Imóvel Selado;Costa do Valado
CDV0080067A;CDV;Imóvel Selado;Costa do Valado
CDV0080068A;CDV;Imóvel Selado;Costa do Valado
CDV0080068B;CDV;Imóvel Selado;Costa do Valado
CDV0090001A;CDV;Imóvel Selado;Costa do Valado
CDV0090001B;CDV;Imóvel Selado;Costa do Valado
CDV0090001C;CDV;Imóvel Selado;Costa do Valado
CDV0090002A;CDV;Imóvel Selado;Costa do Valado
CDV0090003A;CDV;Imóvel Selado;Costa do Valado
CDV0090004A;CDV;Imóvel Selado;Costa do Valado
CDV0090005A;CDV;Imóvel Selado;Costa do Valado
CDV0090006A;CDV;Imóvel Selado;Costa do Valado
CDV0090007A;CDV;Imóvel Selado;Costa do Valado
CDV0090007B;CDV;Imóvel Selado;Costa do Valado
CDV0090007C;CDV;Imóvel Selado;Costa do Valado
CDV0090007D;CDV;Imóvel Selado;Costa do Valado
CDV0090008A;CDV;Imóvel Selado;Costa do Valado
CDV0090009A;CDV;Imóvel Selado;Costa do Valado
CDV0090009B;CDV;Imóvel Selado;Costa do Valado
CDV0090009C;CDV;Imóvel Selado;Costa do Valado
CDV0090009D;CDV;Imóvel Selado;Costa do Valado
CDV0090010A;CDV;Imóvel Selado;Costa do Valado
CDV0090010B;CDV;Imóvel Selado;Costa do Valado
CDV0090010C;CDV;Imóvel Selado;Costa do Valado
CDV0090011A;CDV;Imóvel Selado;Costa do Valado
CDV0090012A;CDV;Imóvel Selado;Costa do Valado
CDV0090013A;CDV;Imóvel Selado;Costa do Valado
CDV0090013B;CDV;Imóvel Selado;Costa do Valado
CDV0090013C;CDV;Imóvel Selado;Costa do Valado
CDV0090013D;CDV;Imóvel Selado;Costa do Valado
CDV0090014A;CDV;Imóvel Selado;Costa do Valado
CDV0090015A;CDV;Imóvel Selado;Costa do Valado
CDV0090015B;CDV;Imóvel Selado;Costa do Valado
CDV0090015C;CDV;Imóvel Selado;Costa do Valado
CDV0090016A;CDV;Imóvel Selado;Costa do Valado
CDV0090017A;CDV;Imóvel Selado;Costa do Valado
CDV0090018A;CDV;Imóvel Selado;Costa do Valado
CDV0090019A;CDV;Imóvel Selado;Costa do Valado
CDV0090019B;CDV;Imóvel Selado;Costa do Valado
CDV0090019C;CDV;Imóvel Selado;Costa do Valado
CDV0100001A;CDV;Imóvel Selado;Costa do Valado
CDV0100001B;CDV;Imóvel Selado;Costa do Valado
CDV0100002A;CDV;Imóvel Selado;Costa do Valado
CDV0100003A;CDV;Imóvel Selado;Costa do Valado
CDV0100004A;CDV;Imóvel Selado;Costa do Valado
CDV0100005A;CDV;Imóvel Selado;Costa do Valado
CDV0100006A;CDV;Imóvel Selado;Costa do Valado
CDV0100007A;CDV;Imóvel Selado;Costa do Valado
CDV0100008A;CDV;Imóvel Selado;Costa do Valado
CDV0100008B;CDV;Imóvel Selado;Costa do Valado
CDV0100008C;CDV;Imóvel Selado;Costa do Valado
CDV0100009A;CDV;Imóvel Selado;Costa do Valado
CDV0100010A;CDV;Imóvel Selado;Costa do Valado
CDV0100011A;CDV;Imóvel Selado;Costa do Valado
CDV0100012A;CDV;Imóvel Selado;Costa do Valado
CDV0100013A;CDV;Imóvel Selado;Costa do Valado
CDV0100014A;CDV;Imóvel Selado;Costa do Valado
CDV0100014B;CDV;Imóvel Selado;Costa do Valado
CDV0100015A;CDV;Imóvel Selado;Costa do Valado
CDV0100016A;CDV;Imóvel Selado;Costa do Valado
CDV0100017A;CDV;Imóvel Selado;Costa do Valado
CDV0100018A;CDV;Imóvel Selado;Costa do Valado
CDV0100018B;CDV;Imóvel Selado;Costa do Valado
CDV0100019A;CDV;Imóvel Selado;Costa do Valado
CDV0100019B;CDV;Imóvel Selado;Costa do Valado
CDV0100020A;CDV;Imóvel Selado;Costa do Valado
CDV0100021A;CDV;Imóvel Selado;Costa do Valado
CDV0100022A;CDV;Imóvel Selado;Costa do Valado
CDV0100023A;CDV;Imóvel Selado;Costa do Valado
CDV0100024A;CDV;Imóvel Selado;Costa do Valado
CDV0100024B;CDV;Imóvel Selado;Costa do Valado
CDV0100025A;CDV;Imóvel Selado;Costa do Valado
CDV0100025B;CDV;Imóvel Selado;Costa do Valado
CDV0100026A;CDV;Imóvel Selado;Costa do Valado
CDV0100027A;CDV;Imóvel Selado;Costa do Valado
CDV0100027B;CDV;Imóvel Selado;Costa do Valado
CDV0100028A;CDV;Imóvel Selado;Costa do Valado
CDV0100028B;CDV;Imóvel Selado;Costa do Valado
CDV0100029A;CDV;Imóvel Selado;Costa do Valado
CDV0100029B;CDV;Imóvel Selado;Costa do Valado
CDV0100030A;CDV;Imóvel Selado;Costa do Valado
CDV0100031A;CDV;Imóvel Selado;Costa do Valado
CDV0100031B;CDV;Imóvel Selado;Costa do Valado
CDV0100032A;CDV;Imóvel Selado;Costa do Valado
CDV0100033A;CDV;Imóvel Selado;Costa do Valado
CDV0100034A;CDV;Imóvel Selado;Costa do Valado
CDV0100034B;CDV;Imóvel Selado;Costa do Valado
CDV0100035A;CDV;Imóvel Selado;Costa do Valado
CDV0100035B;CDV;Imóvel Selado;Costa do Valado
CDV0100036A;CDV;Imóvel Selado;Costa do Valado
CDV0100036B;CDV;Imóvel Selado;Costa do Valado
CDV0100036C;CDV;Imóvel Selado;Costa do Valado
CDV0100037A;CDV;Imóvel Selado;Costa do Valado
CDV0100038A;CDV;Imóvel Selado;Costa do Valado
CDV0100039A;CDV;Imóvel Selado;Costa do Valado
CDV0100040A;CDV;Imóvel Selado;Costa do Valado
CDV0100041A;CDV;Imóvel Selado;Costa do Valado
CDV0100042A;CDV;Imóvel Selado;Costa do Valado
CDV0100042B;CDV;Imóvel Selado;Costa do Valado
CDV0100042C;CDV;Imóvel Selado;Costa do Valado
CDV0100042D;CDV;Imóvel Selado;Costa do Valado
CDV0100042E;CDV;Imóvel Selado;Costa do Valado
CDV0100042F;CDV;Imóvel Selado;Costa do Valado
CDV0100042G;CDV;Imóvel Selado;Costa do Valado
CDV0100042H;CDV;Imóvel Selado;Costa do Valado
CDV0100043A;CDV;Imóvel Selado;Costa do Valado
CDV0100044A;CDV;Imóvel Selado;Costa do Valado
CDV0100044B;CDV;Imóvel Selado;Costa do Valado
CDV0100045A;CDV;Imóvel Selado;Costa do Valado
CDV0100046A;CDV;Imóvel Selado;Costa do Valado
CDV0100047A;CDV;Imóvel Selado;Costa do Valado
CDV0100047B;CDV;Imóvel Selado;Costa do Valado
CDV0100048A;CDV;Imóvel Selado;Costa do Valado
CDV0100048B;CDV;Imóvel Selado;Costa do Valado
CDV0100048C;CDV;Imóvel Selado;Costa do Valado
CDV0100049A;CDV;Imóvel Selado;Costa do Valado
CDV0100049B;CDV;Imóvel Selado;Costa do Valado
CDV0100049C;CDV;Imóvel Selado;Costa do Valado
CDV0100049D;CDV;Imóvel Selado;Costa do Valado
CDV0100049E;CDV;Imóvel Selado;Costa do Valado
CDV0100049F;CDV;Imóvel Selado;Costa do Valado
CDV0100050A;CDV;Imóvel Selado;Costa do Valado
CDV0100051A;CDV;Imóvel Selado;Costa do Valado
CDV0100052A;CDV;Imóvel Selado;Costa do Valado
CDV0100052B;CDV;Imóvel Selado;Costa do Valado
CDV0100053A;CDV;Imóvel Selado;Costa do Valado
CDV0100053B;CDV;Imóvel Selado;Costa do Valado
CDV0100053C;CDV;Imóvel Selado;Costa do Valado
CDV0100054A;CDV;Imóvel Selado;Costa do Valado
CDV0100055A;CDV;Imóvel Selado;Costa do Valado
CDV0100055B;CDV;Imóvel Selado;Costa do Valado
CDV0100056A;CDV;Imóvel Selado;Costa do Valado
CDV0100056B;CDV;Imóvel Selado;Costa do Valado
CDV0100057A;CDV;Imóvel Selado;Costa do Valado
CDV0100058A;CDV;Imóvel Selado;Costa do Valado
CDV0100059A;CDV;Imóvel Selado;Costa do Valado
CDV0100059B;CDV;Imóvel Selado;Costa do Valado
CDV0100059C;CDV;Imóvel Selado;Costa do Valado
CDV0100060A;CDV;Imóvel Selado;Costa do Valado
CDV0100060B;CDV;Imóvel Selado;Costa do Valado
CDV0100061A;CDV;Imóvel Selado;Costa do Valado
CDV0100061B;CDV;Imóvel Selado;Costa do Valado
CDV0100062A;CDV;Imóvel Selado;Costa do Valado
CDV0010001A;CDV;Frente De Obras;Costa do Valado
CDV0010002A;CDV;Frente De Obras;Costa do Valado
CDV0010002B;CDV;Frente De Obras;Costa do Valado
CDV0010002C;CDV;Frente De Obras;Costa do Valado
CDV0010002D;CDV;Frente De Obras;Costa do Valado
CDV0010002E;CDV;Frente De Obras;Costa do Valado
CDV0010003A;CDV;Frente De Obras;Costa do Valado
CDV0010003B;CDV;Frente De Obras;Costa do Valado
ENL0010001A;ENL;Imóvel Selado;Enlevo
ENL0010001B;ENL;Imóvel Selado;Enlevo
ENL0010002A;ENL;Imóvel Selado;Enlevo
ENL0010003A;ENL;Imóvel Selado;Enlevo
ENL0010003B;ENL;Imóvel Selado;Enlevo
ENL0010004A;ENL;Imóvel Selado;Enlevo
ENL0010004B;ENL;Imóvel Selado;Enlevo
ENL0010005A;ENL;Imóvel Selado;Enlevo
ENL0010005B;ENL;Imóvel Selado;Enlevo
ENL0010006A;ENL;Imóvel Selado;Enlevo
ENL0010007A;ENL;Imóvel Selado;Enlevo
ENL0010008A;ENL;Imóvel Selado;Enlevo
ENL0010009A;ENL;Imóvel Selado;Enlevo
ENL0010010A;ENL;Imóvel Selado;Enlevo
ENL0010011A;ENL;Imóvel Selado;Enlevo
ENL0010011B;ENL;Imóvel Selado;Enlevo
ENL0010011C;ENL;Imóvel Selado;Enlevo
ENL0010011D;ENL;Imóvel Selado;Enlevo
ENL0010011E;ENL;Imóvel Selado;Enlevo
ENL0010012A;ENL;Imóvel Selado;Enlevo
ENL0010012B;ENL;Imóvel Selado;Enlevo
ENL0010013A;ENL;Imóvel Selado;Enlevo
ENL0010014A;ENL;Imóvel Selado;Enlevo
ENL0010015A;ENL;Imóvel Selado;Enlevo
ENL0010016A;ENL;Imóvel Selado;Enlevo
ENL0010016B;ENL;Imóvel Selado;Enlevo
ENL0010017A;ENL;Imóvel Selado;Enlevo
ENL0010017B;ENL;Imóvel Selado;Enlevo
ENL0010017C;ENL;Imóvel Selado;Enlevo
ENL0010018A;ENL;Imóvel Selado;Enlevo
ENL0010020A;ENL;Imóvel Selado;Enlevo
ENL0010020B;ENL;Imóvel Selado;Enlevo
ENL0020001A;ENL;Imóvel Selado;Enlevo
ENL0020002A;ENL;Imóvel Selado;Enlevo
ENL0020002B;ENL;Imóvel Selado;Enlevo
ENL0020003A;ENL;Imóvel Selado;Enlevo
ENL0020004A;ENL;Imóvel Selado;Enlevo
ENL0020005A;ENL;Imóvel Selado;Enlevo
ENL0020006A;ENL;Imóvel Selado;Enlevo
ENL0020007A;ENL;Imóvel Selado;Enlevo
ENL0020008A;ENL;Imóvel Selado;Enlevo
ENL0020008B;ENL;Imóvel Selado;Enlevo
ENL0020008C;ENL;Imóvel Selado;Enlevo
ENL0020008D;ENL;Imóvel Selado;Enlevo
ENL0020008E;ENL;Imóvel Selado;Enlevo
ENL0020008F;ENL;Imóvel Selado;Enlevo
ENL0020008G;ENL;Imóvel Selado;Enlevo
ENL0020009A;ENL;Imóvel Selado;Enlevo
ENL0020010A;ENL;Imóvel Selado;Enlevo
ENL0020011A;ENL;Imóvel Selado;Enlevo
ENL0020011B;ENL;Imóvel Selado;Enlevo
ENL0020011C;ENL;Imóvel Selado;Enlevo
ENL0020012A;ENL;Imóvel Selado;Enlevo
ENL0020012B;ENL;Imóvel Selado;Enlevo
ENL0020012C;ENL;Imóvel Selado;Enlevo
ENL0020012D;ENL;Imóvel Selado;Enlevo
ENL0020012E;ENL;Imóvel Selado;Enlevo
ENL0020012F;ENL;Imóvel Selado;Enlevo
ENL0020012G;ENL;Imóvel Selado;Enlevo
ENL0020012H;ENL;Imóvel Selado;Enlevo
ENL0020012I;ENL;Imóvel Selado;Enlevo
ENL0020012J;ENL;Imóvel Selado;Enlevo
ENL0020012K;ENL;Imóvel Selado;Enlevo
ENL0020012L;ENL;Imóvel Selado;Enlevo
ENL0020012M;ENL;Imóvel Selado;Enlevo
ENL0020012N;ENL;Imóvel Selado;Enlevo
ENL0020012O;ENL;Imóvel Selado;Enlevo
ENL0020013A;ENL;Imóvel Selado;Enlevo
ENL0020014A;ENL;Imóvel Selado;Enlevo
ENL0030001A;ENL;Imóvel Selado;Enlevo
ENL0030001B;ENL;Imóvel Selado;Enlevo
ENL0030001C;ENL;Imóvel Selado;Enlevo
ENL0030002A;ENL;Imóvel Selado;Enlevo
ENL0030003A;ENL;Imóvel Selado;Enlevo
ENL0030003B;ENL;Imóvel Selado;Enlevo
ENL0030003C;ENL;Imóvel Selado;Enlevo
ENL0030004A;ENL;Imóvel Selado;Enlevo
ENL0030005A;ENL;Imóvel Selado;Enlevo
ENL0030005B;ENL;Imóvel Selado;Enlevo
ENL0040001A;ENL;Imóvel Selado;Enlevo
ENL0040001B;ENL;Imóvel Selado;Enlevo
ENL0040001C;ENL;Imóvel Selado;Enlevo
ENL0040002A;ENL;Imóvel Selado;Enlevo
ENL0040003A;ENL;Imóvel Selado;Enlevo
ENL0040003B;ENL;Imóvel Selado;Enlevo
ENL0040003C;ENL;Imóvel Selado;Enlevo
ENL0040003D;ENL;Imóvel Selado;Enlevo
ENL0040004A;ENL;Imóvel Selado;Enlevo
ENL0040005A;ENL;Imóvel Selado;Enlevo
ENL0040006A;ENL;Imóvel Selado;Enlevo
ENL0040006B;ENL;Imóvel Selado;Enlevo
ENL0040007A;ENL;Imóvel Selado;Enlevo
ENL0040008A;ENL;Imóvel Selado;Enlevo
ENL0040009A;ENL;Imóvel Selado;Enlevo
ENL0040010A;ENL;Imóvel Selado;Enlevo
ENL0040010B;ENL;Imóvel Selado;Enlevo
ENL0040011A;ENL;Imóvel Selado;Enlevo
ENL0040012A;ENL;Imóvel Selado;Enlevo
ENL0040012B;ENL;Imóvel Selado;Enlevo
ENL0040013A;ENL;Imóvel Selado;Enlevo
ENL0040014A;ENL;Imóvel Selado;Enlevo
ENL0040015A;ENL;Imóvel Selado;Enlevo
ENL0050001A;ENL;Imóvel Selado;Enlevo
ENL0050002A;ENL;Imóvel Selado;Enlevo
ENL0050002B;ENL;Imóvel Selado;Enlevo
ENL0050002C;ENL;Imóvel Selado;Enlevo
ENL0050003A;ENL;Imóvel Selado;Enlevo
ENL0050004A;ENL;Imóvel Selado;Enlevo
ENL0050005A;ENL;Imóvel Selado;Enlevo
ENL0050005B;ENL;Imóvel Selado;Enlevo
ENL0050006A;ENL;Imóvel Selado;Enlevo
ENL0050006B;ENL;Imóvel Selado;Enlevo
ENL0050007A;ENL;Imóvel Selado;Enlevo
ENL0050008A;ENL;Imóvel Selado;Enlevo
ENL0050008B;ENL;Imóvel Selado;Enlevo
ENL0050009A;ENL;Imóvel Selado;Enlevo
ENL0050010A;ENL;Imóvel Selado;Enlevo
ENL0050010B;ENL;Imóvel Selado;Enlevo
ENL0050011A;ENL;Imóvel Selado;Enlevo
ENL0050012A;ENL;Imóvel Selado;Enlevo
ENL0050013A;ENL;Imóvel Selado;Enlevo
ENL0050014A;ENL;Imóvel Selado;Enlevo
ENL0050014B;ENL;Imóvel Selado;Enlevo
ENL0050014C;ENL;Imóvel Selado;Enlevo
ENL0050015A;ENL;Imóvel Selado;Enlevo
ENL0050016A;ENL;Imóvel Selado;Enlevo
ENL0050017A;ENL;Imóvel Selado;Enlevo
ENL0050017B;ENL;Imóvel Selado;Enlevo
ENL0050018A;ENL;Imóvel Selado;Enlevo
ENL0050018B;ENL;Imóvel Selado;Enlevo
ENL0050018C;ENL;Imóvel Selado;Enlevo
ENL0050019A;ENL;Imóvel Selado;Enlevo
ENL0050020A;ENL;Imóvel Selado;Enlevo
ENL0050021A;ENL;Imóvel Selado;Enlevo
ENL0050022A;ENL;Imóvel Selado;Enlevo
ENL0050023A;ENL;Imóvel Selado;Enlevo
ENL0050023B;ENL;Imóvel Selado;Enlevo
ENL0050023C;ENL;Imóvel Selado;Enlevo
ENL0050024A;ENL;Imóvel Selado;Enlevo
ENL0050025A;ENL;Imóvel Selado;Enlevo
ENL0050025B;ENL;Imóvel Selado;Enlevo
ENL0050025C;ENL;Imóvel Selado;Enlevo
ENL0050026A;ENL;Imóvel Selado;Enlevo
ENL0050026B;ENL;Imóvel Selado;Enlevo
ENL0050027A;ENL;Imóvel Selado;Enlevo
ENL0050027B;ENL;Imóvel Selado;Enlevo
ENL0050027C;ENL;Imóvel Selado;Enlevo
ENL0050028A;ENL;Imóvel Selado;Enlevo
ENL0050029A;ENL;Imóvel Selado;Enlevo
ENL0050029B;ENL;Imóvel Selado;Enlevo
ENL0050030A;ENL;Imóvel Selado;Enlevo
ENL0050030B;ENL;Imóvel Selado;Enlevo
ENL0050030C;ENL;Imóvel Selado;Enlevo
ENL0050031A;ENL;Imóvel Selado;Enlevo
ENL0050032A;ENL;Imóvel Selado;Enlevo
ENL0050033A;ENL;Imóvel Selado;Enlevo
ENL0060001A;ENL;Imóvel Selado;Enlevo
ENL0060002A;ENL;Imóvel Selado;Enlevo
ENL0060003A;ENL;Imóvel Selado;Enlevo
ENL0060003B;ENL;Imóvel Selado;Enlevo
ENL0060004A;ENL;Imóvel Selado;Enlevo
ENL0060005A;ENL;Imóvel Selado;Enlevo
ENL0060005B;ENL;Imóvel Selado;Enlevo
ENL0060006A;ENL;Imóvel Selado;Enlevo
ENL0060006B;ENL;Imóvel Selado;Enlevo
ENL0060006C;ENL;Imóvel Selado;Enlevo
ENL0060007A;ENL;Imóvel Selado;Enlevo
ENL0060008A;ENL;Imóvel Selado;Enlevo
ENL0060008B;ENL;Imóvel Selado;Enlevo
ENL0060008C;ENL;Imóvel Selado;Enlevo
ENL0060009A;ENL;Imóvel Selado;Enlevo
ENL0060009B;ENL;Imóvel Selado;Enlevo
ENL0060010A;ENL;Imóvel Selado;Enlevo
ENL0060010B;ENL;Imóvel Selado;Enlevo
ENL0060011A;ENL;Imóvel Selado;Enlevo
ENL0060012A;ENL;Imóvel Selado;Enlevo
ENL0060012B;ENL;Imóvel Selado;Enlevo
ENL0060013A;ENL;Imóvel Selado;Enlevo
ENL0060013B;ENL;Imóvel Selado;Enlevo
ENL0060013C;ENL;Imóvel Selado;Enlevo
ENL0060014A;ENL;Imóvel Selado;Enlevo
ENL0060014B;ENL;Imóvel Selado;Enlevo
ENL0060015A;ENL;Imóvel Selado;Enlevo
ENL0060016A;ENL;Imóvel Selado;Enlevo
ENL0060017A;ENL;Imóvel Selado;Enlevo
ENL0060017B;ENL;Imóvel Selado;Enlevo
ENL0060018A;ENL;Imóvel Selado;Enlevo
ENL0060019A;ENL;Imóvel Selado;Enlevo
ENL0060019B;ENL;Imóvel Selado;Enlevo
ENL0060019C;ENL;Imóvel Selado;Enlevo
ENL0060020A;ENL;Imóvel Selado;Enlevo
ENL0060020B;ENL;Imóvel Selado;Enlevo
ENL0060021A;ENL;Imóvel Selado;Enlevo
ENL0060021B;ENL;Imóvel Selado;Enlevo
ENL0060022A;ENL;Imóvel Selado;Enlevo
ENL0060023A;ENL;Imóvel Selado;Enlevo
ENL0060024A;ENL;Imóvel Selado;Enlevo
ENL0060024B;ENL;Imóvel Selado;Enlevo
ENL0060025A;ENL;Imóvel Selado;Enlevo
ENL0060025B;ENL;Imóvel Selado;Enlevo
ENL0060026A;ENL;Imóvel Selado;Enlevo
ENL0060026B;ENL;Imóvel Selado;Enlevo
ENL0060027A;ENL;Imóvel Selado;Enlevo
ENL0060028A;ENL;Imóvel Selado;Enlevo
ENL0060029A;ENL;Imóvel Selado;Enlevo
ENL0060029B;ENL;Imóvel Selado;Enlevo
ENL0060029C;ENL;Imóvel Selado;Enlevo
ENL0060030A;ENL;Imóvel Selado;Enlevo
ENL0060031A;ENL;Imóvel Selado;Enlevo
ENL0060032A;ENL;Imóvel Selado;Enlevo
ENL0060033A;ENL;Imóvel Selado;Enlevo
ENL0060034A;ENL;Imóvel Selado;Enlevo
ENL0060034B;ENL;Imóvel Selado;Enlevo
ENL0060035A;ENL;Imóvel Selado;Enlevo
ENL0060035B;ENL;Imóvel Selado;Enlevo
ENL0060036A;ENL;Imóvel Selado;Enlevo
ENL0060036B;ENL;Imóvel Selado;Enlevo
ENL0060037A;ENL;Imóvel Selado;Enlevo
ENL0060037B;ENL;Imóvel Selado;Enlevo
ENL0060038A;ENL;Imóvel Selado;Enlevo
ENL0060039A;ENL;Imóvel Selado;Enlevo
ENL0060039B;ENL;Imóvel Selado;Enlevo
ENL0060040A;ENL;Imóvel Selado;Enlevo
ENL0060041A;ENL;Imóvel Selado;Enlevo
ENL0060042A;ENL;Imóvel Selado;Enlevo
ENL0060043A;ENL;Imóvel Selado;Enlevo
ENL0060044A;ENL;Imóvel Selado;Enlevo
ENL0060045A;ENL;Imóvel Selado;Enlevo
ENL0060046A;ENL;Imóvel Selado;Enlevo
ENL0060047A;ENL;Imóvel Selado;Enlevo
ENL0060048A;ENL;Imóvel Selado;Enlevo
ENL0060049A;ENL;Imóvel Selado;Enlevo
ENL0060050A;ENL;Imóvel Selado;Enlevo
ENL0060050B;ENL;Imóvel Selado;Enlevo
ENL0060051A;ENL;Imóvel Selado;Enlevo
ENL0060052A;ENL;Imóvel Selado;Enlevo
ENL0060053A;ENL;Imóvel Selado;Enlevo
ENL0060054A;ENL;Imóvel Selado;Enlevo
ENL0060055A;ENL;Imóvel Selado;Enlevo
ENL0060056A;ENL;Imóvel Selado;Enlevo
ENL0060056B;ENL;Imóvel Selado;Enlevo
ENL0060057A;ENL;Imóvel Selado;Enlevo
ENL0060057B;ENL;Imóvel Selado;Enlevo
ENL0060058A;ENL;Imóvel Selado;Enlevo
ENL0060059A;ENL;Imóvel Selado;Enlevo
ENL0060060A;ENL;Imóvel Selado;Enlevo
ENL0060061A;ENL;Imóvel Selado;Enlevo
ENL0070001A;ENL;Imóvel Selado;Enlevo
ENL0070002A;ENL;Imóvel Selado;Enlevo
ENL0070003A;ENL;Imóvel Selado;Enlevo
ENL0070003B;ENL;Imóvel Selado;Enlevo
ENL0070004A;ENL;Imóvel Selado;Enlevo
ENL0070005A;ENL;Imóvel Selado;Enlevo
ENL0070006A;ENL;Imóvel Selado;Enlevo
ENL0070007A;ENL;Imóvel Selado;Enlevo
ENL0070007B;ENL;Imóvel Selado;Enlevo
ENL0070008A;ENL;Imóvel Selado;Enlevo
ENL0070008B;ENL;Imóvel Selado;Enlevo
ENL0070009A;ENL;Imóvel Selado;Enlevo
ENL0070010A;ENL;Imóvel Selado;Enlevo
ENL0080001A;ENL;Imóvel Selado;Enlevo
ENL0080002A;ENL;Imóvel Selado;Enlevo
ENL0080003A;ENL;Imóvel Selado;Enlevo
ENL0080004A;ENL;Imóvel Selado;Enlevo
ENL0080004B;ENL;Imóvel Selado;Enlevo
ENL0080004C;ENL;Imóvel Selado;Enlevo
ENL0080005A;ENL;Imóvel Selado;Enlevo
ENL0080006A;ENL;Imóvel Selado;Enlevo
ENL0080007A;ENL;Imóvel Selado;Enlevo
ENL0080007B;ENL;Imóvel Selado;Enlevo
ENL0080008A;ENL;Imóvel Selado;Enlevo
ENL0080008B;ENL;Imóvel Selado;Enlevo
ENL0080009A;ENL;Imóvel Selado;Enlevo
ENL0080009B;ENL;Imóvel Selado;Enlevo
ENL0080009C;ENL;Imóvel Selado;Enlevo
ENL0080010A;ENL;Imóvel Selado;Enlevo
ENL0080010B;ENL;Imóvel Selado;Enlevo
ENL0080011A;ENL;Imóvel Selado;Enlevo
ENL0080012A;ENL;Imóvel Selado;Enlevo
ENL0080013A;ENL;Imóvel Selado;Enlevo
ENL0080014A;ENL;Imóvel Selado;Enlevo
ENL0080015A;ENL;Imóvel Selado;Enlevo
ENL0080015B;ENL;Imóvel Selado;Enlevo
ENL0080016A;ENL;Imóvel Selado;Enlevo
ENL0080016B;ENL;Imóvel Selado;Enlevo
ENL0080016C;ENL;Imóvel Selado;Enlevo
ENL0080016D;ENL;Imóvel Selado;Enlevo
ENL0080017A;ENL;Imóvel Selado;Enlevo
ENL0080017B;ENL;Imóvel Selado;Enlevo
ENL0080018A;ENL;Imóvel Selado;Enlevo
ENL0080018B;ENL;Imóvel Selado;Enlevo
ENL0080018C;ENL;Imóvel Selado;Enlevo
ENL0080019A;ENL;Imóvel Selado;Enlevo
ENL0080019B;ENL;Imóvel Selado;Enlevo
ENL0080019C;ENL;Imóvel Selado;Enlevo
ENL0080019D;ENL;Imóvel Selado;Enlevo
ENL0080020A;ENL;Imóvel Selado;Enlevo
ENL0080021A;ENL;Imóvel Selado;Enlevo
ENL0080021B;ENL;Imóvel Selado;Enlevo
ENL0080022A;ENL;Imóvel Selado;Enlevo
ENL0080023A;ENL;Imóvel Selado;Enlevo
ENL0090001A;ENL;Imóvel Selado;Enlevo
ENL0090002A;ENL;Imóvel Selado;Enlevo
ENL0090003A;ENL;Imóvel Selado;Enlevo
ENL0090004A;ENL;Imóvel Selado;Enlevo
ENL0090004B;ENL;Imóvel Selado;Enlevo
ENL0090005A;ENL;Imóvel Selado;Enlevo
ENL0090006A;ENL;Imóvel Selado;Enlevo
ENL0090007A;ENL;Imóvel Selado;Enlevo
ENL0090007B;ENL;Imóvel Selado;Enlevo
ENL0090007C;ENL;Imóvel Selado;Enlevo
ENL0090008A;ENL;Imóvel Selado;Enlevo
ENL0090009A;ENL;Imóvel Selado;Enlevo
ENL0090009B;ENL;Imóvel Selado;Enlevo
ENL0090009C;ENL;Imóvel Selado;Enlevo
ENL0090010A;ENL;Imóvel Selado;Enlevo
ENL0090010B;ENL;Imóvel Selado;Enlevo
ENL0090011A;ENL;Imóvel Selado;Enlevo
ENL0090011B;ENL;Imóvel Selado;Enlevo
ENL0090011C;ENL;Imóvel Selado;Enlevo
ENL0090012A;ENL;Imóvel Selado;Enlevo
ENL0090012B;ENL;Imóvel Selado;Enlevo
ENL0090013A;ENL;Imóvel Selado;Enlevo
ENL0090014A;ENL;Imóvel Selado;Enlevo
ENL0090014B;ENL;Imóvel Selado;Enlevo
ENL0090015A;ENL;Imóvel Selado;Enlevo
ENL0090015B;ENL;Imóvel Selado;Enlevo
ENL0090015C;ENL;Imóvel Selado;Enlevo
ENL0090016A;ENL;Imóvel Selado;Enlevo
ENL0090017A;ENL;Imóvel Selado;Enlevo
ENL0090018A;ENL;Imóvel Selado;Enlevo
ENL0090019A;ENL;Imóvel Selado;Enlevo
ENL0090020A;ENL;Imóvel Selado;Enlevo
ENL0090021A;ENL;Imóvel Selado;Enlevo
ENL0090022A;ENL;Imóvel Selado;Enlevo
ENL0090023A;ENL;Imóvel Selado;Enlevo
ENL0090024A;ENL;Imóvel Selado;Enlevo
ENL0090025A;ENL;Imóvel Selado;Enlevo
ENL0090026A;ENL;Imóvel Selado;Enlevo
ENL0090027A;ENL;Imóvel Selado;Enlevo
ENL0090028A;ENL;Imóvel Selado;Enlevo
ENL0090028B;ENL;Imóvel Selado;Enlevo
ENL0090029A;ENL;Imóvel Selado;Enlevo
ENL0090030A;ENL;Imóvel Selado;Enlevo
ENL0090030B;ENL;Imóvel Selado;Enlevo
ENL0090031A;ENL;Imóvel Selado;Enlevo
ENL0090032A;ENL;Imóvel Selado;Enlevo
ENL0090032B;ENL;Imóvel Selado;Enlevo
ENL0090032C;ENL;Imóvel Selado;Enlevo
ENL0090033A;ENL;Imóvel Selado;Enlevo
ENL0090033B;ENL;Imóvel Selado;Enlevo
ENL0090034A;ENL;Imóvel Selado;Enlevo
ENL0090035A;ENL;Imóvel Selado;Enlevo
ENL0090035B;ENL;Imóvel Selado;Enlevo
ENL0090035C;ENL;Imóvel Selado;Enlevo
ENL0090036A;ENL;Imóvel Selado;Enlevo
ENL0090036B;ENL;Imóvel Selado;Enlevo
ENL0090036C;ENL;Imóvel Selado;Enlevo
ENL0090037A;ENL;Imóvel Selado;Enlevo
ENL0090038A;ENL;Imóvel Selado;Enlevo
ENL0090038B;ENL;Imóvel Selado;Enlevo
ENL0090039A;ENL;Imóvel Selado;Enlevo
ENL0090040A;ENL;Imóvel Selado;Enlevo
ENL0090041A;ENL;Imóvel Selado;Enlevo
ENL0090041B;ENL;Imóvel Selado;Enlevo
ENL0090042A;ENL;Imóvel Selado;Enlevo
ENL0090043A;ENL;Imóvel Selado;Enlevo
ENL0090044A;ENL;Imóvel Selado;Enlevo
ENL0090045A;ENL;Imóvel Selado;Enlevo
ENL0090045B;ENL;Imóvel Selado;Enlevo
ENL0090046A;ENL;Imóvel Selado;Enlevo
ENL0090047A;ENL;Imóvel Selado;Enlevo
ENL0090048A;ENL;Imóvel Selado;Enlevo
ENL0090048B;ENL;Imóvel Selado;Enlevo
ENL0090049A;ENL;Imóvel Selado;Enlevo
ENL0090049B;ENL;Imóvel Selado;Enlevo
ENL0090049C;ENL;Imóvel Selado;Enlevo
ENL0090050A;ENL;Imóvel Selado;Enlevo
ENL0090051A;ENL;Imóvel Selado;Enlevo
ENL0090051B;ENL;Imóvel Selado;Enlevo
ENL0100001A;ENL;Imóvel Selado;Enlevo
ENL0100002A;ENL;Imóvel Selado;Enlevo
ENL0100003A;ENL;Imóvel Selado;Enlevo
ENL0100004A;ENL;Imóvel Selado;Enlevo
ENL0100005A;ENL;Imóvel Selado;Enlevo
ENL0100006A;ENL;Imóvel Selado;Enlevo
ENL0100006B;ENL;Imóvel Selado;Enlevo
ENL0100007A;ENL;Imóvel Selado;Enlevo
ENL0100008A;ENL;Imóvel Selado;Enlevo
ENL0100008B;ENL;Imóvel Selado;Enlevo
ENL0100009A;ENL;Imóvel Selado;Enlevo
ENL0100010A;ENL;Imóvel Selado;Enlevo
ENL0100011A;ENL;Imóvel Selado;Enlevo
ENL0100011B;ENL;Imóvel Selado;Enlevo
ENL0100012A;ENL;Imóvel Selado;Enlevo
ENL0100013A;ENL;Imóvel Selado;Enlevo
ENL0100013B;ENL;Imóvel Selado;Enlevo
ENL0100014A;ENL;Imóvel Selado;Enlevo
ENL0100015A;ENL;Imóvel Selado;Enlevo
ENL0100016A;ENL;Imóvel Selado;Enlevo
ENL0100017A;ENL;Imóvel Selado;Enlevo
ENL0100018A;ENL;Imóvel Selado;Enlevo
ENL0100019A;ENL;Imóvel Selado;Enlevo
ENL0100019B;ENL;Imóvel Selado;Enlevo
ENL0100019C;ENL;Imóvel Selado;Enlevo
ENL0100019D;ENL;Imóvel Selado;Enlevo
ENL0100019E;ENL;Imóvel Selado;Enlevo
ENL0100019F;ENL;Imóvel Selado;Enlevo
ENL0100019G;ENL;Imóvel Selado;Enlevo
ENL0100019H;ENL;Imóvel Selado;Enlevo
ENL0100020A;ENL;Imóvel Selado;Enlevo
ENL0100020B;ENL;Imóvel Selado;Enlevo
ENL0100021A;ENL;Imóvel Selado;Enlevo
ENL0100021B;ENL;Imóvel Selado;Enlevo
ENL0100022A;ENL;Imóvel Selado;Enlevo
ENL0100022B;ENL;Imóvel Selado;Enlevo
ENL0100022C;ENL;Imóvel Selado;Enlevo
ENL0100022D;ENL;Imóvel Selado;Enlevo
ENL0100023A;ENL;Imóvel Selado;Enlevo
ENL0100023B;ENL;Imóvel Selado;Enlevo
ENL0100023C;ENL;Imóvel Selado;Enlevo
ENL0100023D;ENL;Imóvel Selado;Enlevo
ENL0100023E;ENL;Imóvel Selado;Enlevo
ENL0100024A;ENL;Imóvel Selado;Enlevo
ENL0100025A;ENL;Imóvel Selado;Enlevo
ENL0100026A;ENL;Imóvel Selado;Enlevo
ENL0100027A;ENL;Imóvel Selado;Enlevo
ENL0100028A;ENL;Imóvel Selado;Enlevo
ENL0100029A;ENL;Imóvel Selado;Enlevo
ENL0100029B;ENL;Imóvel Selado;Enlevo
ENL0100030A;ENL;Imóvel Selado;Enlevo
ENL0100031A;ENL;Imóvel Selado;Enlevo
ENL0110001A;ENL;Imóvel Selado;Enlevo
ENL0110002A;ENL;Imóvel Selado;Enlevo
ENL0110003A;ENL;Imóvel Selado;Enlevo
ENL0110004A;ENL;Imóvel Selado;Enlevo
ENL0110005A;ENL;Imóvel Selado;Enlevo
ENL0110006A;ENL;Imóvel Selado;Enlevo
ENL0110007A;ENL;Imóvel Selado;Enlevo
ENL0110007B;ENL;Imóvel Selado;Enlevo
ENL0110007C;ENL;Imóvel Selado;Enlevo
ENL0110008A;ENL;Imóvel Selado;Enlevo
ENL0110009A;ENL;Imóvel Selado;Enlevo
ENL0110010A;ENL;Imóvel Selado;Enlevo
ENL0110010B;ENL;Imóvel Selado;Enlevo
ENL0110011A;ENL;Imóvel Selado;Enlevo
ENL0110012A;ENL;Imóvel Selado;Enlevo
ENL0110013A;ENL;Imóvel Selado;Enlevo
ENL0110014A;ENL;Imóvel Selado;Enlevo
ENL0110014B;ENL;Imóvel Selado;Enlevo
ENL0110014C;ENL;Imóvel Selado;Enlevo
ENL0110014D;ENL;Imóvel Selado;Enlevo
ENL0110015A;ENL;Imóvel Selado;Enlevo
ENL0110016A;ENL;Imóvel Selado;Enlevo
ENL0110016B;ENL;Imóvel Selado;Enlevo
ENL0110016C;ENL;Imóvel Selado;Enlevo
ENL0110016D;ENL;Imóvel Selado;Enlevo
ENL0110016E;ENL;Imóvel Selado;Enlevo
ENL0110017A;ENL;Imóvel Selado;Enlevo
ENL0110018A;ENL;Imóvel Selado;Enlevo
ENL0110019A;ENL;Imóvel Selado;Enlevo
ENL0110020A;ENL;Imóvel Selado;Enlevo
ENL0110020B;ENL;Imóvel Selado;Enlevo
ENL0110020C;ENL;Imóvel Selado;Enlevo
ENL0110020D;ENL;Imóvel Selado;Enlevo
ENL0110020E;ENL;Imóvel Selado;Enlevo
ENL0110021A;ENL;Imóvel Selado;Enlevo
ENL0110022A;ENL;Imóvel Selado;Enlevo
ENL0110023A;ENL;Imóvel Selado;Enlevo
ENL0110024A;ENL;Imóvel Selado;Enlevo
ENL0110025A;ENL;Imóvel Selado;Enlevo
ENL0110026A;ENL;Imóvel Selado;Enlevo
ENL0110026B;ENL;Imóvel Selado;Enlevo
ENL0110027A;ENL;Imóvel Selado;Enlevo
ENL0110028A;ENL;Imóvel Selado;Enlevo
ENL0110029A;ENL;Imóvel Selado;Enlevo
ENL0110030A;ENL;Imóvel Selado;Enlevo
ENL0110031A;ENL;Imóvel Selado;Enlevo
ENL0110031B;ENL;Imóvel Selado;Enlevo
ENL0110032A;ENL;Imóvel Selado;Enlevo
ENL0110033A;ENL;Imóvel Selado;Enlevo
ENL0110034A;ENL;Imóvel Selado;Enlevo
ENL0110035A;ENL;Imóvel Selado;Enlevo
ENL0110036A;ENL;Imóvel Selado;Enlevo
ENL0110036B;ENL;Imóvel Selado;Enlevo
ENL0110036C;ENL;Imóvel Selado;Enlevo
ENL0110036D;ENL;Imóvel Selado;Enlevo
ENL0110037A;ENL;Imóvel Selado;Enlevo
ENL0110038A;ENL;Imóvel Selado;Enlevo
ENL0110039A;ENL;Imóvel Selado;Enlevo
ENL0110040A;ENL;Imóvel Selado;Enlevo
ENL0110041A;ENL;Imóvel Selado;Enlevo
ENL0110042A;ENL;Imóvel Selado;Enlevo
ENL0110043A;ENL;Imóvel Selado;Enlevo
ENL0110044A;ENL;Imóvel Selado;Enlevo
ENL0110045A;ENL;Imóvel Selado;Enlevo
ENL0110046A;ENL;Imóvel Selado;Enlevo
ENL0110046B;ENL;Imóvel Selado;Enlevo
ENL0110047A;ENL;Imóvel Selado;Enlevo
ENL0110048A;ENL;Imóvel Selado;Enlevo
ENL0110048B;ENL;Imóvel Selado;Enlevo
ENL0110049A;ENL;Imóvel Selado;Enlevo
ENL0110050A;ENL;Imóvel Selado;Enlevo
ENL0110051A;ENL;Imóvel Selado;Enlevo
ENL0110052A;ENL;Imóvel Selado;Enlevo
ENL0110053A;ENL;Imóvel Selado;Enlevo
ENL0120001A;ENL;Imóvel Selado;Enlevo
ENL0120002A;ENL;Imóvel Selado;Enlevo
ENL0120002B;ENL;Imóvel Selado;Enlevo
ENL0120003A;ENL;Imóvel Selado;Enlevo
ENL0120003B;ENL;Imóvel Selado;Enlevo
ENL0120003C;ENL;Imóvel Selado;Enlevo
ENL0120003D;ENL;Imóvel Selado;Enlevo
ENL0120004A;ENL;Imóvel Selado;Enlevo
ENL0120005A;ENL;Imóvel Selado;Enlevo
ENL0120006A;ENL;Imóvel Selado;Enlevo
ENL0120007A;ENL;Imóvel Selado;Enlevo
ENL0120008A;ENL;Imóvel Selado;Enlevo
ENL0120009A;ENL;Imóvel Selado;Enlevo
ENL0120009B;ENL;Imóvel Selado;Enlevo
ENL0120009C;ENL;Imóvel Selado;Enlevo
ENL0120010A;ENL;Imóvel Selado;Enlevo
ENL0120011A;ENL;Imóvel Selado;Enlevo
ENL0120011B;ENL;Imóvel Selado;Enlevo
ENL0120011C;ENL;Imóvel Selado;Enlevo
ENL0120011D;ENL;Imóvel Selado;Enlevo
ENL0120011E;ENL;Imóvel Selado;Enlevo
ENL0120011F;ENL;Imóvel Selado;Enlevo
ENL0120011G;ENL;Imóvel Selado;Enlevo
ENL0120011H;ENL;Imóvel Selado;Enlevo
ENL0120012A;ENL;Imóvel Selado;Enlevo
ENL0120013A;ENL;Imóvel Selado;Enlevo
ENL0120013B;ENL;Imóvel Selado;Enlevo
ENL0120013C;ENL;Imóvel Selado;Enlevo
ENL0120013D;ENL;Imóvel Selado;Enlevo
ENL0120013E;ENL;Imóvel Selado;Enlevo
ENL0120014A;ENL;Imóvel Selado;Enlevo
ENL0120014B;ENL;Imóvel Selado;Enlevo
ENL0120014C;ENL;Imóvel Selado;Enlevo
ENL0120014D;ENL;Imóvel Selado;Enlevo
ENL0120014E;ENL;Imóvel Selado;Enlevo
ENL0120014F;ENL;Imóvel Selado;Enlevo
ENL0120015A;ENL;Imóvel Selado;Enlevo
ENL0120015B;ENL;Imóvel Selado;Enlevo
ENL0120015C;ENL;Imóvel Selado;Enlevo
ENL0120015D;ENL;Imóvel Selado;Enlevo
ENL0120016A;ENL;Imóvel Selado;Enlevo
ENL0120016B;ENL;Imóvel Selado;Enlevo
ENL0120017A;ENL;Imóvel Selado;Enlevo
ENL0120017B;ENL;Imóvel Selado;Enlevo
ENL0120018A;ENL;Imóvel Selado;Enlevo
ENL0120018B;ENL;Imóvel Selado;Enlevo
ENL0120019A;ENL;Imóvel Selado;Enlevo
ENL0120019B;ENL;Imóvel Selado;Enlevo
ENL0120019C;ENL;Imóvel Selado;Enlevo
ENL0120019D;ENL;Imóvel Selado;Enlevo
ENL0120020A;ENL;Imóvel Selado;Enlevo
ENL0120020B;ENL;Imóvel Selado;Enlevo
ENL0120021A;ENL;Imóvel Selado;Enlevo
ENL0120021B;ENL;Imóvel Selado;Enlevo
ENL0120021C;ENL;Imóvel Selado;Enlevo
ENL0120021D;ENL;Imóvel Selado;Enlevo
ENL0120021E;ENL;Imóvel Selado;Enlevo
ENL0120021F;ENL;Imóvel Selado;Enlevo
ENL0120021G;ENL;Imóvel Selado;Enlevo
ENL0120022A;ENL;Imóvel Selado;Enlevo
ENL0120022B;ENL;Imóvel Selado;Enlevo
ENL0120023A;ENL;Imóvel Selado;Enlevo
ENL0120024A;ENL;Imóvel Selado;Enlevo
ENL0120025A;ENL;Imóvel Selado;Enlevo
ENL0120025B;ENL;Imóvel Selado;Enlevo
ENL0120026A;ENL;Imóvel Selado;Enlevo
ENL0120027A;ENL;Imóvel Selado;Enlevo
ENL0120027B;ENL;Imóvel Selado;Enlevo
ENL0120028A;ENL;Imóvel Selado;Enlevo
ENL0120028B;ENL;Imóvel Selado;Enlevo
ENL0120028C;ENL;Imóvel Selado;Enlevo
ENL0120028D;ENL;Imóvel Selado;Enlevo
ENL0120028E;ENL;Imóvel Selado;Enlevo
ENL0120029A;ENL;Imóvel Selado;Enlevo
ENL0120029B;ENL;Imóvel Selado;Enlevo
ENL0120029C;ENL;Imóvel Selado;Enlevo
ENL0120029D;ENL;Imóvel Selado;Enlevo
ENL0120029E;ENL;Imóvel Selado;Enlevo
ENL0120030A;ENL;Imóvel Selado;Enlevo
ENL0120030B;ENL;Imóvel Selado;Enlevo
ENL0120030C;ENL;Imóvel Selado;Enlevo
ENL0120031A;ENL;Imóvel Selado;Enlevo
ENL0120031B;ENL;Imóvel Selado;Enlevo
ENL0120032A;ENL;Imóvel Selado;Enlevo
ENL0120032B;ENL;Imóvel Selado;Enlevo
ENL0120033A;ENL;Imóvel Selado;Enlevo
ENL0120033B;ENL;Imóvel Selado;Enlevo
ENL0120033C;ENL;Imóvel Selado;Enlevo
ENL0120034A;ENL;Imóvel Selado;Enlevo
ENL0120034B;ENL;Imóvel Selado;Enlevo
ENL0120035A;ENL;Imóvel Selado;Enlevo
ENL0120035B;ENL;Imóvel Selado;Enlevo
ENL0120036A;ENL;Imóvel Selado;Enlevo
ENL0120036B;ENL;Imóvel Selado;Enlevo
ENL0120037A;ENL;Imóvel Selado;Enlevo
ENL0120037B;ENL;Imóvel Selado;Enlevo
ENL0120037C;ENL;Imóvel Selado;Enlevo
ENL0120038A;ENL;Imóvel Selado;Enlevo
ENL0120038B;ENL;Imóvel Selado;Enlevo
ENL0120039A;ENL;Imóvel Selado;Enlevo
ENL0120039B;ENL;Imóvel Selado;Enlevo
ENL0120039C;ENL;Imóvel Selado;Enlevo
ENL0120039D;ENL;Imóvel Selado;Enlevo
ENL0120039E;ENL;Imóvel Selado;Enlevo
ENL0120040A;ENL;Imóvel Selado;Enlevo
ENL0120041A;ENL;Imóvel Selado;Enlevo
ENL0120042A;ENL;Imóvel Selado;Enlevo
ENL0120042B;ENL;Imóvel Selado;Enlevo
ENL0120042C;ENL;Imóvel Selado;Enlevo
ENL0120042D;ENL;Imóvel Selado;Enlevo
ENL0120043A;ENL;Imóvel Selado;Enlevo
ENL0120044A;ENL;Imóvel Selado;Enlevo
ENL0120044B;ENL;Imóvel Selado;Enlevo
ENL0120044C;ENL;Imóvel Selado;Enlevo
ENL0120044D;ENL;Imóvel Selado;Enlevo
ENL0120044E;ENL;Imóvel Selado;Enlevo
ENL0120045A;ENL;Imóvel Selado;Enlevo
ENL0120045B;ENL;Imóvel Selado;Enlevo
ENL0120045C;ENL;Imóvel Selado;Enlevo
ENL0120045D;ENL;Imóvel Selado;Enlevo
ENL0120045E;ENL;Imóvel Selado;Enlevo
ENL0120045F;ENL;Imóvel Selado;Enlevo
ENL0120045G;ENL;Imóvel Selado;Enlevo
ENL0120045H;ENL;Imóvel Selado;Enlevo
ENL0120046A;ENL;Imóvel Selado;Enlevo
ENL0120046B;ENL;Imóvel Selado;Enlevo
ENL0120047A;ENL;Imóvel Selado;Enlevo
ENL0120048A;ENL;Imóvel Selado;Enlevo
ENL0120049A;ENL;Imóvel Selado;Enlevo
ENL0120049B;ENL;Imóvel Selado;Enlevo
ENL0120049C;ENL;Imóvel Selado;Enlevo
ENL0120049D;ENL;Imóvel Selado;Enlevo
ENL0120050A;ENL;Imóvel Selado;Enlevo
ENL0120050B;ENL;Imóvel Selado;Enlevo
ENL0120050C;ENL;Imóvel Selado;Enlevo
ENL0120050D;ENL;Imóvel Selado;Enlevo
ENL0120050E;ENL;Imóvel Selado;Enlevo
ENL0120051A;ENL;Imóvel Selado;Enlevo
ENL0120051B;ENL;Imóvel Selado;Enlevo
ENL0120052A;ENL;Imóvel Selado;Enlevo
ENL0120053A;ENL;Imóvel Selado;Enlevo
ENL0120053B;ENL;Imóvel Selado;Enlevo
ENL0120054A;ENL;Imóvel Selado;Enlevo
ENL0120054B;ENL;Imóvel Selado;Enlevo
ENL0120054C;ENL;Imóvel Selado;Enlevo
ENL0120055A;ENL;Imóvel Selado;Enlevo
ENL0130001A;ENL;Imóvel Selado;Enlevo
ENL0130002A;ENL;Imóvel Selado;Enlevo
ENL0130002B;ENL;Imóvel Selado;Enlevo
ENL0130003A;ENL;Imóvel Selado;Enlevo
ENL0130003B;ENL;Imóvel Selado;Enlevo
ENL0130003C;ENL;Imóvel Selado;Enlevo
ENL0130004A;ENL;Imóvel Selado;Enlevo
ENL0130004B;ENL;Imóvel Selado;Enlevo
ENL0130004C;ENL;Imóvel Selado;Enlevo
ENL0130004D;ENL;Imóvel Selado;Enlevo
ENL0130005A;ENL;Imóvel Selado;Enlevo
ENL0130006A;ENL;Imóvel Selado;Enlevo
ENL0130007A;ENL;Imóvel Selado;Enlevo
ENL0130008A;ENL;Imóvel Selado;Enlevo
ENL0130008B;ENL;Imóvel Selado;Enlevo
ENL0130008C;ENL;Imóvel Selado;Enlevo
ENL0130009A;ENL;Imóvel Selado;Enlevo
ENL0130010A;ENL;Imóvel Selado;Enlevo
ENL0130011A;ENL;Imóvel Selado;Enlevo
ENL0130012A;ENL;Imóvel Selado;Enlevo
ENL0130012B;ENL;Imóvel Selado;Enlevo
ENL0130012C;ENL;Imóvel Selado;Enlevo
ENL0130012D;ENL;Imóvel Selado;Enlevo
ENL0130013A;ENL;Imóvel Selado;Enlevo
ENL0130014A;ENL;Imóvel Selado;Enlevo
ENL0130015A;ENL;Imóvel Selado;Enlevo
ENL0130016A;ENL;Imóvel Selado;Enlevo
ENL0130017A;ENL;Imóvel Selado;Enlevo
ENL0130018A;ENL;Imóvel Selado;Enlevo
ENL0130019A;ENL;Imóvel Selado;Enlevo
ENL0130019B;ENL;Imóvel Selado;Enlevo
ENL0130019C;ENL;Imóvel Selado;Enlevo
ENL0130019D;ENL;Imóvel Selado;Enlevo
ENL0130020A;ENL;Imóvel Selado;Enlevo
ENL0130020B;ENL;Imóvel Selado;Enlevo
ENL0130020C;ENL;Imóvel Selado;Enlevo
ENL0130020D;ENL;Imóvel Selado;Enlevo
ENL0130021A;ENL;Imóvel Selado;Enlevo
ENL0130022A;ENL;Imóvel Selado;Enlevo
ENL0130023A;ENL;Imóvel Selado;Enlevo
ENL0130024A;ENL;Imóvel Selado;Enlevo
ENL0130024B;ENL;Imóvel Selado;Enlevo
ENL0130024C;ENL;Imóvel Selado;Enlevo
ENL0130025A;ENL;Imóvel Selado;Enlevo
ENL0130026A;ENL;Imóvel Selado;Enlevo
ENL0130027A;ENL;Imóvel Selado;Enlevo
ENL0130028A;ENL;Imóvel Selado;Enlevo
ENL0130029A;ENL;Imóvel Selado;Enlevo
ENL0130029B;ENL;Imóvel Selado;Enlevo
ENL0130029C;ENL;Imóvel Selado;Enlevo
ENL0130029D;ENL;Imóvel Selado;Enlevo
ENL0130029E;ENL;Imóvel Selado;Enlevo
ENL0130029F;ENL;Imóvel Selado;Enlevo
ENL0130030A;ENL;Imóvel Selado;Enlevo
ENL0130030B;ENL;Imóvel Selado;Enlevo
ENL0130030C;ENL;Imóvel Selado;Enlevo
ENL0130031A;ENL;Imóvel Selado;Enlevo
ENL0130032A;ENL;Imóvel Selado;Enlevo
ENL0130033A;ENL;Imóvel Selado;Enlevo
ENL0130033B;ENL;Imóvel Selado;Enlevo
ENL0130033C;ENL;Imóvel Selado;Enlevo
ENL0130033D;ENL;Imóvel Selado;Enlevo
ENL0130034A;ENL;Imóvel Selado;Enlevo
ENL0130035A;ENL;Imóvel Selado;Enlevo
ENL0130035B;ENL;Imóvel Selado;Enlevo
ENL0130036A;ENL;Imóvel Selado;Enlevo
ENL0130037A;ENL;Imóvel Selado;Enlevo
ENL0130037B;ENL;Imóvel Selado;Enlevo
ENL0130038A;ENL;Imóvel Selado;Enlevo
ENL0130039A;ENL;Imóvel Selado;Enlevo
ENL0130039B;ENL;Imóvel Selado;Enlevo
ENL0130040A;ENL;Imóvel Selado;Enlevo
ENL0130041A;ENL;Imóvel Selado;Enlevo
ENL0130042A;ENL;Imóvel Selado;Enlevo
ENL0130043A;ENL;Imóvel Selado;Enlevo
ENL0130044A;ENL;Imóvel Selado;Enlevo
ENL0130045A;ENL;Imóvel Selado;Enlevo
ENL0130046A;ENL;Imóvel Selado;Enlevo
ENL0130046B;ENL;Imóvel Selado;Enlevo
ENL0130046C;ENL;Imóvel Selado;Enlevo
ENL0130047A;ENL;Imóvel Selado;Enlevo
ENL0130048A;ENL;Imóvel Selado;Enlevo
ENL0130049A;ENL;Imóvel Selado;Enlevo
ENL0130050A;ENL;Imóvel Selado;Enlevo
ENL0130051A;ENL;Imóvel Selado;Enlevo
ENL0130051B;ENL;Imóvel Selado;Enlevo
ENL0130051C;ENL;Imóvel Selado;Enlevo
ENL0130051D;ENL;Imóvel Selado;Enlevo
ENL0130051E;ENL;Imóvel Selado;Enlevo
ENL0130052A;ENL;Imóvel Selado;Enlevo
ENL0130053A;ENL;Imóvel Selado;Enlevo
ENL0130053B;ENL;Imóvel Selado;Enlevo
ENL0130053C;ENL;Imóvel Selado;Enlevo
ENL0130054A;ENL;Imóvel Selado;Enlevo
ENL0130055A;ENL;Imóvel Selado;Enlevo
ENL0130056A;ENL;Imóvel Selado;Enlevo
ENL0130056B;ENL;Imóvel Selado;Enlevo
ENL0130056C;ENL;Imóvel Selado;Enlevo
ENL0130057A;ENL;Imóvel Selado;Enlevo
ENL0130058A;ENL;Imóvel Selado;Enlevo
ENL0130058B;ENL;Imóvel Selado;Enlevo
ENL0130058C;ENL;Imóvel Selado;Enlevo
ENL0130058D;ENL;Imóvel Selado;Enlevo
ENL0130058E;ENL;Imóvel Selado;Enlevo
ENL0130058F;ENL;Imóvel Selado;Enlevo
ENL0130059A;ENL;Imóvel Selado;Enlevo
ENL0130060A;ENL;Imóvel Selado;Enlevo
ENL0130060B;ENL;Imóvel Selado;Enlevo
ENL0130060C;ENL;Imóvel Selado;Enlevo
ENL0130061A;ENL;Imóvel Selado;Enlevo
ENL0130061B;ENL;Imóvel Selado;Enlevo
ENL0130061C;ENL;Imóvel Selado;Enlevo
ENL0130062A;ENL;Imóvel Selado;Enlevo
ENL0130062B;ENL;Imóvel Selado;Enlevo
ENL0130062C;ENL;Imóvel Selado;Enlevo
ENL0130063A;ENL;Imóvel Selado;Enlevo
ENL0130064A;ENL;Imóvel Selado;Enlevo
ENL0130064B;ENL;Imóvel Selado;Enlevo
ENL0130065A;ENL;Imóvel Selado;Enlevo
ENL0130065B;ENL;Imóvel Selado;Enlevo
ENL0130066A;ENL;Imóvel Selado;Enlevo
ENL0130066B;ENL;Imóvel Selado;Enlevo
ENL0130067A;ENL;Imóvel Selado;Enlevo
ENL0130067B;ENL;Imóvel Selado;Enlevo
ENL0130068A;ENL;Imóvel Selado;Enlevo
ENL0130068B;ENL;Imóvel Selado;Enlevo
ENL0130068C;ENL;Imóvel Selado;Enlevo
ENL0130068D;ENL;Imóvel Selado;Enlevo
ENL0130069A;ENL;Imóvel Selado;Enlevo
ENL0130069B;ENL;Imóvel Selado;Enlevo
ENL0130069C;ENL;Imóvel Selado;Enlevo
ENL0130069D;ENL;Imóvel Selado;Enlevo
ENL0130070A;ENL;Imóvel Selado;Enlevo
ENL0130070B;ENL;Imóvel Selado;Enlevo
ENL0130071A;ENL;Imóvel Selado;Enlevo
ENL0130071B;ENL;Imóvel Selado;Enlevo
ENL0130072A;ENL;Imóvel Selado;Enlevo
ENL0130072B;ENL;Imóvel Selado;Enlevo
ENL0130072C;ENL;Imóvel Selado;Enlevo
ENL0140001A;ENL;Imóvel Selado;Enlevo
ENL0140001B;ENL;Imóvel Selado;Enlevo
ENL0140001C;ENL;Imóvel Selado;Enlevo
ENL0140002A;ENL;Imóvel Selado;Enlevo
ENL0140003A;ENL;Imóvel Selado;Enlevo
ENL0140003B;ENL;Imóvel Selado;Enlevo
ENL0140003C;ENL;Imóvel Selado;Enlevo
ENL0140003D;ENL;Imóvel Selado;Enlevo
ENL0140004A;ENL;Imóvel Selado;Enlevo
ENL0140004B;ENL;Imóvel Selado;Enlevo
ENL0140004C;ENL;Imóvel Selado;Enlevo
ENL0140005A;ENL;Imóvel Selado;Enlevo
ENL0140006A;ENL;Imóvel Selado;Enlevo
ENL0140006B;ENL;Imóvel Selado;Enlevo
ENL0140006C;ENL;Imóvel Selado;Enlevo
ENL0140007A;ENL;Imóvel Selado;Enlevo
ENL0140008A;ENL;Imóvel Selado;Enlevo
ENL0140008B;ENL;Imóvel Selado;Enlevo
ENL0140009A;ENL;Imóvel Selado;Enlevo
ENL0140010A;ENL;Imóvel Selado;Enlevo
ENL0140010B;ENL;Imóvel Selado;Enlevo
ENL0140011A;ENL;Imóvel Selado;Enlevo
ENL0140012A;ENL;Imóvel Selado;Enlevo
ENL0140012B;ENL;Imóvel Selado;Enlevo
ENL0140013A;ENL;Imóvel Selado;Enlevo
ENL0140014A;ENL;Imóvel Selado;Enlevo
ENL0140014B;ENL;Imóvel Selado;Enlevo
ENL0140015A;ENL;Imóvel Selado;Enlevo
ENL0140015B;ENL;Imóvel Selado;Enlevo
ENL0140015C;ENL;Imóvel Selado;Enlevo
ENL0140016A;ENL;Imóvel Selado;Enlevo
ENL0140016B;ENL;Imóvel Selado;Enlevo
ENL0140017A;ENL;Imóvel Selado;Enlevo
ENL0140017B;ENL;Imóvel Selado;Enlevo
ENL0140018A;ENL;Imóvel Selado;Enlevo
ENL0140019A;ENL;Imóvel Selado;Enlevo
ENL0140019B;ENL;Imóvel Selado;Enlevo
ENL0140019C;ENL;Imóvel Selado;Enlevo
ENL0140020A;ENL;Imóvel Selado;Enlevo
ENL0140021A;ENL;Imóvel Selado;Enlevo
ENL0140022A;ENL;Imóvel Selado;Enlevo
ENL0140023A;ENL;Imóvel Selado;Enlevo
ENL0140024A;ENL;Imóvel Selado;Enlevo
ENL0140024B;ENL;Imóvel Selado;Enlevo
ENL0140025A;ENL;Imóvel Selado;Enlevo
ENL0140026A;ENL;Imóvel Selado;Enlevo
ENL0140027A;ENL;Imóvel Selado;Enlevo
ENL0140027B;ENL;Imóvel Selado;Enlevo
ENL0140028A;ENL;Imóvel Selado;Enlevo
ENL0140028B;ENL;Imóvel Selado;Enlevo
ENL0140029A;ENL;Imóvel Selado;Enlevo
ENL0140030A;ENL;Imóvel Selado;Enlevo
ENL0140030B;ENL;Imóvel Selado;Enlevo
ENL0140030C;ENL;Imóvel Selado;Enlevo
ENL0140030D;ENL;Imóvel Selado;Enlevo
ENL0140030E;ENL;Imóvel Selado;Enlevo
ENL0140031A;ENL;Imóvel Selado;Enlevo
ENL0140031B;ENL;Imóvel Selado;Enlevo
ENL0140031C;ENL;Imóvel Selado;Enlevo
ENL0140032A;ENL;Imóvel Selado;Enlevo
ENL0140033A;ENL;Imóvel Selado;Enlevo
ENL0140033B;ENL;Imóvel Selado;Enlevo
ENL0140033C;ENL;Imóvel Selado;Enlevo
ENL0140033D;ENL;Imóvel Selado;Enlevo
ENL0140033E;ENL;Imóvel Selado;Enlevo
ENL0140034A;ENL;Imóvel Selado;Enlevo
ENL0140035A;ENL;Imóvel Selado;Enlevo
ENL0140036A;ENL;Imóvel Selado;Enlevo
ENL0140037A;ENL;Imóvel Selado;Enlevo
ENL0140038A;ENL;Imóvel Selado;Enlevo
ENL0140038B;ENL;Imóvel Selado;Enlevo
ENL0140039A;ENL;Imóvel Selado;Enlevo
ENL0140040A;ENL;Imóvel Selado;Enlevo
ENL0140041A;ENL;Imóvel Selado;Enlevo
ENL0140042A;ENL;Imóvel Selado;Enlevo
ENL0140043A;ENL;Imóvel Selado;Enlevo
ENL0140044A;ENL;Imóvel Selado;Enlevo
ENL0140045A;ENL;Imóvel Selado;Enlevo
ENL0140046A;ENL;Imóvel Selado;Enlevo
ENL0140046B;ENL;Imóvel Selado;Enlevo
ENL0140046C;ENL;Imóvel Selado;Enlevo
ENL0140047A;ENL;Imóvel Selado;Enlevo
ENL0150001A;ENL;Imóvel Selado;Enlevo
ENL0150002A;ENL;Imóvel Selado;Enlevo
ENL0150003A;ENL;Imóvel Selado;Enlevo
ENL0150004A;ENL;Imóvel Selado;Enlevo
ENL0150005A;ENL;Imóvel Selado;Enlevo
ENL0150006A;ENL;Imóvel Selado;Enlevo
ENL0150007A;ENL;Imóvel Selado;Enlevo
ENL0150007B;ENL;Imóvel Selado;Enlevo
ENL0150008A;ENL;Imóvel Selado;Enlevo
ENL0150009A;ENL;Imóvel Selado;Enlevo
ENL0150010A;ENL;Imóvel Selado;Enlevo
ENL0150010B;ENL;Imóvel Selado;Enlevo
ENL0150011A;ENL;Imóvel Selado;Enlevo
ENL0150011B;ENL;Imóvel Selado;Enlevo
ENL0150012A;ENL;Imóvel Selado;Enlevo
ENL0150013A;ENL;Imóvel Selado;Enlevo
ENL0150014A;ENL;Imóvel Selado;Enlevo
ENL0150015A;ENL;Imóvel Selado;Enlevo
ENL0150016A;ENL;Imóvel Selado;Enlevo
ENL0150017A;ENL;Imóvel Selado;Enlevo
ENL0150018A;ENL;Imóvel Selado;Enlevo
ENL0150019A;ENL;Imóvel Selado;Enlevo
ENL0150020A;ENL;Imóvel Selado;Enlevo
ENL0150021A;ENL;Imóvel Selado;Enlevo
ENL0150022A;ENL;Imóvel Selado;Enlevo
ENL0150023A;ENL;Imóvel Selado;Enlevo
ENL0150024A;ENL;Imóvel Selado;Enlevo
ENL0150024B;ENL;Imóvel Selado;Enlevo
ENL0150024C;ENL;Imóvel Selado;Enlevo
ENL0150025A;ENL;Imóvel Selado;Enlevo
ENL0150026A;ENL;Imóvel Selado;Enlevo
ENL0150027A;ENL;Imóvel Selado;Enlevo
ENL0150028A;ENL;Imóvel Selado;Enlevo
ENL0150028B;ENL;Imóvel Selado;Enlevo
ENL0150028C;ENL;Imóvel Selado;Enlevo
ENL0150029A;ENL;Imóvel Selado;Enlevo
ENL0150030A;ENL;Imóvel Selado;Enlevo
ENL0150031A;ENL;Imóvel Selado;Enlevo
ENL0150031B;ENL;Imóvel Selado;Enlevo
ENL0150032A;ENL;Imóvel Selado;Enlevo
ENL0150033A;ENL;Imóvel Selado;Enlevo
ENL0150033B;ENL;Imóvel Selado;Enlevo
ENL0150034A;ENL;Imóvel Selado;Enlevo
ENL0150035A;ENL;Imóvel Selado;Enlevo
ENL0150036A;ENL;Imóvel Selado;Enlevo
ENL0150036B;ENL;Imóvel Selado;Enlevo
ENL0150037A;ENL;Imóvel Selado;Enlevo
ENL0150038A;ENL;Imóvel Selado;Enlevo
ENL0150039A;ENL;Imóvel Selado;Enlevo
ENL0150039B;ENL;Imóvel Selado;Enlevo
ENL0160001A;ENL;Imóvel Selado;Enlevo
ENL0160002A;ENL;Imóvel Selado;Enlevo
ENL0160003A;ENL;Imóvel Selado;Enlevo
ENL0160004A;ENL;Imóvel Selado;Enlevo
ENL0160005A;ENL;Imóvel Selado;Enlevo
ENL0160005B;ENL;Imóvel Selado;Enlevo
ENL0160006A;ENL;Imóvel Selado;Enlevo
ENL0160006B;ENL;Imóvel Selado;Enlevo
ENL0160007A;ENL;Imóvel Selado;Enlevo
ENL0160007B;ENL;Imóvel Selado;Enlevo
ENL0160007C;ENL;Imóvel Selado;Enlevo
ENL0160007D;ENL;Imóvel Selado;Enlevo
ENL0160007E;ENL;Imóvel Selado;Enlevo
ENL0160007F;ENL;Imóvel Selado;Enlevo
ENL0160007G;ENL;Imóvel Selado;Enlevo
ENL0160007H;ENL;Imóvel Selado;Enlevo
ENL0160008A;ENL;Imóvel Selado;Enlevo
ENL0160008B;ENL;Imóvel Selado;Enlevo
ENL0160008C;ENL;Imóvel Selado;Enlevo
ENL0160008D;ENL;Imóvel Selado;Enlevo
ENL0160008E;ENL;Imóvel Selado;Enlevo
ENL0160009A;ENL;Imóvel Selado;Enlevo
ENL0160010A;ENL;Imóvel Selado;Enlevo
ENL0160011A;ENL;Imóvel Selado;Enlevo
ENL0160012A;ENL;Imóvel Selado;Enlevo
ENL0160012B;ENL;Imóvel Selado;Enlevo
ENL0160013A;ENL;Imóvel Selado;Enlevo
ENL0160014A;ENL;Imóvel Selado;Enlevo
ENL0160015A;ENL;Imóvel Selado;Enlevo
ENL0160016A;ENL;Imóvel Selado;Enlevo
ENL0160017A;ENL;Imóvel Selado;Enlevo
ENL0160018A;ENL;Imóvel Selado;Enlevo
ENL0160018B;ENL;Imóvel Selado;Enlevo
ENL0160019A;ENL;Imóvel Selado;Enlevo
ENL0160019B;ENL;Imóvel Selado;Enlevo
ENL0160020A;ENL;Imóvel Selado;Enlevo
ENL0160021A;ENL;Imóvel Selado;Enlevo
ENL0160022A;ENL;Imóvel Selado;Enlevo
ENL0160023A;ENL;Imóvel Selado;Enlevo
ENL0160024A;ENL;Imóvel Selado;Enlevo
ENL0160025A;ENL;Imóvel Selado;Enlevo
ENL0160025B;ENL;Imóvel Selado;Enlevo
ENL0160025C;ENL;Imóvel Selado;Enlevo
ENL0160026A;ENL;Imóvel Selado;Enlevo
ENL0160026B;ENL;Imóvel Selado;Enlevo
ENL0160027A;ENL;Imóvel Selado;Enlevo
ENL0160027B;ENL;Imóvel Selado;Enlevo
ENL0160028A;ENL;Imóvel Selado;Enlevo
ENL0160028B;ENL;Imóvel Selado;Enlevo
ENL0160029A;ENL;Imóvel Selado;Enlevo
ENL0160030A;ENL;Imóvel Selado;Enlevo
ENL0160030B;ENL;Imóvel Selado;Enlevo
ENL0160030C;ENL;Imóvel Selado;Enlevo
ENL0160030D;ENL;Imóvel Selado;Enlevo
ENL0160031A;ENL;Imóvel Selado;Enlevo
ENL0160031B;ENL;Imóvel Selado;Enlevo
ENL0160032A;ENL;Imóvel Selado;Enlevo
ENL0160033A;ENL;Imóvel Selado;Enlevo
ENL0160034A;ENL;Imóvel Selado;Enlevo
ENL0160035A;ENL;Imóvel Selado;Enlevo
ENL0160035B;ENL;Imóvel Selado;Enlevo
ENL0160036A;ENL;Imóvel Selado;Enlevo
ENL0160037A;ENL;Imóvel Selado;Enlevo
ENL0160037B;ENL;Imóvel Selado;Enlevo
ENL0160037C;ENL;Imóvel Selado;Enlevo
ENL0160037D;ENL;Imóvel Selado;Enlevo
ENL0160038A;ENL;Imóvel Selado;Enlevo
ENL0160039A;ENL;Imóvel Selado;Enlevo
ENL0160040A;ENL;Imóvel Selado;Enlevo
ENL0160041A;ENL;Imóvel Selado;Enlevo
ENL0160042A;ENL;Imóvel Selado;Enlevo
ENL0160042B;ENL;Imóvel Selado;Enlevo
ENL0160043A;ENL;Imóvel Selado;Enlevo
ENL0160044A;ENL;Imóvel Selado;Enlevo
ENL0160045A;ENL;Imóvel Selado;Enlevo
ENL0160046A;ENL;Imóvel Selado;Enlevo
ENL0160047A;ENL;Imóvel Selado;Enlevo
ENL0160048A;ENL;Imóvel Selado;Enlevo
ENL0160049A;ENL;Imóvel Selado;Enlevo
ENL0160050A;ENL;Imóvel Selado;Enlevo
ENL0160051A;ENL;Imóvel Selado;Enlevo
ENL0160052A;ENL;Imóvel Selado;Enlevo
ENL0160053A;ENL;Imóvel Selado;Enlevo
ENL0160053B;ENL;Imóvel Selado;Enlevo
ENL0160054A;ENL;Imóvel Selado;Enlevo
ENL0160054B;ENL;Imóvel Selado;Enlevo
ENL0160055A;ENL;Imóvel Selado;Enlevo
ENL0160056A;ENL;Imóvel Selado;Enlevo
ENL0160056B;ENL;Imóvel Selado;Enlevo
ENL0160057A;ENL;Imóvel Selado;Enlevo
ENL0160058A;ENL;Imóvel Selado;Enlevo
ENL0160058B;ENL;Imóvel Selado;Enlevo
ENL0160058C;ENL;Imóvel Selado;Enlevo
ENL0160059A;ENL;Imóvel Selado;Enlevo
ENL0160059B;ENL;Imóvel Selado;Enlevo
ENL0160060A;ENL;Imóvel Selado;Enlevo
ENL0160061A;ENL;Imóvel Selado;Enlevo
ENL0160062A;ENL;Imóvel Selado;Enlevo
ENL0160063A;ENL;Imóvel Selado;Enlevo
ENL0160064A;ENL;Imóvel Selado;Enlevo
ENL0010019A;ENL;Removido;Enlevo
JAR0010001A;JAR;Imóvel Selado;Jararaú
JAR0010001B;JAR;Imóvel Selado;Jararaú
JAR0010001C;JAR;Imóvel Selado;Jararaú
JAR0010001D;JAR;Imóvel Selado;Jararaú
JAR0010001E;JAR;Imóvel Selado;Jararaú
JAR0010001F;JAR;Imóvel Selado;Jararaú
JAR0010001G;JAR;Imóvel Selado;Jararaú
JAR0010001H;JAR;Imóvel Selado;Jararaú
JAR0010001I;JAR;Imóvel Selado;Jararaú
JAR0010001J;JAR;Imóvel Selado;Jararaú
JAR0010001K;JAR;Imóvel Selado;Jararaú
JAR0010002A;JAR;Imóvel Selado;Jararaú
JAR0010003A;JAR;Imóvel Selado;Jararaú
JAR0010003B;JAR;Imóvel Selado;Jararaú
JAR0010003C;JAR;Imóvel Selado;Jararaú
JAR0010003D;JAR;Imóvel Selado;Jararaú
JAR0010004A;JAR;Imóvel Selado;Jararaú
JAR0010004B;JAR;Imóvel Selado;Jararaú
JAR0010004C;JAR;Imóvel Selado;Jararaú
JAR0010005A;JAR;Imóvel Selado;Jararaú
JAR0010005B;JAR;Imóvel Selado;Jararaú
JAR0010005C;JAR;Imóvel Selado;Jararaú
JAR0010006A;JAR;Imóvel Selado;Jararaú
JAR0010006B;JAR;Imóvel Selado;Jararaú
JAR0010007A;JAR;Imóvel Selado;Jararaú
JAR0010008A;JAR;Imóvel Selado;Jararaú
JAR0010009A;JAR;Imóvel Selado;Jararaú
JAR0010010A;JAR;Imóvel Selado;Jararaú
JAR0010011A;JAR;Imóvel Selado;Jararaú
JAR0010012A;JAR;Imóvel Selado;Jararaú
JAR0010013A;JAR;Imóvel Selado;Jararaú
JAR0010014A;JAR;Imóvel Selado;Jararaú
JAR0010014B;JAR;Imóvel Selado;Jararaú
JAR0010014C;JAR;Imóvel Selado;Jararaú
JAR0010015A;JAR;Imóvel Selado;Jararaú
JAR0010015B;JAR;Imóvel Selado;Jararaú
JAR0010016A;JAR;Imóvel Selado;Jararaú
JAR0010017A;JAR;Imóvel Selado;Jararaú
JAR0010018A;JAR;Imóvel Selado;Jararaú
JAR0020001A;JAR;Imóvel Selado;Jararaú
JAR0020002A;JAR;Imóvel Selado;Jararaú
JAR0020003A;JAR;Imóvel Selado;Jararaú
JAR0020003B;JAR;Imóvel Selado;Jararaú
JAR0020003C;JAR;Imóvel Selado;Jararaú
JAR0020004A;JAR;Imóvel Selado;Jararaú
JAR0020004B;JAR;Imóvel Selado;Jararaú
JAR0020005A;JAR;Imóvel Selado;Jararaú
JAR0020006A;JAR;Imóvel Selado;Jararaú
JAR0020006B;JAR;Imóvel Selado;Jararaú
JAR0020007A;JAR;Imóvel Selado;Jararaú
JAR0020007B;JAR;Imóvel Selado;Jararaú
JAR0020007C;JAR;Imóvel Selado;Jararaú
JAR0020007D;JAR;Imóvel Selado;Jararaú
JAR0020008A;JAR;Imóvel Selado;Jararaú
JAR0020008B;JAR;Imóvel Selado;Jararaú
JAR0020008C;JAR;Imóvel Selado;Jararaú
JAR0020008D;JAR;Imóvel Selado;Jararaú
JAR0020008E;JAR;Imóvel Selado;Jararaú
JAR0020009A;JAR;Imóvel Selado;Jararaú
JAR0020009B;JAR;Imóvel Selado;Jararaú
JAR0020009C;JAR;Imóvel Selado;Jararaú
JAR0020009D;JAR;Imóvel Selado;Jararaú
JAR0020010A;JAR;Imóvel Selado;Jararaú
JAR0020010B;JAR;Imóvel Selado;Jararaú
JAR0020010C;JAR;Imóvel Selado;Jararaú
JAR0020010D;JAR;Imóvel Selado;Jararaú
JAR0020011A;JAR;Imóvel Selado;Jararaú
JAR0020011B;JAR;Imóvel Selado;Jararaú
JAR0020011C;JAR;Imóvel Selado;Jararaú
JAR0020012A;JAR;Imóvel Selado;Jararaú
JAR0020013A;JAR;Imóvel Selado;Jararaú
JAR0020014A;JAR;Imóvel Selado;Jararaú
JAR0020015A;JAR;Imóvel Selado;Jararaú
JAR0020016A;JAR;Imóvel Selado;Jararaú
JAR0020017A;JAR;Imóvel Selado;Jararaú
JAR0020017B;JAR;Imóvel Selado;Jararaú
JAR0020017C;JAR;Imóvel Selado;Jararaú
JAR0020017D;JAR;Imóvel Selado;Jararaú
JAR0020018A;JAR;Imóvel Selado;Jararaú
JAR0020018B;JAR;Imóvel Selado;Jararaú
JAR0020018C;JAR;Imóvel Selado;Jararaú
JAR0020019A;JAR;Imóvel Selado;Jararaú
JAR0020020A;JAR;Imóvel Selado;Jararaú
JAR0020021A;JAR;Imóvel Selado;Jararaú
JAR0020022A;JAR;Imóvel Selado;Jararaú
JAR0020023A;JAR;Imóvel Selado;Jararaú
JAR0020023B;JAR;Imóvel Selado;Jararaú
JAR0020023C;JAR;Imóvel Selado;Jararaú
JAR0020024A;JAR;Imóvel Selado;Jararaú
JAR0020024B;JAR;Imóvel Selado;Jararaú
JAR0020025A;JAR;Imóvel Selado;Jararaú
JAR0020025B;JAR;Imóvel Selado;Jararaú
JAR0020025C;JAR;Imóvel Selado;Jararaú
JAR0020025D;JAR;Imóvel Selado;Jararaú
JAR0020026A;JAR;Imóvel Selado;Jararaú
JAR0020027A;JAR;Imóvel Selado;Jararaú
JAR0020027B;JAR;Imóvel Selado;Jararaú
JAR0020027C;JAR;Imóvel Selado;Jararaú
JAR0020027D;JAR;Imóvel Selado;Jararaú
JAR0020027E;JAR;Imóvel Selado;Jararaú
JAR0020027F;JAR;Imóvel Selado;Jararaú
JAR0020027G;JAR;Imóvel Selado;Jararaú
JAR0020028A;JAR;Imóvel Selado;Jararaú
JAR0020029A;JAR;Imóvel Selado;Jararaú
JAR0020030A;JAR;Imóvel Selado;Jararaú
JAR0020031A;JAR;Imóvel Selado;Jararaú
JAR0020031B;JAR;Imóvel Selado;Jararaú
JAR0020031C;JAR;Imóvel Selado;Jararaú
JAR0020031D;JAR;Imóvel Selado;Jararaú
JAR0020031E;JAR;Imóvel Selado;Jararaú
JAR0020031F;JAR;Imóvel Selado;Jararaú
JAR0020031G;JAR;Imóvel Selado;Jararaú
JAR0020031H;JAR;Imóvel Selado;Jararaú
JAR0020031I;JAR;Imóvel Selado;Jararaú
JAR0020031J;JAR;Imóvel Selado;Jararaú
JAR0020032A;JAR;Imóvel Selado;Jararaú
JAR0020033A;JAR;Imóvel Selado;Jararaú
JAR0020034A;JAR;Imóvel Selado;Jararaú
JAR0020034B;JAR;Imóvel Selado;Jararaú
JAR0020034C;JAR;Imóvel Selado;Jararaú
JAR0020035A;JAR;Imóvel Selado;Jararaú
JAR0020036A;JAR;Imóvel Selado;Jararaú
JAR0020036B;JAR;Imóvel Selado;Jararaú
JAR0020036C;JAR;Imóvel Selado;Jararaú
JAR0020036D;JAR;Imóvel Selado;Jararaú
JAR0020036E;JAR;Imóvel Selado;Jararaú
JAR0020037A;JAR;Imóvel Selado;Jararaú
JAR0020037B;JAR;Imóvel Selado;Jararaú
JAR0020038A;JAR;Imóvel Selado;Jararaú
JAR0020038B;JAR;Imóvel Selado;Jararaú
JAR0020038C;JAR;Imóvel Selado;Jararaú
JAR0020038D;JAR;Imóvel Selado;Jararaú
JAR0020038E;JAR;Imóvel Selado;Jararaú
JAR0020039A;JAR;Imóvel Selado;Jararaú
JAR0020039B;JAR;Imóvel Selado;Jararaú
JAR0020040A;JAR;Imóvel Selado;Jararaú
JAR0020041A;JAR;Imóvel Selado;Jararaú
JAR0020042A;JAR;Imóvel Selado;Jararaú
JAR0020042B;JAR;Imóvel Selado;Jararaú
JAR0020043A;JAR;Imóvel Selado;Jararaú
JAR0020044A;JAR;Imóvel Selado;Jararaú
JAR0020045A;JAR;Imóvel Selado;Jararaú
JAR0020045B;JAR;Imóvel Selado;Jararaú
JAR0020045C;JAR;Imóvel Selado;Jararaú
JAR0020046A;JAR;Imóvel Selado;Jararaú
JAR0020047A;JAR;Imóvel Selado;Jararaú
JAR0020048A;JAR;Imóvel Selado;Jararaú
JAR0020048B;JAR;Imóvel Selado;Jararaú
JAR0020049A;JAR;Imóvel Selado;Jararaú
JAR0020050A;JAR;Imóvel Selado;Jararaú
JAR0020050B;JAR;Imóvel Selado;Jararaú
JAR0020050C;JAR;Imóvel Selado;Jararaú
JAR0020051A;JAR;Imóvel Selado;Jararaú
JAR0020052A;JAR;Imóvel Selado;Jararaú
JAR0020053A;JAR;Imóvel Selado;Jararaú
JAR0030001A;JAR;Imóvel Selado;Jararaú
JAR0030002A;JAR;Imóvel Selado;Jararaú
JAR0030003A;JAR;Imóvel Selado;Jararaú
JAR0030003B;JAR;Imóvel Selado;Jararaú
JAR0030004A;JAR;Imóvel Selado;Jararaú
JAR0030005A;JAR;Imóvel Selado;Jararaú
JAR0030005B;JAR;Imóvel Selado;Jararaú
JAR0030008A;JAR;Imóvel Selado;Jararaú
JAR0030009A;JAR;Imóvel Selado;Jararaú
JAR0030009B;JAR;Imóvel Selado;Jararaú
JAR0030009C;JAR;Imóvel Selado;Jararaú
JAR0030009D;JAR;Imóvel Selado;Jararaú
JAR0030010A;JAR;Imóvel Selado;Jararaú
JAR0030010B;JAR;Imóvel Selado;Jararaú
JAR0030011A;JAR;Imóvel Selado;Jararaú
JAR0030011B;JAR;Imóvel Selado;Jararaú
JAR0030011C;JAR;Imóvel Selado;Jararaú
JAR0030011D;JAR;Imóvel Selado;Jararaú
JAR0030011E;JAR;Imóvel Selado;Jararaú
JAR0030011F;JAR;Imóvel Selado;Jararaú
JAR0030011G;JAR;Imóvel Selado;Jararaú
JAR0030011H;JAR;Imóvel Selado;Jararaú
JAR0030011I;JAR;Imóvel Selado;Jararaú
JAR0030011J;JAR;Imóvel Selado;Jararaú
JAR0030012A;JAR;Imóvel Selado;Jararaú
JAR0030012B;JAR;Imóvel Selado;Jararaú
JAR0030013A;JAR;Imóvel Selado;Jararaú
JAR0030013B;JAR;Imóvel Selado;Jararaú
JAR0030013C;JAR;Imóvel Selado;Jararaú
JAR0030014A;JAR;Imóvel Selado;Jararaú
JAR0030014B;JAR;Imóvel Selado;Jararaú
JAR0030014C;JAR;Imóvel Selado;Jararaú
JAR0030014D;JAR;Imóvel Selado;Jararaú
JAR0030015A;JAR;Imóvel Selado;Jararaú
JAR0030015B;JAR;Imóvel Selado;Jararaú
JAR0030015C;JAR;Imóvel Selado;Jararaú
JAR0030016A;JAR;Imóvel Selado;Jararaú
JAR0030016B;JAR;Imóvel Selado;Jararaú
JAR0030017A;JAR;Imóvel Selado;Jararaú
JAR0030017B;JAR;Imóvel Selado;Jararaú
JAR0030018A;JAR;Imóvel Selado;Jararaú
JAR0030019A;JAR;Imóvel Selado;Jararaú
JAR0030019B;JAR;Imóvel Selado;Jararaú
JAR0030020A;JAR;Imóvel Selado;Jararaú
JAR0030020B;JAR;Imóvel Selado;Jararaú
JAR0030021A;JAR;Imóvel Selado;Jararaú
JAR0030022A;JAR;Imóvel Selado;Jararaú
JAR0030023A;JAR;Imóvel Selado;Jararaú
JAR0030023B;JAR;Imóvel Selado;Jararaú
JAR0030024A;JAR;Imóvel Selado;Jararaú
JAR0030025A;JAR;Imóvel Selado;Jararaú
JAR0030026A;JAR;Imóvel Selado;Jararaú
JAR0030027A;JAR;Imóvel Selado;Jararaú
JAR0030028A;JAR;Imóvel Selado;Jararaú
JAR0030028B;JAR;Imóvel Selado;Jararaú
JAR0030028C;JAR;Imóvel Selado;Jararaú
JAR0030028D;JAR;Imóvel Selado;Jararaú
JAR0030028E;JAR;Imóvel Selado;Jararaú
JAR0030029A;JAR;Imóvel Selado;Jararaú
JAR0030030A;JAR;Imóvel Selado;Jararaú
JAR0030031A;JAR;Imóvel Selado;Jararaú
JAR0030032A;JAR;Imóvel Selado;Jararaú
JAR0030033A;JAR;Imóvel Selado;Jararaú
JAR0030034A;JAR;Imóvel Selado;Jararaú
JAR0030035A;JAR;Imóvel Selado;Jararaú
JAR0030035B;JAR;Imóvel Selado;Jararaú
JAR0030036A;JAR;Imóvel Selado;Jararaú
JAR0030036B;JAR;Imóvel Selado;Jararaú
JAR0030037A;JAR;Imóvel Selado;Jararaú
JAR0030037B;JAR;Imóvel Selado;Jararaú
JAR0030037C;JAR;Imóvel Selado;Jararaú
JAR0030038A;JAR;Imóvel Selado;Jararaú
JAR0030039A;JAR;Imóvel Selado;Jararaú
JAR0030040A;JAR;Imóvel Selado;Jararaú
JAR0030041A;JAR;Imóvel Selado;Jararaú
JAR0030041B;JAR;Imóvel Selado;Jararaú
JAR0030042A;JAR;Imóvel Selado;Jararaú
JAR0030043A;JAR;Imóvel Selado;Jararaú
JAR0030044A;JAR;Imóvel Selado;Jararaú
JAR0030045A;JAR;Imóvel Selado;Jararaú
JAR0030046A;JAR;Imóvel Selado;Jararaú
JAR0030046B;JAR;Imóvel Selado;Jararaú
JAR0030048A;JAR;Imóvel Selado;Jararaú
JAR0030048B;JAR;Imóvel Selado;Jararaú
JAR0030048C;JAR;Imóvel Selado;Jararaú
JAR0030049A;JAR;Imóvel Selado;Jararaú
JAR0030050A;JAR;Imóvel Selado;Jararaú
JAR0030051A;JAR;Imóvel Selado;Jararaú
JAR0030051B;JAR;Imóvel Selado;Jararaú
JAR0030051C;JAR;Imóvel Selado;Jararaú
JAR0030052A;JAR;Imóvel Selado;Jararaú
JAR0030053A;JAR;Imóvel Selado;Jararaú
JAR0030054A;JAR;Imóvel Selado;Jararaú
JAR0030055A;JAR;Imóvel Selado;Jararaú
JAR0030055B;JAR;Imóvel Selado;Jararaú
JAR0030056A;JAR;Imóvel Selado;Jararaú
JAR0030057A;JAR;Imóvel Selado;Jararaú
JAR0030057B;JAR;Imóvel Selado;Jararaú
JAR0030057C;JAR;Imóvel Selado;Jararaú
JAR0030058A;JAR;Imóvel Selado;Jararaú
JAR0030058B;JAR;Imóvel Selado;Jararaú
JAR0030059A;JAR;Imóvel Selado;Jararaú
JAR0030060A;JAR;Imóvel Selado;Jararaú
JAR0030060B;JAR;Imóvel Selado;Jararaú
JAR0030061A;JAR;Imóvel Selado;Jararaú
JAR0030062A;JAR;Imóvel Selado;Jararaú
JAR0030063A;JAR;Imóvel Selado;Jararaú
JAR0030063B;JAR;Imóvel Selado;Jararaú
JAR0030064A;JAR;Imóvel Selado;Jararaú
JAR0030065A;JAR;Imóvel Selado;Jararaú
JAR0030066A;JAR;Imóvel Selado;Jararaú
JAR0030066B;JAR;Imóvel Selado;Jararaú
JAR0030067A;JAR;Imóvel Selado;Jararaú
JAR0030068A;JAR;Imóvel Selado;Jararaú
JAR0030068B;JAR;Imóvel Selado;Jararaú
JAR0030068C;JAR;Imóvel Selado;Jararaú
JAR0030069A;JAR;Imóvel Selado;Jararaú
JAR0030070A;JAR;Imóvel Selado;Jararaú
JAR0030070B;JAR;Imóvel Selado;Jararaú
JAR0030070C;JAR;Imóvel Selado;Jararaú
JAR0030071A;JAR;Imóvel Selado;Jararaú
JAR0030072A;JAR;Imóvel Selado;Jararaú
JAR0030072B;JAR;Imóvel Selado;Jararaú
JAR0030073A;JAR;Imóvel Selado;Jararaú
JAR0030073B;JAR;Imóvel Selado;Jararaú
JAR0030074A;JAR;Imóvel Selado;Jararaú
JAR0030074B;JAR;Imóvel Selado;Jararaú
JAR0030075A;JAR;Imóvel Selado;Jararaú
JAR0030077A;JAR;Imóvel Selado;Jararaú
JAR0030078A;JAR;Imóvel Selado;Jararaú
JAR0030079A;JAR;Imóvel Selado;Jararaú
JAR0030080A;JAR;Imóvel Selado;Jararaú
JAR0030081A;JAR;Imóvel Selado;Jararaú
JAR0030082A;JAR;Imóvel Selado;Jararaú
JAR0030083A;JAR;Imóvel Selado;Jararaú
JAR0030084A;JAR;Imóvel Selado;Jararaú
JAR0030006A;JAR;Frente De Obras;Jararaú
JAR0030006B;JAR;Frente De Obras;Jararaú
JAR0030007A;JAR;Frente De Obras;Jararaú
JAR0030007B;JAR;Frente De Obras;Jararaú
JAR0030047A;JAR;Frente De Obras;Jararaú
JAR0030049B;JAR;Frente De Obras;Jararaú
JAR0030049C;JAR;Frente De Obras;Jararaú
JAR0030076A;JAR;Frente De Obras;Jararaú
JA20010003A;JA2;Imóvel Selado;Jardim Ângela II
JA20010003B;JA2;Imóvel Selado;Jardim Ângela II
JA20010003C;JA2;Imóvel Selado;Jardim Ângela II
JA20010004A;JA2;Imóvel Selado;Jardim Ângela II
JA20010004B;JA2;Imóvel Selado;Jardim Ângela II
JA20010004C;JA2;Imóvel Selado;Jardim Ângela II
JA20010004D;JA2;Imóvel Selado;Jardim Ângela II
JA20010004E;JA2;Imóvel Selado;Jardim Ângela II
JA20010005A;JA2;Imóvel Selado;Jardim Ângela II
JA20010006A;JA2;Imóvel Selado;Jardim Ângela II
JA20010007A;JA2;Imóvel Selado;Jardim Ângela II
JA20010007B;JA2;Imóvel Selado;Jardim Ângela II
JA20010007C;JA2;Imóvel Selado;Jardim Ângela II
JA20010008A;JA2;Imóvel Selado;Jardim Ângela II
JA20010008B;JA2;Imóvel Selado;Jardim Ângela II
JA20010008C;JA2;Imóvel Selado;Jardim Ângela II
JA20010008D;JA2;Imóvel Selado;Jardim Ângela II
JA20010009A;JA2;Imóvel Selado;Jardim Ângela II
JA20010010A;JA2;Imóvel Selado;Jardim Ângela II
JA20010010B;JA2;Imóvel Selado;Jardim Ângela II
JA20010011A;JA2;Imóvel Selado;Jardim Ângela II
JA20010012A;JA2;Imóvel Selado;Jardim Ângela II
JA20010012B;JA2;Imóvel Selado;Jardim Ângela II
JA20010013A;JA2;Imóvel Selado;Jardim Ângela II
JA20010014A;JA2;Imóvel Selado;Jardim Ângela II
JA20010014B;JA2;Imóvel Selado;Jardim Ângela II
JA20010015A;JA2;Imóvel Selado;Jardim Ângela II
JA20010015B;JA2;Imóvel Selado;Jardim Ângela II
JA20010016A;JA2;Imóvel Selado;Jardim Ângela II
JA20010016B;JA2;Imóvel Selado;Jardim Ângela II
JA20010017A;JA2;Imóvel Selado;Jardim Ângela II
JA20010017B;JA2;Imóvel Selado;Jardim Ângela II
JA20010017C;JA2;Imóvel Selado;Jardim Ângela II
JA20010017D;JA2;Imóvel Selado;Jardim Ângela II
JA20010018A;JA2;Imóvel Selado;Jardim Ângela II
JA20010043B;JA2;Imóvel Selado;Jardim Ângela II
JA20010044A;JA2;Imóvel Selado;Jardim Ângela II
JA20010044B;JA2;Imóvel Selado;Jardim Ângela II
JA20010044C;JA2;Imóvel Selado;Jardim Ângela II
JA20010045A;JA2;Imóvel Selado;Jardim Ângela II
JA20010045B;JA2;Imóvel Selado;Jardim Ângela II
JA20010045D;JA2;Imóvel Selado;Jardim Ângela II
JA20010046A;JA2;Imóvel Selado;Jardim Ângela II
JA20020001A;JA2;Imóvel Selado;Jardim Ângela II
JA20020001B;JA2;Imóvel Selado;Jardim Ângela II
JA20020002A;JA2;Imóvel Selado;Jardim Ângela II
JA20020003A;JA2;Imóvel Selado;Jardim Ângela II
JA20020003B;JA2;Imóvel Selado;Jardim Ângela II
JA20020003D;JA2;Imóvel Selado;Jardim Ângela II
JA20020014A;JA2;Imóvel Selado;Jardim Ângela II
JA20020014B;JA2;Imóvel Selado;Jardim Ângela II
JA20020014C;JA2;Imóvel Selado;Jardim Ângela II
JA20030001A;JA2;Imóvel Selado;Jardim Ângela II
JA20030001B;JA2;Imóvel Selado;Jardim Ângela II
JA20030001C;JA2;Imóvel Selado;Jardim Ângela II
JA20030001D;JA2;Imóvel Selado;Jardim Ângela II
JA20030001E;JA2;Imóvel Selado;Jardim Ângela II
JA20040001A;JA2;Imóvel Selado;Jardim Ângela II
JA20040002A;JA2;Imóvel Selado;Jardim Ângela II
JA20040002B;JA2;Imóvel Selado;Jardim Ângela II
JA20040058D;JA2;Imóvel Selado;Jardim Ângela II
JA20040058E;JA2;Imóvel Selado;Jardim Ângela II
JA20040058G;JA2;Imóvel Selado;Jardim Ângela II
JA20040058H;JA2;Imóvel Selado;Jardim Ângela II
JA20040058O;JA2;Imóvel Selado;Jardim Ângela II
JA20040058P;JA2;Imóvel Selado;Jardim Ângela II
JA20040058Q;JA2;Imóvel Selado;Jardim Ângela II
JA20040058R;JA2;Imóvel Selado;Jardim Ângela II
JA20040058S;JA2;Imóvel Selado;Jardim Ângela II
JA20040059A;JA2;Imóvel Selado;Jardim Ângela II
JA20040059B;JA2;Imóvel Selado;Jardim Ângela II
JA20040059C;JA2;Imóvel Selado;Jardim Ângela II
JA20040059D;JA2;Imóvel Selado;Jardim Ângela II
JA20040060A;JA2;Imóvel Selado;Jardim Ângela II
JA20040060B;JA2;Imóvel Selado;Jardim Ângela II
JA20040060C;JA2;Imóvel Selado;Jardim Ângela II
JA20040060D;JA2;Imóvel Selado;Jardim Ângela II
JA20040060E;JA2;Imóvel Selado;Jardim Ângela II
JA20040060F;JA2;Imóvel Selado;Jardim Ângela II
JA20040061A;JA2;Imóvel Selado;Jardim Ângela II
JA20040061B;JA2;Imóvel Selado;Jardim Ângela II
JA20040061C;JA2;Imóvel Selado;Jardim Ângela II
JA20040061D;JA2;Imóvel Selado;Jardim Ângela II
JA20040062A;JA2;Imóvel Selado;Jardim Ângela II
JA20040062B;JA2;Imóvel Selado;Jardim Ângela II
JA20040062C;JA2;Imóvel Selado;Jardim Ângela II
JA20040062D;JA2;Imóvel Selado;Jardim Ângela II
JA20040062E;JA2;Imóvel Selado;Jardim Ângela II
JA20040062F;JA2;Imóvel Selado;Jardim Ângela II
JA20040063A;JA2;Imóvel Selado;Jardim Ângela II
JA20040063B;JA2;Imóvel Selado;Jardim Ângela II
JA20040063C;JA2;Imóvel Selado;Jardim Ângela II
JA20040063D;JA2;Imóvel Selado;Jardim Ângela II
JA20040063E;JA2;Imóvel Selado;Jardim Ângela II
JA20040063F;JA2;Imóvel Selado;Jardim Ângela II
JA20040063G;JA2;Imóvel Selado;Jardim Ângela II
JA20040063H;JA2;Imóvel Selado;Jardim Ângela II
JA20040063I;JA2;Imóvel Selado;Jardim Ângela II
JA20040064B;JA2;Imóvel Selado;Jardim Ângela II
JA20040064C;JA2;Imóvel Selado;Jardim Ângela II
JA20040064D;JA2;Imóvel Selado;Jardim Ângela II
JA20040064E;JA2;Imóvel Selado;Jardim Ângela II
JA20040064F;JA2;Imóvel Selado;Jardim Ângela II
JA20040065A;JA2;Imóvel Selado;Jardim Ângela II
JA20040067A;JA2;Imóvel Selado;Jardim Ângela II
JA20040067B;JA2;Imóvel Selado;Jardim Ângela II
JA20040067C;JA2;Imóvel Selado;Jardim Ângela II
JA20040067D;JA2;Imóvel Selado;Jardim Ângela II
JA20040069A;JA2;Imóvel Selado;Jardim Ângela II
JA20040073A;JA2;Imóvel Selado;Jardim Ângela II
JA20040074A;JA2;Imóvel Selado;Jardim Ângela II
JA20040074B;JA2;Imóvel Selado;Jardim Ângela II
JA20040074C;JA2;Imóvel Selado;Jardim Ângela II
JA20040075A;JA2;Imóvel Selado;Jardim Ângela II
JA20040076A;JA2;Imóvel Selado;Jardim Ângela II
JA20040076B;JA2;Imóvel Selado;Jardim Ângela II
JA20040076C;JA2;Imóvel Selado;Jardim Ângela II
JA20040076D;JA2;Imóvel Selado;Jardim Ângela II
JA20040076E;JA2;Imóvel Selado;Jardim Ângela II
JA20040076F;JA2;Imóvel Selado;Jardim Ângela II
JA20040077A;JA2;Imóvel Selado;Jardim Ângela II
JA20040077B;JA2;Imóvel Selado;Jardim Ângela II
JA20040078A;JA2;Imóvel Selado;Jardim Ângela II
JA20040079A;JA2;Imóvel Selado;Jardim Ângela II
JA20040079B;JA2;Imóvel Selado;Jardim Ângela II
JA20040079C;JA2;Imóvel Selado;Jardim Ângela II
JA20040079D;JA2;Imóvel Selado;Jardim Ângela II
JA20040080A;JA2;Imóvel Selado;Jardim Ângela II
JA20040081A;JA2;Imóvel Selado;Jardim Ângela II
JA20040081B;JA2;Imóvel Selado;Jardim Ângela II
JA20040081C;JA2;Imóvel Selado;Jardim Ângela II
JA20040081D;JA2;Imóvel Selado;Jardim Ângela II
JA20040081E;JA2;Imóvel Selado;Jardim Ângela II
JA20040081F;JA2;Imóvel Selado;Jardim Ângela II
JA20040082A;JA2;Imóvel Selado;Jardim Ângela II
JA20040082B;JA2;Imóvel Selado;Jardim Ângela II
JA20040082C;JA2;Imóvel Selado;Jardim Ângela II
JA20040082D;JA2;Imóvel Selado;Jardim Ângela II
JA20040082E;JA2;Imóvel Selado;Jardim Ângela II
JA20040083A;JA2;Imóvel Selado;Jardim Ângela II
JA20040083B;JA2;Imóvel Selado;Jardim Ângela II
JA20040083C;JA2;Imóvel Selado;Jardim Ângela II
JA20040083D;JA2;Imóvel Selado;Jardim Ângela II
JA20040083E;JA2;Imóvel Selado;Jardim Ângela II
JA20040083F;JA2;Imóvel Selado;Jardim Ângela II
JA20050001A;JA2;Imóvel Selado;Jardim Ângela II
JA20050002B;JA2;Imóvel Selado;Jardim Ângela II
JA20050003B;JA2;Imóvel Selado;Jardim Ângela II
JA20050004A;JA2;Imóvel Selado;Jardim Ângela II
JA20050007A;JA2;Imóvel Selado;Jardim Ângela II
JA20050007B;JA2;Imóvel Selado;Jardim Ângela II
JA20050007D;JA2;Imóvel Selado;Jardim Ângela II
JA20050008B;JA2;Imóvel Selado;Jardim Ângela II
JA20050008C;JA2;Imóvel Selado;Jardim Ângela II
JA20050009A;JA2;Imóvel Selado;Jardim Ângela II
JA20050010A;JA2;Imóvel Selado;Jardim Ângela II
JA20050010B;JA2;Imóvel Selado;Jardim Ângela II
JA20050010C;JA2;Imóvel Selado;Jardim Ângela II
JA20050011A;JA2;Imóvel Selado;Jardim Ângela II
JA20050011B;JA2;Imóvel Selado;Jardim Ângela II
JA20050012A;JA2;Imóvel Selado;Jardim Ângela II
JA20050012B;JA2;Imóvel Selado;Jardim Ângela II
JA20050013A;JA2;Imóvel Selado;Jardim Ângela II
JA20050013B;JA2;Imóvel Selado;Jardim Ângela II
JA20050014A;JA2;Imóvel Selado;Jardim Ângela II
JA20050015A;JA2;Imóvel Selado;Jardim Ângela II
JA20050015B;JA2;Imóvel Selado;Jardim Ângela II
JA20050016A;JA2;Imóvel Selado;Jardim Ângela II
JA20050016B;JA2;Imóvel Selado;Jardim Ângela II
JA20050016C;JA2;Imóvel Selado;Jardim Ângela II
JA20050017A;JA2;Imóvel Selado;Jardim Ângela II
JA20050017B;JA2;Imóvel Selado;Jardim Ângela II
JA20050017C;JA2;Imóvel Selado;Jardim Ângela II
JA20050018A;JA2;Imóvel Selado;Jardim Ângela II
JA20050018B;JA2;Imóvel Selado;Jardim Ângela II
JA20050018C;JA2;Imóvel Selado;Jardim Ângela II
JA20050019A;JA2;Imóvel Selado;Jardim Ângela II
JA20050019B;JA2;Imóvel Selado;Jardim Ângela II
JA20050020A;JA2;Imóvel Selado;Jardim Ângela II
JA20050021A;JA2;Imóvel Selado;Jardim Ângela II
JA20050021B;JA2;Imóvel Selado;Jardim Ângela II
JA20050022A;JA2;Imóvel Selado;Jardim Ângela II
JA20050022B;JA2;Imóvel Selado;Jardim Ângela II
JA20050023A;JA2;Imóvel Selado;Jardim Ângela II
JA20050023B;JA2;Imóvel Selado;Jardim Ângela II
JA20050024A;JA2;Imóvel Selado;Jardim Ângela II
JA20050024B;JA2;Imóvel Selado;Jardim Ângela II
JA20050024C;JA2;Imóvel Selado;Jardim Ângela II
JA20050025A;JA2;Imóvel Selado;Jardim Ângela II
JA20050025B;JA2;Imóvel Selado;Jardim Ângela II
JA20050025C;JA2;Imóvel Selado;Jardim Ângela II
JA20050025D;JA2;Imóvel Selado;Jardim Ângela II
JA20050025E;JA2;Imóvel Selado;Jardim Ângela II
JA20050025F;JA2;Imóvel Selado;Jardim Ângela II
JA20050025G;JA2;Imóvel Selado;Jardim Ângela II
JA20050026A;JA2;Imóvel Selado;Jardim Ângela II
JA20050027A;JA2;Imóvel Selado;Jardim Ângela II
JA20050028A;JA2;Imóvel Selado;Jardim Ângela II
JA20050029A;JA2;Imóvel Selado;Jardim Ângela II
JA20050029B;JA2;Imóvel Selado;Jardim Ângela II
JA20050030A;JA2;Imóvel Selado;Jardim Ângela II
JA20050030B;JA2;Imóvel Selado;Jardim Ângela II
JA20050031A;JA2;Imóvel Selado;Jardim Ângela II
JA20050031B;JA2;Imóvel Selado;Jardim Ângela II
JA20050032A;JA2;Imóvel Selado;Jardim Ângela II
JA20050032B;JA2;Imóvel Selado;Jardim Ângela II
JA20050032C;JA2;Imóvel Selado;Jardim Ângela II
JA20050033A;JA2;Imóvel Selado;Jardim Ângela II
JA20050034A;JA2;Imóvel Selado;Jardim Ângela II
JA20050035A;JA2;Imóvel Selado;Jardim Ângela II
JA20050035B;JA2;Imóvel Selado;Jardim Ângela II
JA20050035C;JA2;Imóvel Selado;Jardim Ângela II
JA20050036A;JA2;Imóvel Selado;Jardim Ângela II
JA20050037A;JA2;Imóvel Selado;Jardim Ângela II
JA20050037B;JA2;Imóvel Selado;Jardim Ângela II
JA20050038A;JA2;Imóvel Selado;Jardim Ângela II
JA20050038B;JA2;Imóvel Selado;Jardim Ângela II
JA20050038C;JA2;Imóvel Selado;Jardim Ângela II
JA20050039A;JA2;Imóvel Selado;Jardim Ângela II
JA20050040A;JA2;Imóvel Selado;Jardim Ângela II
JA20050040B;JA2;Imóvel Selado;Jardim Ângela II
JA20050041A;JA2;Imóvel Selado;Jardim Ângela II
JA20050042A;JA2;Imóvel Selado;Jardim Ângela II
JA20050042B;JA2;Imóvel Selado;Jardim Ângela II
JA20050043A;JA2;Imóvel Selado;Jardim Ângela II
JA20050044A;JA2;Imóvel Selado;Jardim Ângela II
JA20050044B;JA2;Imóvel Selado;Jardim Ângela II
JA20050044C;JA2;Imóvel Selado;Jardim Ângela II
JA20050044D;JA2;Imóvel Selado;Jardim Ângela II
JA20050044E;JA2;Imóvel Selado;Jardim Ângela II
JA20050044F;JA2;Imóvel Selado;Jardim Ângela II
JA20050045A;JA2;Imóvel Selado;Jardim Ângela II
JA20050045B;JA2;Imóvel Selado;Jardim Ângela II
JA20050045C;JA2;Imóvel Selado;Jardim Ângela II
JA20050045D;JA2;Imóvel Selado;Jardim Ângela II
JA20050045E;JA2;Imóvel Selado;Jardim Ângela II
JA20050046A;JA2;Imóvel Selado;Jardim Ângela II
JA20050046B;JA2;Imóvel Selado;Jardim Ângela II
JA20050047A;JA2;Imóvel Selado;Jardim Ângela II
JA20050048A;JA2;Imóvel Selado;Jardim Ângela II
JA20050049A;JA2;Imóvel Selado;Jardim Ângela II
JA20050049B;JA2;Imóvel Selado;Jardim Ângela II
JA20050050A;JA2;Imóvel Selado;Jardim Ângela II
JA20050050B;JA2;Imóvel Selado;Jardim Ângela II
JA20050051A;JA2;Imóvel Selado;Jardim Ângela II
JA20050051B;JA2;Imóvel Selado;Jardim Ângela II
JA20050051C;JA2;Imóvel Selado;Jardim Ângela II
JA20050051D;JA2;Imóvel Selado;Jardim Ângela II
JA20050052A;JA2;Imóvel Selado;Jardim Ângela II
JA20050052B;JA2;Imóvel Selado;Jardim Ângela II
JA20050052C;JA2;Imóvel Selado;Jardim Ângela II
JA20050053A;JA2;Imóvel Selado;Jardim Ângela II
JA20050053B;JA2;Imóvel Selado;Jardim Ângela II
JA20050053C;JA2;Imóvel Selado;Jardim Ângela II
JA20050053D;JA2;Imóvel Selado;Jardim Ângela II
JA20050054A;JA2;Imóvel Selado;Jardim Ângela II
JA20050054B;JA2;Imóvel Selado;Jardim Ângela II
JA20050054C;JA2;Imóvel Selado;Jardim Ângela II
JA20050055A;JA2;Imóvel Selado;Jardim Ângela II
JA20010002A;JA2;Em Tratativas;Jardim Ângela II
JA20010002B;JA2;Em Tratativas;Jardim Ângela II
JA20010002C;JA2;Em Tratativas;Jardim Ângela II
JA20010012C;JA2;Em Tratativas;Jardim Ângela II
JA20010045C;JA2;Em Tratativas;Jardim Ângela II
JA20010045E;JA2;Em Tratativas;Jardim Ângela II
JA20010045F;JA2;Em Tratativas;Jardim Ângela II
JA20010045G;JA2;Em Tratativas;Jardim Ângela II
JA20040058A;JA2;Em Tratativas;Jardim Ângela II
JA20040058B;JA2;Em Tratativas;Jardim Ângela II
JA20040058C;JA2;Em Tratativas;Jardim Ângela II
JA20040058F;JA2;Em Tratativas;Jardim Ângela II
JA20040064A;JA2;Em Tratativas;Jardim Ângela II
JA20040064G;JA2;Em Tratativas;Jardim Ângela II
JA20040066A;JA2;Em Tratativas;Jardim Ângela II
JA20040068A;JA2;Em Tratativas;Jardim Ângela II
JA20040068B;JA2;Em Tratativas;Jardim Ângela II
JA20040068C;JA2;Em Tratativas;Jardim Ângela II
JA20040068D;JA2;Em Tratativas;Jardim Ângela II
JA20040069B;JA2;Em Tratativas;Jardim Ângela II
JA20040070A;JA2;Em Tratativas;Jardim Ângela II
JA20040071A;JA2;Em Tratativas;Jardim Ângela II
JA20040071B;JA2;Em Tratativas;Jardim Ângela II
JA20010001A;JA2;Removido;Jardim Ângela II
JA20010001B;JA2;Removido;Jardim Ângela II
JA20010001C;JA2;Removido;Jardim Ângela II
JA20010002D;JA2;Removido;Jardim Ângela II
JA20010004F;JA2;Removido;Jardim Ângela II
JA20010007D;JA2;Removido;Jardim Ângela II
JA20010008E;JA2;Removido;Jardim Ângela II
JA20010009B;JA2;Removido;Jardim Ângela II
JA20010010C;JA2;Removido;Jardim Ângela II
JA20010011B;JA2;Removido;Jardim Ângela II
JA20010012D;JA2;Removido;Jardim Ângela II
JA20010013B;JA2;Removido;Jardim Ângela II
JA20010014C;JA2;Removido;Jardim Ângela II
JA20010015C;JA2;Removido;Jardim Ângela II
JA20010016C;JA2;Removido;Jardim Ângela II
JA20010017E;JA2;Removido;Jardim Ângela II
JA20010018B;JA2;Removido;Jardim Ângela II
JA20010019A;JA2;Removido;Jardim Ângela II
JA20010019B;JA2;Removido;Jardim Ângela II
JA20010020A;JA2;Removido;Jardim Ângela II
JA20010021A;JA2;Removido;Jardim Ângela II
JA20010022A;JA2;Removido;Jardim Ângela II
JA20010023A;JA2;Removido;Jardim Ângela II
JA20010024A;JA2;Removido;Jardim Ângela II
JA20010024B;JA2;Removido;Jardim Ângela II
JA20010025A;JA2;Removido;Jardim Ângela II
JA20010026A;JA2;Removido;Jardim Ângela II
JA20010026B;JA2;Removido;Jardim Ângela II
JA20010027A;JA2;Removido;Jardim Ângela II
JA20010028A;JA2;Removido;Jardim Ângela II
JA20010029A;JA2;Removido;Jardim Ângela II
JA20010030A;JA2;Removido;Jardim Ângela II
JA20010030B;JA2;Removido;Jardim Ângela II
JA20010031A;JA2;Removido;Jardim Ângela II
JA20010032A;JA2;Removido;Jardim Ângela II
JA20010032B;JA2;Removido;Jardim Ângela II
JA20010033A;JA2;Removido;Jardim Ângela II
JA20010033B;JA2;Removido;Jardim Ângela II
JA20010034A;JA2;Removido;Jardim Ângela II
JA20010034B;JA2;Removido;Jardim Ângela II
JA20010034C;JA2;Removido;Jardim Ângela II
JA20010035A;JA2;Removido;Jardim Ângela II
JA20010036A;JA2;Removido;Jardim Ângela II
JA20010037A;JA2;Removido;Jardim Ângela II
JA20010038A;JA2;Removido;Jardim Ângela II
JA20010038B;JA2;Removido;Jardim Ângela II
JA20010039A;JA2;Removido;Jardim Ângela II
JA20010039B;JA2;Removido;Jardim Ângela II
JA20010039C;JA2;Removido;Jardim Ângela II
JA20010039D;JA2;Removido;Jardim Ângela II
JA20010040A;JA2;Removido;Jardim Ângela II
JA20010040B;JA2;Removido;Jardim Ângela II
JA20010041A;JA2;Removido;Jardim Ângela II
JA20010041B;JA2;Removido;Jardim Ângela II
JA20010041C;JA2;Removido;Jardim Ângela II
JA20010042A;JA2;Removido;Jardim Ângela II
JA20010043A;JA2;Removido;Jardim Ângela II
JA20020003C;JA2;Removido;Jardim Ângela II
JA20020004A;JA2;Removido;Jardim Ângela II
JA20020004B;JA2;Removido;Jardim Ângela II
JA20020005A;JA2;Removido;Jardim Ângela II
JA20020005B;JA2;Removido;Jardim Ângela II
JA20020005C;JA2;Removido;Jardim Ângela II
JA20020006A;JA2;Removido;Jardim Ângela II
JA20020006B;JA2;Removido;Jardim Ângela II
JA20020007A;JA2;Removido;Jardim Ângela II
JA20020007B;JA2;Removido;Jardim Ângela II
JA20020008A;JA2;Removido;Jardim Ângela II
JA20020008B;JA2;Removido;Jardim Ângela II
JA20020009A;JA2;Removido;Jardim Ângela II
JA20020009B;JA2;Removido;Jardim Ângela II
JA20020010A;JA2;Removido;Jardim Ângela II
JA20020010B;JA2;Removido;Jardim Ângela II
JA20020011A;JA2;Removido;Jardim Ângela II
JA20020011B;JA2;Removido;Jardim Ângela II
JA20020012A;JA2;Removido;Jardim Ângela II
JA20020013A;JA2;Removido;Jardim Ângela II
JA20020013B;JA2;Removido;Jardim Ângela II
JA20030002A;JA2;Removido;Jardim Ângela II
JA20030002B;JA2;Removido;Jardim Ângela II
JA20030002C;JA2;Removido;Jardim Ângela II
JA20030002D;JA2;Removido;Jardim Ângela II
JA20030003A;JA2;Removido;Jardim Ângela II
JA20030003B;JA2;Removido;Jardim Ângela II
JA20030003C;JA2;Removido;Jardim Ângela II
JA20030003D;JA2;Removido;Jardim Ângela II
JA20030003E;JA2;Removido;Jardim Ângela II
JA20030003F;JA2;Removido;Jardim Ângela II
JA20030004A;JA2;Removido;Jardim Ângela II
JA20030004B;JA2;Removido;Jardim Ângela II
JA20030005A;JA2;Removido;Jardim Ângela II
JA20030005B;JA2;Removido;Jardim Ângela II
JA20030005C;JA2;Removido;Jardim Ângela II
JA20030006A;JA2;Removido;Jardim Ângela II
JA20030006B;JA2;Removido;Jardim Ângela II
JA20030007A;JA2;Removido;Jardim Ângela II
JA20030008A;JA2;Removido;Jardim Ângela II
JA20030009A;JA2;Removido;Jardim Ângela II
JA20030009B;JA2;Removido;Jardim Ângela II
JA20030010A;JA2;Removido;Jardim Ângela II
JA20030011A;JA2;Removido;Jardim Ângela II
JA20030011B;JA2;Removido;Jardim Ângela II
JA20030012A;JA2;Removido;Jardim Ângela II
JA20030013A;JA2;Removido;Jardim Ângela II
JA20030014A;JA2;Removido;Jardim Ângela II
JA20030014B;JA2;Removido;Jardim Ângela II
JA20030015A;JA2;Removido;Jardim Ângela II
JA20030015B;JA2;Removido;Jardim Ângela II
JA20030016A;JA2;Removido;Jardim Ângela II
JA20030017A;JA2;Removido;Jardim Ângela II
JA20030018A;JA2;Removido;Jardim Ângela II
JA20030019A;JA2;Removido;Jardim Ângela II
JA20030020A;JA2;Removido;Jardim Ângela II
JA20040001B;JA2;Removido;Jardim Ângela II
JA20040002C;JA2;Removido;Jardim Ângela II
JA20040002D;JA2;Removido;Jardim Ângela II
JA20040003A;JA2;Removido;Jardim Ângela II
JA20040003B;JA2;Removido;Jardim Ângela II
JA20040003C;JA2;Removido;Jardim Ângela II
JA20040004A;JA2;Removido;Jardim Ângela II
JA20040004B;JA2;Removido;Jardim Ângela II
JA20040004B;JA2;Removido;Jardim Ângela II
JA20040005A;JA2;Removido;Jardim Ângela II
JA20040005B;JA2;Removido;Jardim Ângela II
JA20040005C;JA2;Removido;Jardim Ângela II
JA20040005D;JA2;Removido;Jardim Ângela II
JA20040005E;JA2;Removido;Jardim Ângela II
JA20040006A;JA2;Removido;Jardim Ângela II
JA20040006B;JA2;Removido;Jardim Ângela II
JA20040007A;JA2;Removido;Jardim Ângela II
JA20040007B;JA2;Removido;Jardim Ângela II
JA20040007C;JA2;Removido;Jardim Ângela II
JA20040007D;JA2;Removido;Jardim Ângela II
JA20040008A;JA2;Removido;Jardim Ângela II
JA20040008B;JA2;Removido;Jardim Ângela II
JA20040009A;JA2;Removido;Jardim Ângela II
JA20040009B;JA2;Removido;Jardim Ângela II
JA20040009C;JA2;Removido;Jardim Ângela II
JA20040010A;JA2;Removido;Jardim Ângela II
JA20040010B;JA2;Removido;Jardim Ângela II
JA20040010C;JA2;Removido;Jardim Ângela II
JA20040011A;JA2;Removido;Jardim Ângela II
JA20040011B;JA2;Removido;Jardim Ângela II
JA20040012A;JA2;Removido;Jardim Ângela II
JA20040012B;JA2;Removido;Jardim Ângela II
JA20040012C;JA2;Removido;Jardim Ângela II
JA20040013A;JA2;Removido;Jardim Ângela II
JA20040013B;JA2;Removido;Jardim Ângela II
JA20040013C;JA2;Removido;Jardim Ângela II
JA20040014A;JA2;Removido;Jardim Ângela II
JA20040014B;JA2;Removido;Jardim Ângela II
JA20040014C;JA2;Removido;Jardim Ângela II
JA20040014D;JA2;Removido;Jardim Ângela II
JA20040014E;JA2;Removido;Jardim Ângela II
JA20040015A;JA2;Removido;Jardim Ângela II
JA20040015B;JA2;Removido;Jardim Ângela II
JA20040016A;JA2;Removido;Jardim Ângela II
JA20040017A;JA2;Removido;Jardim Ângela II
JA20040018A;JA2;Removido;Jardim Ângela II
JA20040019A;JA2;Removido;Jardim Ângela II
JA20040020A;JA2;Removido;Jardim Ângela II
JA20040021A;JA2;Removido;Jardim Ângela II
JA20040022A;JA2;Removido;Jardim Ângela II
JA20040022B;JA2;Removido;Jardim Ângela II
JA20040023A;JA2;Removido;Jardim Ângela II
JA20040024A;JA2;Removido;Jardim Ângela II
JA20040025A;JA2;Removido;Jardim Ângela II
JA20040026A;JA2;Removido;Jardim Ângela II
JA20040026B;JA2;Removido;Jardim Ângela II
JA20040027A;JA2;Removido;Jardim Ângela II
JA20040028A;JA2;Removido;Jardim Ângela II
JA20040028B;JA2;Removido;Jardim Ângela II
JA20040029A;JA2;Removido;Jardim Ângela II
JA20040030A;JA2;Removido;Jardim Ângela II
JA20040031A;JA2;Removido;Jardim Ângela II
JA20040032A;JA2;Removido;Jardim Ângela II
JA20040033A;JA2;Removido;Jardim Ângela II
JA20040034A;JA2;Removido;Jardim Ângela II
JA20040035A;JA2;Removido;Jardim Ângela II
JA20040036A;JA2;Removido;Jardim Ângela II
JA20040037A;JA2;Removido;Jardim Ângela II
JA20040038A;JA2;Removido;Jardim Ângela II
JA20040039A;JA2;Removido;Jardim Ângela II
JA20040040A;JA2;Removido;Jardim Ângela II
JA20040041A;JA2;Removido;Jardim Ângela II
JA20040042A;JA2;Removido;Jardim Ângela II
JA20040043A;JA2;Removido;Jardim Ângela II
JA20040043B;JA2;Removido;Jardim Ângela II
JA20040044A;JA2;Removido;Jardim Ângela II
JA20040045A;JA2;Removido;Jardim Ângela II
JA20040046A;JA2;Removido;Jardim Ângela II
JA20040047A;JA2;Removido;Jardim Ângela II
JA20040047B;JA2;Removido;Jardim Ângela II
JA20040048A;JA2;Removido;Jardim Ângela II
JA20040049A;JA2;Removido;Jardim Ângela II
JA20040050A;JA2;Removido;Jardim Ângela II
JA20040051A;JA2;Removido;Jardim Ângela II
JA20040052A;JA2;Removido;Jardim Ângela II
JA20040052B;JA2;Removido;Jardim Ângela II
JA20040053A;JA2;Removido;Jardim Ângela II
JA20040054A;JA2;Removido;Jardim Ângela II
JA20040054B;JA2;Removido;Jardim Ângela II
JA20040055A;JA2;Removido;Jardim Ângela II
JA20040055B;JA2;Removido;Jardim Ângela II
JA20040055C;JA2;Removido;Jardim Ângela II
JA20040056A;JA2;Removido;Jardim Ângela II
JA20040056B;JA2;Removido;Jardim Ângela II
JA20040057A;JA2;Removido;Jardim Ângela II
JA20040057B;JA2;Removido;Jardim Ângela II
JA20040058I;JA2;Removido;Jardim Ângela II
JA20040058J;JA2;Removido;Jardim Ângela II
JA20040058K;JA2;Removido;Jardim Ângela II
JA20040058L;JA2;Removido;Jardim Ângela II
JA20040058M;JA2;Removido;Jardim Ângela II
JA20040058N;JA2;Removido;Jardim Ângela II
JA20040072A;JA2;Removido;Jardim Ângela II
JA20040072B;JA2;Removido;Jardim Ângela II
JA20050002A;JA2;Removido;Jardim Ângela II
JA20050003A;JA2;Removido;Jardim Ângela II
JA20050005A;JA2;Removido;Jardim Ângela II
JA20050005B;JA2;Removido;Jardim Ângela II
JA20050005C;JA2;Removido;Jardim Ângela II
JA20050006A;JA2;Removido;Jardim Ângela II
JA20050007C;JA2;Removido;Jardim Ângela II
JA20050008A;JA2;Removido;Jardim Ângela II
JA20060001A;JA2;Removido;Jardim Ângela II
JA20060001B;JA2;Removido;Jardim Ângela II
JA20060001C;JA2;Removido;Jardim Ângela II
JA20060001D;JA2;Removido;Jardim Ângela II
JA20060001E;JA2;Removido;Jardim Ângela II
JA20060001F;JA2;Removido;Jardim Ângela II
JA20060001G;JA2;Removido;Jardim Ângela II
JA20060001H;JA2;Removido;Jardim Ângela II
JA20060001I;JA2;Removido;Jardim Ângela II
JA20060002A;JA2;Removido;Jardim Ângela II
JA20060003A;JA2;Removido;Jardim Ângela II
LNL0010001A;LNL;Imóvel Selado;Lar Novo Lar
LNL0010001B;LNL;Imóvel Selado;Lar Novo Lar
LNL0010002A;LNL;Imóvel Selado;Lar Novo Lar
LNL0010003A;LNL;Imóvel Selado;Lar Novo Lar
LNL0010004A;LNL;Imóvel Selado;Lar Novo Lar
LNL0010005A;LNL;Imóvel Selado;Lar Novo Lar
LNL0010006A;LNL;Imóvel Selado;Lar Novo Lar
LNL0010008A;LNL;Imóvel Selado;Lar Novo Lar
LNL0010009A;LNL;Imóvel Selado;Lar Novo Lar
LNL0010010A;LNL;Imóvel Selado;Lar Novo Lar
LNL0010011A;LNL;Imóvel Selado;Lar Novo Lar
LNL0010012A;LNL;Imóvel Selado;Lar Novo Lar
LNL0020001A;LNL;Imóvel Selado;Lar Novo Lar
LNL0020002A;LNL;Imóvel Selado;Lar Novo Lar
LNL0020003A;LNL;Imóvel Selado;Lar Novo Lar
LNL0020004A;LNL;Imóvel Selado;Lar Novo Lar
LNL0020005A;LNL;Imóvel Selado;Lar Novo Lar
LNL0020006A;LNL;Imóvel Selado;Lar Novo Lar
LNL0020007A;LNL;Imóvel Selado;Lar Novo Lar
LNL0020008A;LNL;Imóvel Selado;Lar Novo Lar
LNL0020009A;LNL;Imóvel Selado;Lar Novo Lar
LNL0020010A;LNL;Imóvel Selado;Lar Novo Lar
LNL0020011A;LNL;Imóvel Selado;Lar Novo Lar
LNL0020012A;LNL;Imóvel Selado;Lar Novo Lar
LNL0020013A;LNL;Imóvel Selado;Lar Novo Lar
LNL0040001A;LNL;Imóvel Selado;Lar Novo Lar
LNL0040002A;LNL;Imóvel Selado;Lar Novo Lar
LNL0040003A;LNL;Imóvel Selado;Lar Novo Lar
LNL0040004A;LNL;Imóvel Selado;Lar Novo Lar
LNL0040005A;LNL;Imóvel Selado;Lar Novo Lar
LNL0040006A;LNL;Imóvel Selado;Lar Novo Lar
LNL0040007A;LNL;Imóvel Selado;Lar Novo Lar
LNL0040008A;LNL;Imóvel Selado;Lar Novo Lar
LNL0040009A;LNL;Imóvel Selado;Lar Novo Lar
LNL0040009B;LNL;Imóvel Selado;Lar Novo Lar
LNL0040010A;LNL;Imóvel Selado;Lar Novo Lar
LNL0040011A;LNL;Imóvel Selado;Lar Novo Lar
LNL0040012A;LNL;Imóvel Selado;Lar Novo Lar
LNL0040013A;LNL;Imóvel Selado;Lar Novo Lar
LNL0040014A;LNL;Imóvel Selado;Lar Novo Lar
LNL0040015A;LNL;Imóvel Selado;Lar Novo Lar
LNL0040016A;LNL;Imóvel Selado;Lar Novo Lar
LNL0050001A;LNL;Imóvel Selado;Lar Novo Lar
LNL0050002A;LNL;Imóvel Selado;Lar Novo Lar
LNL0050003A;LNL;Imóvel Selado;Lar Novo Lar
LNL0050004A;LNL;Imóvel Selado;Lar Novo Lar
LNL0050005A;LNL;Imóvel Selado;Lar Novo Lar
LNL0050006A;LNL;Imóvel Selado;Lar Novo Lar
LNL0050007A;LNL;Imóvel Selado;Lar Novo Lar
LNL0050008A;LNL;Imóvel Selado;Lar Novo Lar
LNL0050009A;LNL;Imóvel Selado;Lar Novo Lar
LNL0050010A;LNL;Imóvel Selado;Lar Novo Lar
LNL0050011A;LNL;Imóvel Selado;Lar Novo Lar
LNL0050012A;LNL;Imóvel Selado;Lar Novo Lar
LNL0060009A;LNL;Imóvel Selado;Lar Novo Lar
LNL0060010A;LNL;Imóvel Selado;Lar Novo Lar
LNL0060011A;LNL;Imóvel Selado;Lar Novo Lar
LNL0060012A;LNL;Imóvel Selado;Lar Novo Lar
LNL0060013A;LNL;Imóvel Selado;Lar Novo Lar
LNL0060014A;LNL;Imóvel Selado;Lar Novo Lar
LNL0060015A;LNL;Imóvel Selado;Lar Novo Lar
LNL0060016A;LNL;Imóvel Selado;Lar Novo Lar
LNL0060017A;LNL;Imóvel Selado;Lar Novo Lar
LNL0060018A;LNL;Imóvel Selado;Lar Novo Lar
LNL0060019A;LNL;Imóvel Selado;Lar Novo Lar
LNL0060020A;LNL;Imóvel Selado;Lar Novo Lar
LNL0060021A;LNL;Imóvel Selado;Lar Novo Lar
LNL0060022A;LNL;Imóvel Selado;Lar Novo Lar
LNL0060023A;LNL;Imóvel Selado;Lar Novo Lar
LNL0060024A;LNL;Imóvel Selado;Lar Novo Lar
LNL0060025A;LNL;Imóvel Selado;Lar Novo Lar
LNL0060026A;LNL;Imóvel Selado;Lar Novo Lar
LNL0060027A;LNL;Imóvel Selado;Lar Novo Lar
LNL0060028A;LNL;Imóvel Selado;Lar Novo Lar
LNL0060028B;LNL;Imóvel Selado;Lar Novo Lar
LNL0060028C;LNL;Imóvel Selado;Lar Novo Lar
LNL0060029A;LNL;Imóvel Selado;Lar Novo Lar
LNL0060029B;LNL;Imóvel Selado;Lar Novo Lar
LNL0060030A;LNL;Imóvel Selado;Lar Novo Lar
LNL0070001A;LNL;Imóvel Selado;Lar Novo Lar
LNL0070002A;LNL;Imóvel Selado;Lar Novo Lar
LNL0070003A;LNL;Imóvel Selado;Lar Novo Lar
LNL0070004A;LNL;Imóvel Selado;Lar Novo Lar
LNL0070005A;LNL;Imóvel Selado;Lar Novo Lar
LNL0070006A;LNL;Imóvel Selado;Lar Novo Lar
LNL0070007A;LNL;Imóvel Selado;Lar Novo Lar
LNL0070008A;LNL;Imóvel Selado;Lar Novo Lar
LNL0070009A;LNL;Imóvel Selado;Lar Novo Lar
LNL0070010A;LNL;Imóvel Selado;Lar Novo Lar
LNL0070011A;LNL;Imóvel Selado;Lar Novo Lar
LNL0070012A;LNL;Imóvel Selado;Lar Novo Lar
LNL0080001A;LNL;Imóvel Selado;Lar Novo Lar
LNL0080002A;LNL;Imóvel Selado;Lar Novo Lar
LNL0080003A;LNL;Imóvel Selado;Lar Novo Lar
LNL0080004A;LNL;Imóvel Selado;Lar Novo Lar
LNL0080005A;LNL;Imóvel Selado;Lar Novo Lar
LNL0090001A;LNL;Imóvel Selado;Lar Novo Lar
LNL0090002A;LNL;Imóvel Selado;Lar Novo Lar
LNL0090003A;LNL;Imóvel Selado;Lar Novo Lar
LNL0090004A;LNL;Imóvel Selado;Lar Novo Lar
LNL0090005A;LNL;Imóvel Selado;Lar Novo Lar
LNL0090006A;LNL;Imóvel Selado;Lar Novo Lar
LNL0090007A;LNL;Imóvel Selado;Lar Novo Lar
LNL0090008A;LNL;Imóvel Selado;Lar Novo Lar
LNL0090009A;LNL;Imóvel Selado;Lar Novo Lar
LNL0090010A;LNL;Imóvel Selado;Lar Novo Lar
LNL0090010B;LNL;Imóvel Selado;Lar Novo Lar
LNL0090011A;LNL;Imóvel Selado;Lar Novo Lar
LNL0090012A;LNL;Imóvel Selado;Lar Novo Lar
LNL0090013A;LNL;Imóvel Selado;Lar Novo Lar
LNL0090014A;LNL;Imóvel Selado;Lar Novo Lar
LNL0090015A;LNL;Imóvel Selado;Lar Novo Lar
LNL0090016A;LNL;Imóvel Selado;Lar Novo Lar
LNL0090017A;LNL;Imóvel Selado;Lar Novo Lar
LNL0090018A;LNL;Imóvel Selado;Lar Novo Lar
LNL0090019A;LNL;Imóvel Selado;Lar Novo Lar
LNL0100001A;LNL;Imóvel Selado;Lar Novo Lar
LNL0100002A;LNL;Imóvel Selado;Lar Novo Lar
LNL0100003A;LNL;Imóvel Selado;Lar Novo Lar
LNL0100004A;LNL;Imóvel Selado;Lar Novo Lar
LNL0100005A;LNL;Imóvel Selado;Lar Novo Lar
LNL0100006A;LNL;Imóvel Selado;Lar Novo Lar
LNL0100007A;LNL;Imóvel Selado;Lar Novo Lar
LNL0100008A;LNL;Imóvel Selado;Lar Novo Lar
LNL0100009A;LNL;Imóvel Selado;Lar Novo Lar
LNL0100010A;LNL;Imóvel Selado;Lar Novo Lar
LNL0100011A;LNL;Imóvel Selado;Lar Novo Lar
LNL0100011B;LNL;Imóvel Selado;Lar Novo Lar
LNL0100012A;LNL;Imóvel Selado;Lar Novo Lar
LNL0100013A;LNL;Imóvel Selado;Lar Novo Lar
LNL0100014A;LNL;Imóvel Selado;Lar Novo Lar
LNL0100015A;LNL;Imóvel Selado;Lar Novo Lar
LNL0100016A;LNL;Imóvel Selado;Lar Novo Lar
LNL0100017A;LNL;Imóvel Selado;Lar Novo Lar
LNL0100018A;LNL;Imóvel Selado;Lar Novo Lar
LNL0100019A;LNL;Imóvel Selado;Lar Novo Lar
LNL0100020A;LNL;Imóvel Selado;Lar Novo Lar
LNL0100021A;LNL;Imóvel Selado;Lar Novo Lar
LNL0100022A;LNL;Imóvel Selado;Lar Novo Lar
LNL0100022B;LNL;Imóvel Selado;Lar Novo Lar
LNL0100022C;LNL;Imóvel Selado;Lar Novo Lar
LNL0100023A;LNL;Imóvel Selado;Lar Novo Lar
LNL0100024A;LNL;Imóvel Selado;Lar Novo Lar
LNL0100025A;LNL;Imóvel Selado;Lar Novo Lar
LNL0100026A;LNL;Imóvel Selado;Lar Novo Lar
LNL0100027A;LNL;Imóvel Selado;Lar Novo Lar
LNL0100028A;LNL;Imóvel Selado;Lar Novo Lar
LNL0100028B;LNL;Imóvel Selado;Lar Novo Lar
LNL0100028C;LNL;Imóvel Selado;Lar Novo Lar
LNL0100028D;LNL;Imóvel Selado;Lar Novo Lar
LNL0100028E;LNL;Imóvel Selado;Lar Novo Lar
LNL0100029A;LNL;Imóvel Selado;Lar Novo Lar
LNL0100030A;LNL;Imóvel Selado;Lar Novo Lar
LNL0100031A;LNL;Imóvel Selado;Lar Novo Lar
LNL0100032A;LNL;Imóvel Selado;Lar Novo Lar
LNL0100033A;LNL;Imóvel Selado;Lar Novo Lar
LNL0100034A;LNL;Imóvel Selado;Lar Novo Lar
LNL0100035A;LNL;Imóvel Selado;Lar Novo Lar
LNL0100036A;LNL;Imóvel Selado;Lar Novo Lar
LNL0100037A;LNL;Imóvel Selado;Lar Novo Lar
LNL0100037B;LNL;Imóvel Selado;Lar Novo Lar
LNL0100038A;LNL;Imóvel Selado;Lar Novo Lar
LNL0100039A;LNL;Imóvel Selado;Lar Novo Lar
LNL0100040A;LNL;Imóvel Selado;Lar Novo Lar
LNL0100041A;LNL;Imóvel Selado;Lar Novo Lar
LNL0100042A;LNL;Imóvel Selado;Lar Novo Lar
LNL0100043A;LNL;Imóvel Selado;Lar Novo Lar
LNL0100044A;LNL;Imóvel Selado;Lar Novo Lar
LNL0100045A;LNL;Imóvel Selado;Lar Novo Lar
LNL0100046A;LNL;Imóvel Selado;Lar Novo Lar
LNL0100047A;LNL;Imóvel Selado;Lar Novo Lar
LNL0110001A;LNL;Imóvel Selado;Lar Novo Lar
LNL0110002A;LNL;Imóvel Selado;Lar Novo Lar
LNL0110002B;LNL;Imóvel Selado;Lar Novo Lar
LNL0110002C;LNL;Imóvel Selado;Lar Novo Lar
LNL0110003A;LNL;Imóvel Selado;Lar Novo Lar
LNL0110004A;LNL;Imóvel Selado;Lar Novo Lar
LNL0110004B;LNL;Imóvel Selado;Lar Novo Lar
LNL0110005A;LNL;Imóvel Selado;Lar Novo Lar
LNL0110006A;LNL;Imóvel Selado;Lar Novo Lar
LNL0110007A;LNL;Imóvel Selado;Lar Novo Lar
LNL0110008A;LNL;Imóvel Selado;Lar Novo Lar
LNL0110009A;LNL;Imóvel Selado;Lar Novo Lar
LNL0110010A;LNL;Imóvel Selado;Lar Novo Lar
LNL0110011A;LNL;Imóvel Selado;Lar Novo Lar
LNL0110012A;LNL;Imóvel Selado;Lar Novo Lar
LNL0110012B;LNL;Imóvel Selado;Lar Novo Lar
LNL0110013A;LNL;Imóvel Selado;Lar Novo Lar
LNL0110014A;LNL;Imóvel Selado;Lar Novo Lar
LNL0110014B;LNL;Imóvel Selado;Lar Novo Lar
LNL0120001A;LNL;Imóvel Selado;Lar Novo Lar
LNL0120002A;LNL;Imóvel Selado;Lar Novo Lar
LNL0120003A;LNL;Imóvel Selado;Lar Novo Lar
LNL0120004A;LNL;Imóvel Selado;Lar Novo Lar
LNL0130001A;LNL;Imóvel Selado;Lar Novo Lar
LNL0130002A;LNL;Imóvel Selado;Lar Novo Lar
LNL0130002B;LNL;Imóvel Selado;Lar Novo Lar
LNL0130002C;LNL;Imóvel Selado;Lar Novo Lar
LNL0130003A;LNL;Imóvel Selado;Lar Novo Lar
LNL0130004A;LNL;Imóvel Selado;Lar Novo Lar
LNL0030001A;LNL;Removido;Lar Novo Lar
LNL0030001B;LNL;Removido;Lar Novo Lar
LNL0030002B;LNL;Removido;Lar Novo Lar
LNL0030003A;LNL;Removido;Lar Novo Lar
LNL0030004A;LNL;Removido;Lar Novo Lar
LNL0030004B;LNL;Removido;Lar Novo Lar
LNL0030005A;LNL;Removido;Lar Novo Lar
LNL0030005B;LNL;Removido;Lar Novo Lar
LNL0030007A;LNL;Removido;Lar Novo Lar
LNL0030008A;LNL;Removido;Lar Novo Lar
LNL0030009A;LNL;Removido;Lar Novo Lar
LNL0030010A;LNL;Removido;Lar Novo Lar
LNL0030011A;LNL;Removido;Lar Novo Lar
LNL0030012A;LNL;Removido;Lar Novo Lar
LNL0030013A;LNL;Removido;Lar Novo Lar
LNL0030014A;LNL;Removido;Lar Novo Lar
LNL0030015A;LNL;Removido;Lar Novo Lar
LNL0030017A;LNL;Removido;Lar Novo Lar
LNL0030018A;LNL;Removido;Lar Novo Lar
LNL0030018B;LNL;Removido;Lar Novo Lar
LNL0030019A;LNL;Removido;Lar Novo Lar
LNL0030020A;LNL;Removido;Lar Novo Lar
LNL0030021A;LNL;Removido;Lar Novo Lar
LNL0030022A;LNL;Removido;Lar Novo Lar
LNL0030022B;LNL;Removido;Lar Novo Lar
LNL0030023A;LNL;Removido;Lar Novo Lar
LNL0030023B;LNL;Removido;Lar Novo Lar
LNL0060002A;LNL;Removido;Lar Novo Lar
LNL0060005A;LNL;Removido;Lar Novo Lar
LNL0060006A;LNL;Removido;Lar Novo Lar
LNL0060007A;LNL;Removido;Lar Novo Lar
LNL0060008A;LNL;Removido;Lar Novo Lar
LNL0030002A;LNL;Removido;Lar Novo Lar
LNL0030006A;LNL;Removido;Lar Novo Lar
LNL0030016A;LNL;Removido;Lar Novo Lar
LNL0060001A;LNL;Removido;Lar Novo Lar
LNL0060003A;LNL;Removido;Lar Novo Lar
LNL0060004A;LNL;Removido;Lar Novo Lar
LNL0010007A;LNL;Em Tratativas;Lar Novo Lar
